:040000006F10507CB1
:10000400000000000000000090000020C202002058
:10001400A9BDF9F5780300200000000000000000ED
:100024007803002090000020000000000000000081
:10003400900000200000000090000020000000005C
:1000440090000020900000209000002090000020EC
:1000540090000020240800209000002000000000F0
:1000640090000020900000209000002090000020CC
:10007400DE0300209000002090000020900000206B
:1000840090000020900000209000002090000020AC
:1000940001A04111B7170040985F3AC6945F3247F8
:1000A400E39CE6FE324541018280B7F70700011167
:1000B400944B13078008F337078093F787083EC2F1
:1000C4000F100000B71700401308700523800705C0
:1000D400930580FA2380B7040F10000003C6B70409
:1000E4001376F60DA385C7042380070412467326EE
:1000F40006800F1000001376050255CEF3360780F4
:1001040093F6860836C40F10000023800705238069
:10011400B7040F100000B70614007D89558D88C7F9
:10012400010001000100010023800704A246F3A698
:1001340006800F10000073370780137787083AC6CC
:100144000F100000238007052380B7040F10000060
:100154000F1000003727004093061005A303D78033
:1001640023800704B247F3A707800F10000093070A
:100174008008F3B7078093F787083ECE0F1000007E
:10018400B7170040130770052380E704130780FAAC
:100194002380E7040F10000003C7B70413670708A0
:1001A400A385E70423800704F247F3A707800F1011
:1001B4000000056182801376050459C273360780F6
:1001C4001376860832C80F100000238007052380A9
:1001D400B7040F10000037061400130606047D89C7
:1001E400518D88C70100010001000100238007042C
:1001F4004246732606800F1000007337078013777A
:1002040087083ACA0F100000238007052380B7042B
:100214000F100000A54793F6F60F639EF600B7276C
:10022400004013073005A383E780B71700402380FD
:100234000704D2470DBFB727004013072005E5B7D1
:1002440073370780137787083ACC0F100000238098
:1002540007052380B7040F10000098471367070CA5
:1002640098C723800704E247FDBD0111814601467A
:100274008145114506CE912493078008F3B7078082
:1002840093F787083EC60F100000B7170040130706
:1002940070052380E704130780FA2380E7040F1016
:1002A400000003C76704136717002383E704238050
:1002B4000704B247F3A707800F100000F24005615E
:1002C400828041118146014681451145FD22130773
:1002D4008008F337078093F787083EC40F100000A7
:1002E400B7170040130670052380C704930680FAED
:1002F4002380D7040F100000FD552396B7022380F6
:100304000704A245F3A505800F100000733707808A
:10031400137787083AC60F1000002380C704238090
:10032400D7040F10000003C7670413671700238363
:10033400E70423800704B247F3A707800F100000E7
:1003440001A0BD473305F50201007D1575FD8280CE
:10035400411122C426C206C6AA840144631794002C
:10036400B240224492444101828005041305803E38
:100374004204C13F4180DDB79305000273A045806C
:1003840082457390153492402242B2424243D24392
:100394006244F244025592552256B2564257D257FD
:1003A4006258F25806499649264AB64A464BD64BF5
:1003B400664CF64C065D965D265EB65E465FD65F7D
:1003C4000961730020304111B7170040985F3AC6A5
:1003D400945F3247E39CE6FE324541018280B717C1
:1003E4000040130700032388E702854723AEF18CFE
:1003F40073002030411106C6EF00007FF5BF2303D0
:10040400048015472303E48001002302A480828032
:1004140083076480E3CE07FE23030480828083077E
:100424006480E3CE07FE03454480828083076480B2
:10043400E3CE07FE2302A4808280411126C44AC26F
:100444004EC006C61377F50BAD47AA892E8995448D
:100454006306F70019456537653F8D444E8545377A
:10046400FD59FD1463983401B240A24412498249F3
:1004740041018280135509011375F50F453F220987
:10048400CDB7011126CC06CEB70408005137154567
:10049400BD37713769372AC6A53F324593771500B2
:1004A40089EB136515001375F50FF240E2440561FD
:1004B4008280FD14E9FC0145CDBF397126DC4ADA9E
:1004C4004ED852D656D45AD25ED006DE62CE66CC10
:1004D400B7E700E07D5783AA070022C603AA4700B6
:1004E40023A0E71823A2E718B717004013077005E5
:1004F4002380E704130780FA2380E70483C74704B3
:10050400930B75FFB684E20793FBFB0F8546AA891C
:100514002E8B328937240040E187015763FA760134
:100524006308D5008946130700026313D5000157F9
:10053400D98F93F7F70FB71C00402382FC041147AF
:100544002303E4801305F00F5D3D094CD135636D41
:100554007C11B7050700DA9537870700795563F2F0
:10056400E504B3879500636EF702370B0800A947CB
:1005740033EB65016399F90689E48144513D26858D
:100584000DA0DA850945553D05090345F9FFFD141C
:10059400050B693D81C49377FB0FFDF7DD3569FDDC
:1005A4007D55B7170040130770052380E704130730
:1005B40080FA2380E70403C74704418B2382E704BE
:1005C400F250B7E700E023A0571123A24711E254E9
:1005D40032445259C259325AA25A125B825B724C4B
:1005E400E24C21618280A5476395F9068569130968
:1005F400F00FB3069900B3742B01B6941349F9FFB5
:10060400B3749900856B33796901416B9387F9FF62
:10061400B3F7270199E363FC340193D94900C14737
:10062400E3E637FF99BF0569C1697D19D9B7130599
:10063400800D638869011305000263847901130541
:100644001008CA85DD3B353D21DD4E99B384344124
:10065400D9B7DA852D45D533CA94E30099F2050953
:100664007D3BA30FA9FED5BF9387F9FF93F7F70F3F
:100674006361FC0C83C71C0413073008631FF70471
:1006840037070800636BEB04B3079B00B706100041
:1006940063F5D704334BEB0089476393F9068980EC
:1006A400D549E38C04ECDA850945413B110903275C
:1006B400C9FF91472320E48003076480E34E07FECB
:1006C40023033481FD17EDFBFD14110B81C49377D3
:1006D400FB0FE9FF7D3371F5E1B5B717004003C7A0
:1006E4005704B70708001377070219E3B787070011
:1006F4007955E378FBEA33079B00E3FFE7F855B548
:100704008547E382F9F2DA852D45053B9389F4FFA9
:10071400E38504E6293393F7390091EB83260480BB
:100724000327090093074900E39AE6E43E89CE844F
:10073400F1BFB5476396F9001305900BC93135BD78
:10074400B1471305B00AE38BF9FE99476391F904A5
:10075400B7050800B365BB002D45C53181448D4BF9
:10076400A149753963967401832704802320F90015
:100774008504E39834FF8327048013172B01635502
:1007840007002312F900D5BB2322F900FDB39D47CE
:100794006399F90281451305B0044531BD44232012
:1007A400090023220900FD599D3993F77400CA9763
:1007B40003C70700FD14398D2380A700E39634FF97
:1007C4006DBBA1476392F9046D398144630D0B003D
:1007D4008D479304C0036308FB009304000563047E
:1007E4008B01930440041375C507E30895D8194594
:1007F400393139390545213126850D3909453D31D0
:100804004931E31C05D669BB91476399F900130587
:100814006006F536F53E130590090DB7E38F09D44C
:10082400F154A9BB197106C212C416C61AC81ECA4D
:1008340022CC26CE2AD02ED232D436D63AD83EDA9C
:1008440042DC46DECAC0CEC2D2C4D6C6DAC8DECACC
:10085400E2CCE6CEEAD0EED2F2D4F6D6FAD8FEDA7C
:100864009385418D8841E700050092402242B242BF
:100874004243D2436244F244025592552256B25640
:100884004257D2576258F25806499649264AB64A00
:10089400464BD64B664CF64C065D965D265EB65EC0
:1008A400465FD65F096173002030B7E700E09843E4
:1008B400B706200023A0D718758F0F10000001C5BC
:1008C40099C1814711E6B7E700E023A0E7108280D1
:1008D400B386F50003C80600B306F5008507238038
:1008E4000601E317F6FEC5B737E700E01C43B70679
:1008F40020002320D718F58F0F10000019C191C1D3
:1009040011E637E700E02320F7108280910503A762
:10091400C5FF11057D16232EE5FEDDB737E700E0A0
:100924001C43B70620002320D718F58F0F100000B2
:1009340001C53307C50011E637E700E02320F710AF
:1009440082800505A30FB5FEE31DE5FEF5B7B7E705
:1009540000E09843B706200023A0D718758F0F1026
:1009640000008147B306F5008386060099E6B7E6E2
:1009740000E023A0E6103E8582808507E5B737E7CF
:1009840000E01C43B70620002320D718F58F0F1072
:10099400000001C599C1014711EA37E700E02320AF
:1009A400F710054582800507E309E6FE3308E500F4
:1009B400B386E5000348080083C60600E305D8FEB5
:1009C40037E700E02320F7100145828037E700E095
:1009D4001C43B70620002320D718F58F0F10000002
:1009E4001307F6FFBA952A966317C50037E700E0A8
:1009F4002320F7108280FD1503C715000505A30FFA
:100A0400E5FEDDB737E700E01C43B70620002320EE
:100A1400D718F58F0F10000001C53307C50019E67C
:100A240037E700E02320F71001458280050583465F
:100A3400F5FFE397B6FEE31BE5FE37E700E023206E
:100A4400F710054582807971973700009387875D99
:100A540022D4804306D626D24AD04ECE52CC56CA91
:100A64005AC85EC669C037C9C901014B973900002D
:100A74009389C95A1309F937173A0000130ACA5A55
:100A8400973A0000938ACA54973400009384845E92
:100A94008357240095E35C44631D0B001737000063
:100AA4002322F758832BC4002285EF00F0225E84B2
:100AB400A9A82326FB00FDB783A7090082971C443D
:100AC4003307F5406375F500D8401D8F2A9763619D
:100AD400E9089737000023A50750835524000345F0
:100AE4000400974000E0E780C01F5C405844B9C749
:100AF4000C44D040AE97BE8663E4B70063E4C700FD
:100B0400B386C74014C4228B3A8459F09737000047
:100B14009387074C9C4B09476373F708F9171737FA
:100B24000000232FF74AB250225492540259F2493A
:100B3400624AD24A424BB24B4561828063170B0032
:100B44009737000023A0E74EB1BF2326EB0099BFDF
:100B540003274A021DCF63E1A7043385A7408347D7
:100B6400040085E3173700000347774D5917B3078F
:100B7400A7003E85D44063E4E70063E4D7003385EF
:100B8400D74083A70A016376F5009737000023A9AD
:100B9400A744228B404495BFD840BA977DBF97376E
:100BA400000023AF074241B7973700009387074CF3
:100BB4009C4385C3411106C682979737000083C7BB
:100BC400C74589E79737000023A2074AB24041018D
:100BD40082809737000083C7474491E79737000026
:100BE40023A6074882808280411122C41734000062
:100BF4001304C4401C4006C626C24AC091C782974B
:100C04009737000023AC073E9737000083C7D75FB0
:100C1400858B173900001309E95E89CF8347790072
:100C240019476312F71097370000A38F075C3D2321
:100C34005C4482971C4491C3829797340000938448
:100C4400243E984017360000034696389737000034
:100C540083C7073893961700BA9683D60600E5C271
:100C64009737000083C7C73663E5C70E9737000080
:100C7400238007361C40639E071497370000938730
:100C8400E7399C4363870714973700009387873EAF
:100C9400DC43173700002325F734753397370000FA
:100CA40083C7F756639707129737000083C7175611
:100CB40091CF8347790093F7F70F89EB97370000BB
:100CC400A3860754974001E0E780C07A9737000075
:100CD40093878735DC53638E070E9737000093871D
:100CE400272F9C4BFDC78347790015476363F70E95
:100CF4009737000083C78756918BE1EF9737000041
:100D040083C7A731F9E790409736000083C6562C75
:100D140063C7D70C2244B2409244024941011743AD
:100D240000E06700C35D834779001D47E314F7F0D3
:100D340097370000A38A074C15211C48DDBD8507A1
:100D440093F7F70F973600002384F628E3E0C7F003
:100D540001BF86073E978355070023100700973786
:100D64000000239B072A973700009387E7289C43BA
:100D7400173500000345C52513172500BA979C4372
:100D840082979737000083D7272917370000034736
:100D9400272493C7F7FF7D8D9317170098403E973C
:100DA400835707005D8D2310A7009737000083C782
:100DB400272291C7850717370000230BF720173721
:100DC40000000347E7209737000083C77720E37FBD
:100DD400F7E8B240224492440249410182801397C9
:100DE40017003297035707006DF7850715B737C704
:100DF40000408326C720B707FCFFFD17F58F232685
:100E0400F72001000100973700009387671CC84F43
:100E1400832787262326D7206A0593C7F7FF99835C
:100E24005D8D82800111973700009387274F22CC74
:100E340003A4070C26CA06CE2AC42EC6854419E488
:100E44000145F2406244D2440561828083479100A7
:100E540003471400858B6304F7000044CDB719469B
:100E64009305A10013052400193EE31895FE0545DA
:100E7400C9BF0000EFF05FD3730000000000000062
:100E840097320000938262190383020023800200D8
:100E9400630F0300F32510342EC0970500009385DB
:100EA400A5FD73901534EF00204E7300203086DCCE
:100EB400EF00804DE65082800000173700001307D2
:100EC40027341443411122C49C5E4AC006C6998348
:100ED40026C2858B3A841739000013092932D1CBF5
:100EE400930700069CDE1737000003470732930779
:100EF4000008973400009384E430631BF7008327D1
:100F040009009C4393F7070417370000230FF72EBB
:100F140083C7040093F707049DC3973700009387A2
:100F2400E70F9C4382979737000023ABA72E83C714
:100F3400040093F7F70B173700002305F72C83C73A
:100F4400440093F7070495E7854717370000A30D7E
:100F5400F72A973700009387672D9C4337070200D1
:100F640098C7130700FC97360000238FE62898489B
:100F7400F8D318401C5F9183858B8DC31C5F93E766
:100F840007011CDF973700009387472A9C4323A25D
:100F940007068547173700002308F726832709002B
:100FA400D8430583058B19C7D843759BD8C3D84349
:100FB400799BD8C3B24022449244024941018280C1
:100FC400ED3D730020309317D50063D307029737A4
:100FD40000009387A7259C437D57B8D79737000017
:100FE400938707FFDC4F8507173700002320F7009E
:100FF400937785009DCB9737000083C7C72093E77D
:101004001700173700002300F720930700F817375D
:101014000000230BF71E973700009387671E984341
:101024005C57F19B93E717005CD7937715008DC746
:101034009737000083C7171D93E717001737000081
:10104400A302F71C973700009387871B98435C57CC
:10105400F19B93E717005CD79377650095CB937763
:101064004500173700001307E719CDCB8347070066
:1010740093E71700173700002306F7189737000087
:101084009387071898435C57F19B93E717005CD745
:101094009317F50063D40702173700000347872F1F
:1010A400418B973700009387672751C383C787070E
:1010B40093E7070217370000230EF72C9317E50078
:1010C40063D707029737000083C70714E207E18755
:1010D40063D707008547173700002307F7129737B0
:1010E40000009387A7149C433707020098C79317FF
:1010F400C50063D40702173700000347B729058BDF
:10110400973700009387872129C383C7970793E7FD
:10111400270017370000A30FF72682808347370084
:1011240093E7170017370000A30FF70C81BF03C71D
:10113400870789463D8B6308D70083C787070D4718
:10114400BD8BE39DE7F69147B5B703C79707118BAE
:1011540069D783C7970793E7870065BF9737000070
:101164009387C70C9443973700009387A70903C755
:101174000700058B11CB97370000238707089737A3
:101184000000A3830708828003C71700058B65F757
:10119400F85271FF83C75700DDB7173700001307F4
:1011A400270603280700832788039583858BADEFE3
:1011B40011C683270803BD832300F6009DC61C4384
:1011C400985B4607935767016356070093E707C088
:1011D400C207C18303970600C207C18709C7BA972C
:1011E4000947B3C7E7022390F6008DCD8345150068
:1011F40095C99737000083C7470193F707041387FE
:101204009500894585C33A95834705000547994567
:1012140093F6F7066398E600E207E187814563D316
:101224000700B9452E8582808545EDBF411126C250
:1012340006C622C497340000938444FF3DED9440D5
:10124400AE87F8527DFF37F400E03E859737000003
:10125400238B07FA832704D1B285ED9B2328F4D08E
:10126400832704D193E787022328F4D07300501016
:10127400974001E0E780600797370000938747F8BD
:101284009C43B70680009843558F98C3D857719BE9
:10129400D8D797370000A38907F697370000A383B0
:1012A40007F69C40094798C3832704D193E7870036
:1012B4002328F4D0730050100DA08D476315F50456
:1012C400973700009387C7F39C43B7068000984381
:1012D400558F98C3D857719BD8D7944017370000BF
:1012E400130747F283472700858B89EB8347370031
:1012F400858BC1CB97370000238807F0B240224486
:101304009244410182808547E319F5FCB7F700E078
:1013140003A707D16D9B23A8E7D003A707D11367C1
:10132400870223A8E7D07300501098408177FD17F7
:101334005447F58F5CC70F1000009840B7070200B0
:101344001CC7930700F817360000230FF6EA9737F7
:1013540000009387E7EA9C439C439D83858B639FAE
:10136400A700930760197CD354C737F700E083279D
:1013740007D193E787002328F7D02DBF9307E01BFD
:10138400DDB7FC52A5F39DBF97370000938707EAAA
:101394009C438847D847798D09C988C793870197A3
:1013A40003A30700630303000283828097370000CE
:1013B4009387C7E798438967938707F47CD3973764
:1013C40000009387E7EB9C4383A607091396560016
:1013D4006358060083A60709139666006344060053
:1013E4007453FDF282804111B7E700E022C48043C8
:1013F4003707200006C6798C23A0E7180F100000D9
:1014040011C199E5B7E700E023A0871001457DA845
:1014140093073500C207C183F19BC207C183130739
:1014240040036369F702173700001307A7EE084368
:1014340017370000130787ED14436392A60217378A
:101444000000130767BE185B55DFC207DD8D054535
:1014540002974DBF17370000130787EBC9BF035727
:1014640065002DEB035745006366F706B306F740A6
:101474002146637CD60203280500938687001D8FCE
:10148400AA966117173600000356E6B42392E600C5
:1014940023A006012393060014C12312F5001307A9
:1014A40086FF973600002398E6B22313B5009735DC
:1014B400000083D545B2B387F54017370000231CDD
:1014C400F7B0B7E700E023A087102105B24022441B
:1014D40041018280084195B7B7E700E08C433707A4
:1014E400200023A0E718F98D0F10000001E523A0C8
:1014F400B7108280973700009387C7E103A30700E2
:1015040097370000938787E083A8070081469A876E
:1015140063F2170D03A807006361F50C636FA80A53
:10152400138787006368E50A03D667002167050708
:101534006317E60003C7819605072384E1961735F0
:1015440000001305E5A803D647000357650023935D
:101554000700329742074183173E0000231DEEA681
:10156400638C670217330000130383DA0323030039
:101574006304F30203D366006310030283D74600B7
:1015840023A0060121073E9621062392C600973721
:1015940000002392E7A4B6879843630D1703973698
:1015A40000009386E6D694426306D702835667000A
:1015B40095E283D64700035647001843A106B29626
:1015C4002392D70098C383576500A10717370000FB
:1015D4002313F7A0B7E700E019BFBE86C2870DBF8B
:1015E40003278511630407120346E5048546630057
:1015F4000612411122C406C68347C5002A8493F704
:10160400C70F2306F500834597000358C7001395B9
:1016140085016185637006096359050603458700E2
:1016240093F5F507A304B70093E527006314D500E9
:1016340093E517002306B4005C4389075CC3A30A3F
:10164400C400032504114C430905EFF00FA68327BA
:10165400841103465401D44303D7C700B296118FB3
:10166400D4C32396E7008947A30DF400034764031A
:101674009737000083C7679C6377F7048347C400E8
:1016840093E707012306F4003DA893E71700230618
:10169400F40075B71376F80F635D05020345870000
:1016A40093E527006314D50093E517002306B400DF
:1016B400A30AC400A30407008547A30DF4008327ED
:1016C40084119C43C5F7B2402244814636854101CA
:1016D400828093E717002306F400A30AC400A3043E
:1016E4000700032504114C4342860905EFF0EF9BE4
:1016F4008327841103465401D44303D7C700B29609
:10170400118FD4C32396E7008D4745BF85463685A0
:10171400828097370000938727D39C43411122C4CA
:1017240006C6858B2A84C5EF4165130525F5970008
:1017340002E0E780A03445C58347A5002315F500E2
:1017440083270412BDE72320A4122322A412854771
:101754002311F40423200500834764015441231614
:10176400F5000347D4002304E5000547A304E5007E
:1017740017370000130707A958531385170215815B
:101784001C437D151375F50F9CC25C43DCC21C47DA
:101794009CC65C47DCC61C4B9CCA5C4BDCCA1C4F19
:1017A4009CCE5C4FDCCE19CD93860602130707024C
:1017B400C1BF8327441288C3835724042322A4125D
:1017C400850779B79737000083D7C7B585071737DB
:1017D40000002319F7B4B2402244410182808347B8
:1017E400C40023090400054593C747002306F400F9
:1017F400DDB78347850193F7E70FD5EF834795015D
:10180400DDEB034625018346C50009CA834565030C
:10181400173700000347778263E7E50013F70601F3
:1018240041CF014709C6C18A0357651C81C6835647
:10183400A51C369751C31307C7121735000003556B
:10184400E583B335A70237460F004111130606247A
:10185400814622C426C206C67D543305A7029730AA
:1018640002E0E780C0FD9727000083C7577DB3845B
:10187400A70097370000938767AA03A787098327E0
:10188400070963F387003E84184375FB972700001C
:101894009387C7789C43829781476364A400B30706
:1018A400A440B2402244B3B7970093C717009244B0
:1018B4003E854101828081473E85828097370000C2
:1018C4009387C79698433C5BFDFF0100010082802B
:1018D400011122CC4AC84EC606CE26CA52C456C2EC
:1018E4005AC00347B50085472A842E8983290509F0
:1018F4006311F72683570508835AC503172A000086
:10190400130A4A77172B0000035B4B7763FB5721BD
:10191400834605016397E620032785116313072097
:101924000327450A631F071E8346F5001D47639A74
:10193400E61E03471401B38AFA4013950A01418154
:1019440021CF9377170099CB8357E405835604047A
:10195400958F63D5A70013950701418193772700DD
:1019640099CB8357E41283560404958F63D5A7005B
:101974001395070141819377070199CB8357C414C9
:1019840083560404958F63D5A700139507014181FD
:10199400218B11E311E105450357A4039307204E5E
:1019A400832444093305A70237460F0081461306F2
:1019B40006243305F5029727000083C74768B3540C
:1019C4009502B335AB02BE94C204C18023139408BC
:1019D4003305AB02973002E0E78060E6B3073501D8
:1019E40033B5A7002E953E8783264A0019E163E4A8
:1019F400D7003387D740B3846403B7460F00938777
:101A0400F623938606242320E900A697B3D7D702AA
:101A1400D6976362F7101D8F2320E90097290000F1
:101A24009389C95F83A7090083240900829763E52A
:101A3400A4123385A4406354050C83A7090082973C
:101A4400032709006361E512198D8357E4031727FF
:101A540000000357A7628E07B387E702130700321B
:101A640093870719B3D7E70263E7A710374A0F0034
:101A7400130BFA23972A0000938ACA5F130A0A24D5
:101A84008357040485072310F4048347041499E35B
:101A940022855922228597F001E0E780A0F175E9BB
:101AA400832604098327C40803A74A00B6973E8502
:101AB40063E4D70063E4E7003385E7408347F40138
:101AC400835464082328A4088507A30FF4009727E8
:101AD400000083D7A75AB384F402DA94B3D444033E
:101AE4006368950CB304954083A7090023209900EB
:101AF400829763E3A40C3385A440E34305F8972756
:101B0400000083C7D75363E7A7089737000023A7CC
:101B1400878A014541A083264A00B387F6403E9751
:101B2400E5BD8354640837470F009307F723B38454
:101B34006403BE9493070724B3D7F40263E7F90060
:101B4400B387F9402320F900D1BD03274A00BA998D
:101B5400C5BF23A03501D9B59727000093878751C6
:101B6400DC43BE94F9B5972700009387A750DC4364
:101B7400998F3E95D9BDA145228597F001E0E78074
:101B840040DCA305A402972700009387E7499C5BE8
:101B940081EF7D55F2406244D2444249B249224A1F
:101BA400924A024B05618280894515458297D5B7D3
:101BB400B3049740AA940DBF83A74A00BE9425BFDF
:101BC40039C901116C0022CC06CE2A8411331DCDF3
:101BD400FD576302F502B2479725000083C53546D9
:101BE40063EFB70003459402B385B7402EC6973020
:101BF40000E0E780A026F240624405618280172756
:101C04000000130727475843BA97E9BF970002E03B
:101C1400E780C097CDB78280797126D206D622D4C8
:101C24004AD04ECE52CC56CA5AC85EC683475503D4
:101C340003447513AA843E941374F40F930740026B
:101C440063F687001304B4FD1374F40F03AA84131A
:101C540083AAC413A38B841222865285D685972027
:101C640002E0E780C07A058915E503CBD412014967
:101C74008149337B6403930B50024A865285D6858F
:101C8400972002E0E780A078058915C56391690370
:101C94001374F90F238B8412B250225492540259B4
:101CA400F249624AD24A424BB24B4561828085096D
:101CB400E20993D989410509E31179FDE1BF83273D
:101CC400850903560504797193D60701BD8EC206B2
:101CD400C182358E1357764093575640898B058BB6
:101CE4005D8F93573640918B5D8F93571640A18B30
:101CF4005D8F93171600C18B5D8F9317360093F792
:101D040007025D8F931756009355860093F70704D7
:101D14001E065D8F1376F60F518F93D7554013D659
:101D24003540118A898BD18F13D67540D18F13D644
:101D34001540218AD18F13961500418AD18F1396AD
:101D4400350013760602D18F1396550013760604D8
:101D54009E05D18F93F5F50FCD8FA20745465D8F74
:101D64003307C70222D42A8426D252CC56CA032A65
:101D74008413832AC4135AC806D63697420741836C
:101D840093577740135557400989858BC98F13554D
:101D940037401189C98F135517402189C98F1315ED
:101DA40017004189C98F1315370013750502C98FB0
:101DB4001315570093558700137505041E07C98F23
:101DC4001377F70FD98F13D5354013D755401189A1
:101DD400098B498F13D57540498F13D51540218937
:101DE400498F139515004189498F13953500137553
:101DF4000502498F13955500137505049E05498FF7
:101E040093F5F50F4D8F2207D98FB387C7024AD0B8
:101E14004ECE5EC662C4B697C207C18313D777405D
:101E240013D557400989058B498F13D5374011893C
:101E3400498F13D517402189498F1395170041897C
:101E4400498F1395370013750502498F1395570071
:101E540093D58700137505049E07498F93F7F70FF1
:101E6400D98F13D5354013D755401189098B498F24
:101E740013D57540498F13D515402189498F139582
:101E840015004189498F1395350013750502498F53
:101E940013955500137505049E05498F93F5F50FA9
:101EA4004D8F2207D98FB387C7021306500252857C
:101EB400D685B697BD8E93940601C18033F6C402CD
:101EC400137BF60F972002E0E780605405890DED3F
:101ED4008347D41201498149B3849702130C5002F9
:101EE400C1804A865285D685972002E0E780205239
:101EF4000589937BF90F11C563863403850993F92A
:101F0400F90F0509E31F89FD230B6413B250225412
:101F140092540259F249624AD24A424BB24B224C81
:101F2400456182805E8BCDB70111972700009387AE
:101F3400E73E22CC03A4870C26CA4AC84EC606CE66
:101F4400AA8413092500854915C083C714000347D3
:101F54003400858B6304F700405CFDB71946930594
:101F640044004A85EFE0BFA1E31835FF2285F24023
:101F74006244D2444249B2490561828041119727A3
:101F840000009387A73922C403A4870C26C24AC041
:101F940006C693042500054901E82285B24022447F
:101FA4009244024941018280A6851305A402971038
:101FB40002E0E78060BCE30225FF405CF1BF000063
:101FC400971100209381C1D7175100201301418339
:101FD4001305400097E5FF1F93858502170600202F
:101FE400130606FE63FAC5008322050023A05500EC
:101FF40011059105E3EAC5FE17550200130585AEE8
:10200400970500209385C5FB1386818863FAC50074
:102014008322050023A0550011059105E3EAC5FEBE
:102024001385818897250020938545436377B50000
:10203400232005001105E36DB5FEFD42739002BC3B
:102044008D4273904280930280087390023097E22D
:10205400FF1F9382E2FA93E2320073905230972288
:1020640000009382825573901234730020303D43F4
:102074002A876373C3029377F700BDEFADE59376C8
:1020840006FF3D8ABA960CC34CC30CC74CC7410724
:10209400E36BD7FE11E28280B306C3408A0697023F
:1020A400000096966780A6002307B700A306B70032
:1020B4002306B700A305B7002305B700A304B700A0
:1020C4002304B700A303B7002303B700A302B70098
:1020D4002302B700A301B7002301B700A300B70090
:1020E4002300B700828093F5F50F93968500D58D74
:1020F40093960501D58D61B793962700970200004A
:1021040096968682E78086FA9680C1171D8F3E9642
:10211400E374C3F8A5B7B717004003C7770513776F
:10212400E70FA38BE704130700F8A38DE7043D47EB
:10213400238CE70413075003A38CE70403C7A70504
:102144001377D70F238DE7048280B717004003C7A6
:10215400E7020D8941111377C70F498F9306800851
:10216400F3B6068093F6860836C60F100000930671
:1021740070052380D704930680FA2380D7040F10B8
:1021840000002387E70223800704B247F3A70780F0
:102194000F1000004101828041112A83014E930EE9
:1021A400407E130F0019930F400663E56E129308E7
:1021B400001913034006B3781503854E0D4FA14F44
:1021C400337365020D891335150063EFBE121308CE
:1021D400F6FF794672984208135808013307C7027C
:1021E40013D61700BE0732976146B3F6C60213062C
:1021F4008070B386C6023697A166F58F42075D8F5D
:10220400B716004083C7F60293F70708A303F1004B
:102214000346710083C7F60293F70708E394C7FEE9
:1022240083477100B716004093F7F70F63880712CE
:1022340093078008F3B7078093F787083EC40F100D
:102244000000B7170040930670052380D704930657
:1022540080FA2380D7040F10000023AA070383C643
:10226400170393E60608A388D70223800704A2472E
:10227400F3A707800F1000001166B71700407D1602
:10228400D45BC85F93854703A98EF18EF5FA930654
:102294008008F3B6068093F6860836C60F10000051
:1022A400930670052380D704930680FA2380D7040D
:1022B4000F10000098C103C7170313670704A3880E
:1022C400E70223800704B247F3A707800F1000003A
:1022D400410182807D133368E3039308E016630EA3
:1022E40008003368F3039308D01663080800937852
:1022F400330093B818009388D81633081E01131EB0
:102304000801135E0E0155B56393E5030548638622
:1023140008000148630303002A8871087298FD15B8
:10232400131E0801C205135E0E01C18179BD13F8A5
:10233400150063F4BF007908D5B713381800E5BF5A
:1023440083C7F60293F70708A303F100034671005D
:1023540083C7F60293F70708E394C7FE8347710027
:1023640093F7F70FF1DFE9B531714AD966CB06DF90
:1023740022DD26DB4ED752D556D35AD15ECF62CD5D
:102384006AC96EC7AA8C02D8EF00901C2A899307E9
:102394008008F3B7078093F787083EDA0F10000030
:1023A400B7170040130770052380E704130780FA6A
:1023B4002380E7040F10000003C7F7021377770F99
:1023C400A387E70203C7F70213678700A387E7021F
:1023D40023800704D257F3A707800F100000054598
:1023E400AD33130780C13347E902116A93070AE842
:1023F40093065002BD69930BA004814A014B130458
:102404008008930470057D1AB347F9023307D70295
:102414003EC0FD873ECC938709A69309803E33478F
:10242400F7023AC27D873AC4334739038549B399E1
:10243400990193D93940B306D702B30B7703B3C6D6
:10244400F602B3CBFB0236C6FD8636C893D6FB41F3
:1024540036CEB7460F00938606243349D9028566E3
:10246400938606FAB3969601B389E9021307605579
:102474003309D90293060010B389E9023349D9021A
:10248400B3C9F9029316390036CA37190040FD86DC
:1024940036D0930D090493D7F9413ED2F336048024
:1024A40093F6860836DC0F1000009307700523802E
:1024B400FD00930680FA2380DD000F1000008346A0
:1024C400390593F6860FA309D9048346390593E6A3
:1024D4001600A309D90423800D00E256F3A6068052
:1024E4000F100000130C80FA116DF336048093F67C
:1024F400860836DE0F100000930770052380FD0068
:1025040023808D010F10000083463905216693E670
:102514000602A309D90483560905B3E6A6012318C4
:10252400D90483560905D18E2318D90423800D00BC
:10253400F256F3A606800F1000008346390593F681
:102544000602638A061803463905218A6DDE0818D7
:10255400EF0010047336048013768608B2C20F109D
:10256400000023809D0023808D010F100000B71709
:10257400004003C637051376F60DA389C70403C6C6
:10258400370513660602A389C70483560905216625
:10259400B3E6A6012318D90483560905D18E23185E
:1025A400D90423800D009646F3A606800F10000080
:1025B4008346390593F60602638606148346390575
:1025C400A18AEDFE97E0FF1FE780A0ACAA8636D46F
:1025D40097E0FF1FE780E0ABA256E30AD5FE8356DF
:1025E40009054255B3E6A6012318D904D127834629
:1025F4003905A18AEDDE035609058346290582477C
:102604003376CA00B306DA0293D5F641B296B3889C
:10261400F640E24733B8C6002E983308F840A24784
:10262400B3B616013308D84063C70701631DF80029
:10263400924763FA1701C247634DF80E6395070189
:10264400B24763E8F80E894663E7660FF2469315CE
:10265400180013D3F8015E8613951800B365B30010
:1026640042D646D4EF10B25F3258050B137BFB0FF2
:102674006347000163120838A258638F08361308B1
:102684001500B336A800B69513D6F5013298B336C3
:10269400C800AE9613581800FE06B3E6060173365A
:1026A400048013768608B2C60F10000023809D00B4
:1026B40023808D010F1000000356C902B296C20692
:1026C400C1822316D90223800D00B646F3A60680E4
:1026D4000F10000019BDF336048093F68608B6C0C7
:1026E4000F10000023809D0023808D010F10000037
:1026F4008346390593E60602A309D90423800D0015
:10270400864605BDF336048093F68608B6C40F10DA
:10271400000023809D0023808D010F10000083465C
:10272400390593E60602A309D90423800D00A646C1
:10273400A5BDE30D0BF0F336048093F68608B6C806
:102744000F100000930680FA23809D002380DD0093
:102754000F1000008346390593F5FC0F93F6860F9E
:10276400A309D90483463905CD8EA309D90423804E
:102774000D00C646F3A606800F100000130580FA6C
:1027840003463905930639051D8A63149629733661
:10279400048013768608B2CC0F100000130680FA6A
:1027A40023809D002380CD000F10000003C6060087
:1027B4001376F60D2380C60003C6060013660602D0
:1027C4002380C600835609051166D18E2318D904C7
:1027D400835609052166D18E2318D90423800D0060
:1027E400E646F3A606800F100000130680FA83461F
:1027F400390593F606026388062483463905130CCB
:102804003905A18AFDDA08186123F336048093F6AA
:102814008608B6D00F100000930680FA23809D002E
:102824002380DD000F10000083460C00116693F630
:10283400F60D2300DC0083460C0093E60602230019
:10284400DC0083560905D18E2318D9048356090563
:102854002166D18E2318D90423800D008656F3A651
:1028640006800F100000130680FA8346390593F69C
:1028740006026385062083463905A18AEDFE97E0AA
:10288400FF1FE78000812A8C97E0FF1FE7806080AC
:10289400E30C85FF8356090511664255D18E231832
:1028A400D90439238346390513063905A18AFDDA8B
:1028B400F336048093F68608B6D40F10000093060E
:1028C40080FA23809D002380DD000F1000008346E2
:1028D400060093F6F60D2300D60023800D00A656BD
:1028E400F3A606800F100000835609050346290548
:1028F400D247B376DA003306CA021305800C935527
:10290400F6413696330DF6408257333CD6002E9C62
:102914003336A601330CFC40330CCC40330885031A
:1029240092564E86B335A5033305A503C295EF1021
:10293400123363468001631E0C16630C0D161306D6
:1029440015003335A6002E959356F5013696B3350A
:10295400D600AA959396F50105828585D18E6346A6
:10296400B000639D051A638B061A0356C9021582CB
:102974003305D6003336C500B2956348B000639181
:1029840005241306F00F637DA622894663F35615CA
:1029940093078008F3B7078093F78708BED60F1014
:1029A400000037170040930770052300F7049307CE
:1029B40080FA2300F7040F1000008356C7028967CA
:1029C4008117D58FC207C1832316F702230007049A
:1029D400B657F3A707800F100000FA506A54DA5470
:1029E4004A59BA592A5A9A5A0A5BFA4B6A4CDA4C2F
:1029F4004A4DBA4D296182801308F5FF3335A8008A
:102A0400FD152E951356F5013298B336C800AA96D3
:102A140051B1F336048093F68608B6CA0F1000004D
:102A240023809D002380AD000F10000083463905EC
:102A3400CD8EA309D90423800D00D646F3A60680C3
:102A44000F10000035BBF336048093F68608B6CE2B
:102A54000F10000023809D002380CD000F10000084
:102A64008346390593E60602A309D90423800D00A1
:102A7400F646F3A606800F10000095BBF3360480DB
:102A840093F68608B6D20F10000023809D002380A1
:102A9400CD000F1000008346390593E60602A30912
:102AA400D90423800D009656F3A606800F1000006B
:102AB4006DBB9306F5FF33B5A600FD152E95935512
:102AC400F501AE96B3B5B600AA951396F5018582C5
:102AD40069B5F336048093F68608B6D80F10000063
:102AE400930680FA23809D002380DD000F100000F0
:102AF4008356C9020566011693F6F60FD18EC206F7
:102B0400C1822316D90223800D00C656F3A606807F
:102B14000F100000850A93FAFA0F49B233E6B600A3
:102B240045C20356C9023305D0403338A000B3056B
:102B3400B040B385054115826345B000D1E16371AE
:102B4400A608894663F0560593078008F3B7078003
:102B540093F78708BEDA0F100000B7170040130779
:102B640070052380E704130780FA2380E7040F101D
:102B7400000003D7C7027D8B2396E7022380070456
:102B8400D65781BDF336048093F68608B6DC0F1061
:102B94000000930680FA23809D002380DD000F103F
:102BA40000008356C9020566011693F6F60FD18E0E
:102BB400C206C1822316D90223800D00E656B9B796
:102BC40093078008F3B7078093F78708BEDE0F10DA
:102BD400000037170040930770052300F70493079C
:102BE40080FA2300F7040F1000000356C7029397DE
:102BF4005600B297C207C1832316F70223000704C5
:102C0400F657C1BB914763EEB702173702001307AB
:102C1400E73C8A05BA959C41BA978287B71700406A
:102C240003A7470B1345F5FF698F23AAE70A03A7F8
:102C3400070B698F23A8E70A03A7070A798D23A046
:102C4400A70A8280B717004083A6470B1347F5FFF6
:102C5400F98E23AAD70A83A6070B558D23A8A70AA2
:102C640083A6070A758F23A0E70A8280B71700405E
:102C740003A7470B498F23AAE70A03A7070B1345AA
:102C8400F5FF45BFB717004083A6470B1347F5FF71
:102C9400758F23AAE70A03A7070A598D4DB7B717FB
:102CA400004003A7470B498FEDB7914763EEB70286
:102CB400173702001307C7338A05BA959C41BA97A0
:102CC4008287B717004003A7470D1345F5FF698FA7
:102CD40023AAE70C03A7070D698F23A8E70C03A712
:102CE400070C798D23A0A70C8280B717004083A618
:102CF400470D1347F5FFF98E23AAD70C83A6070DBA
:102D0400558D23A8A70C83A6070C758F23A0E70C69
:102D14008280B717004003A7470D498F23AAE70C09
:102D240003A7070D1345F5FF45BFB717004083A65A
:102D3400470D1347F5FF758F23AAE70C03A7070C6C
:102D4400598D4DB7B717004003A7470D498FEDB70D
:102D5400B71700408847420541819377050491EBFA
:102D64009377F5013755E801130505803345F502DE
:102D740082809377050C130700046397E700937729
:102D8400F50137459C1CCDB72165130505D082801C
:102D940037E700E01C435443A183E206D58F1CC1EE
:102DA400FD572320F7182322F7180F100000828004
:102DB40013178500B7E700E023A0E710618123A281
:102DC400A7108280B7F700E08847CC47828081470C
:102DD40037370040A14663C4C7003285828003456B
:102DE400B740E38EA6FE3385F5000345050085074D
:102DF4002304A740CDB797F7FF1F938767749C43BD
:102E040017170020130787653E95636EE500173793
:102E140000201307E77E6368A70017F7FF1F23212D
:102E2400A7723E858280FD57EDBF411122C406C6BC
:102E34002A84393F2947B307E502B2408D83B3D7CB
:102E4400870222449507B3D7E70237370040C20709
:102E5400C1832316F7404101828071654111130536
:102E6400052006C6D937B7370040130770F8238109
:102E7400E7400D47A381E74013070004A380E74020
:102E840005472387E740B240410182809387418907
:102E94009C43411106C691C38297938781899C43C1
:102EA40091C3829703D761809307C01263F7E70445
:102EB40003D581809306B01263E4A6049386018946
:102EC40003A3060063070300B2401305C0124101C7
:102ED40002830507098F3385A740E5473305F502CB
:102EE4004207418309839307F7FF3E953345E50283
:102EF4001375F50FB2404101828013054006DDBF12
:102F04000145CDBF03A84500411126C206C622C40F
:102F14008347180003480800A944A207B3E7070140
:102F2400C2070D68C1871308289063960703854775
:102F34003284EF707010AA8419ED9387C1889C4382
:102F440099CB03451400034704002205598D13351A
:102F5400150005058297B24022442685924441011A
:102F640082802D453DE7D841411122C426C206C6C0
:102F74008347170003470700B684A207D98F0D675C
:102F8400930697A132846396D702093783C7418099
:102F94006374F5002382A18085472390F40083C7DE
:102FA40041802300F4000145B2402244924441018F
:102FB4008280130787902945E398E7FECC4589472B
:102FC4002390F4000946228597E0FF1FE780E08DF7
:102FD400D9BF828083474500858BADC7011122CCC0
:102FE4002A84035525009385419C06CEEF70807F8B
:102FF400058929C503552400014781460546ED4549
:10300400EF7040382AC61DC997F7FF1F938747FB07
:1030140083D7A70201462C002314F100854723150A
:10302400F10083C741802300F50003552400EF809D
:10303400405809C5ED452800EF70804CF2406244C9
:10304400056182808280416541119385419C7D1593
:1030540006C6EF908045B24097F6FF1F938646FB65
:103064004146954517F5FF1F130585F541016F90FE
:10307400E03823A6A1888280411122C406C6854770
:1030840009446311F5028347060001442384F1884F
:1030940003C741806378F700170500001305C5F3E3
:1030A400EFB050022285B24022444101828085471C
:1030B4006301F50209C909476302E5020D47630686
:1030C400E5020945828083C741802380F5000145DC
:1030D40082809387818883C70700C5BF97F7FF1F46
:1030E40083D7A7EE2390F500DDB71387C18003577C
:1030F40007002392E50017F7FF1F130767EC8356B9
:10310400A7020357A7032383F5002390D500239137
:10311400E50075BF411106C6953B83C74180637ABC
:10312400F5002382A180170500001305E5EAEFB03E
:103134006079B24001454101828041677917630C8F
:10314400E502411122C406C685472A84639AF50024
:1031540022852244B2409385419C41016F90E03422
:1031640089476396F5008545EFB0407075D1B2404C
:103174002244410182808280CC41411106C63285BD
:1031840003C6150083C5050022064D8E42068D65D3
:103194004186138875A2630C060F6348C80413881C
:1031A40045A26306060B634AC800938535A26309EA
:1031B400B60623900600294679A0138855A2630811
:1031C400060B938565A2E316B6FEC1451D4663EC66
:1031D400E5064546198E63F3C7003E862390C60074
:1031E40097350200938505E389A8138895A26300A7
:1031F400060F634E060B1388A5A2630A060F938578
:1032040005A5E318B6FA99451D4663EEE502198E45
:1032140063F3C7003E862390C6009385418131A89D
:103224009D451D4663E1E5022146198E63F3C700FF
:103234003E862390C6009385C189BA9597D0FF1F17
:10324400E780A0660146B240328541018280AD45E7
:103254001D46E3EAE5FE3146198E63F3C7003E8658
:103264002390C60097350200938585DEF9B7B145F2
:103274001D46E3EAE5FC3546198E63F3C7003E8636
:103284002390C60097350200938585DD7DB7C1453F
:103294001D46E3EAE5FA4546198E63F3C7003E8608
:1032A4002390C60097350200938505D879B7C145A8
:1032B4001D46E3EAE5F84546198E63F3C7003E86EA
:1032C4002390C60097350200938585DABDB7C145C2
:1032D4001D46E3EAE5F64546198E63F3C7003E86CC
:1032E4002390C60097350200938545D5B9B7B545F7
:1032F4001D46E3EAE5F43946198E63F3C7003E86BA
:103304002390C600973502009385C5CF3DB797F645
:10331400FF1F9386A6E34146CD4517F5FF1F13050E
:10332400E5CF6F90A00D82809387818B9C4303C768
:10333400C18A83C6318201E781473E85828003D6F4
:1033440007006316A60003C66700E308D6FE7D17D0
:103354001377F70FA107C5B7B2862E86AA8517354E
:1033640002001305A5D56F10F21101119305000396
:103374000D4506CEEF30F07B930500051145EF3087
:10338400507B9305C0030545EF30B07A854713069B
:10339400F100854513055030A307F100EF80F121BA
:1033A400F240056182808547631AF50011661306B1
:1033B40086A9894503C5D18A6F10F03189476317FF
:1033C400F500894503C5D18A6F10705B82808547FB
:1033D4006398F50019E22383B18A238EC18A82801F
:1033E40009476399E50019E62383F18A03D5418AE5
:1033F4006F00700782809387018B9C43011122CC5C
:1034040006CE2E8481CB9C4791C78297F2406244BA
:10341400056182806C0013057040EF60516932468B
:1034240081452285EF70812AD5B701119397050153
:1034340026CA06CE22CC4AC84EC652C4C187AE8420
:1034440063D7070803C5D18AEF1040472A8439C9D6
:10345400034705009307000D6313F7048347250012
:103464004547638BE7046547639BE7021735020012
:10347400130545C1EF101201130954009309B40058
:10348400173A0200130A4AC1834509005285050907
:10349400EF10427FE39A29FF2945EF10B2022285FB
:1034A400EF10A0352165258DF2406244D244424993
:1034B400B249224A0561828003466500834575004E
:1034C400173502001305C5BDEF10C27BC9BF93F7C2
:1034D400150085C317F6FF1F1306C6C897F5FF1F0F
:1034E400938585C703C5D18AEF80815913C514001C
:1034F40065BF93F725000145C5DB2939116613061D
:1035040086A9894503C5D18AEF10F01C13C5240090
:1035140061BF797126D24ECE06D622D44AD052CC7F
:103524009147AA84AE896314F50483D7A5001306D2
:10353400E1008545130550302392F18A23070100E9
:103544002383018AEF8071079387018B9C4391C782
:10355400DC4781C7CE8526858297B250225423A4A6
:10356400918A02599254F249624A456182801387D2
:10357400818A1843E31AF7FC854503D5418A753ED1
:10358400854503D5418AEF00C073C16703DA418AD8
:10359400F917631BFA0205449305E1001305504132
:1035A4002383018AA381818223070100EF603150C4
:1035B4008347E100B1E303C7C18B9147E316F7F8F2
:1035C4006D33238E018A49B79387818B03A9070042
:1035D40003C4C18A69D00355290011C99305E100C8
:1035E400EF70B00509C54C455285EF80106C7D1411
:1035F4001374F40F2109F9BF9387418B9C4383C74C
:103604004700898BCDDB9305000A0D45EF307052DE
:103614009305000A1145EF30D05181450545EF303F
:1036240050511306E10085451305503023078100EE
:10363400EF80A17849B7011117050000130525DFB4
:1036440006CE22CCEF1030701384D18A854713063E
:10365400F10085452300A40013054041A307F100B0
:10366400EF70212E7D55EF60301A7D55EF80D060CC
:103674007939D13AC12317050000130505D3D53A8A
:1036840017050000130565CAE12B034504008545B1
:10369400EF10A064F24062440561828023A8B18ADD
:1036A40023AAA18A828023ACB18A2386A18A82803C
:1036B4009387818A9C43797106D622D426D24AD034
:1036C4004ECE52CC1147639BE70483C7618A4144C1
:1036D40081CF9387818B8043B284B68983C7C18AA3
:1036E40003C7318299EB55442285B2502254925437
:1036F4000259F249624A4561828083464400639AD2
:10370400A600834654006396B60083466400638033
:10371400E606FD1793F7F70F2104E9B7094741447B
:10372400E384E7FC2C001305504123040100EF60FF
:103734001138834781008DCB930500020D45EF308E
:10374400503F930500031145EF30B03E95450545C4
:10375400EF30303E85473000854513055030230453
:10376400F100EF80816549B709314144B5BF035584
:10377400240093056100EF70406C35D54C4503D5AA
:10378400418AEF702006058939DD13990401135924
:103794000901014781464A86ED4503D5418A035A0A
:1037A4000400EF60303E2AC64D441DDD2686CE85DA
:1037B400231441012315210197D0FF1FE780E00E58
:1037C40001462C0003D5418AEF70B05E2A84E30DD4
:1037D40005F0ED452800EF60B05239B7C84101113A
:1037E40022CC06CE3284034615000345050022068A
:1037F400498E19CB0D681308B8A42D456309060733
:10380400F2406244056182800D651308D5A463000B
:103814000603130825A2630C060175781308E85CF7
:103824003298420813580801854863EE080303D50B
:10383400A50036C632C4CD3CB24615C19387018B70
:103844009C4322468345550003A30700A287624494
:10385400F24003454500368785460561028323907F
:103864000600014571BF1308B5A46317060303D608
:10387400A1821D45E376C7F8198E63D3C7003E863F
:10388400CC452390C60042064182BA95228597D042
:10389400FF1FE7808001F1B79307A5A46318F60022
:1038A40091472390F6001146CC45CDB793078590F8
:1038B4006317F60089472390F6000946F5B7930786
:1038C400E5A4631AF600DC452390160183C70700BC
:1038D4002300F40079B713057590E314A6F8D9BF53
:1038E400011122CC06CE26CA4AC82317D1002D4482
:1038F40029EBDC412E89B28403C4170083C7070077
:1039040022045D8C8D679386D7A46306D4009386C6
:1039140027A3631FD4020355A900393419E10144D4
:103924000DA09387018B9C438345550003454500B7
:1039340003A807002286A6871307E10081460298A0
:103944002A842285F2406244D2444249056182803D
:103954009386C7A46314D4028357E1000547354412
:10396400E391E7FE0345060013040008E3EBA7FC1C
:103974009387018B9C43DC43829755B793862790AA
:10398400631AD4028356E1008547EF60F06A2A8403
:103994004DF99387818B8356A9009C4303C7C18A41
:1039A4003DDF03D627006302D6047D171377F70F94
:1039B400A107FDB79387E7A4E313F4F68357E10067
:1039C40005473544E39FE7F6034506001304000862
:1039D400E3E9A7F6DC452380A7009387018B9C438A
:1039E4003335A0000905DC4341BF1387018B18431D
:1039F40003C5470083C5570083C714000328070085
:103A040003C70400A2078946D98FC207C1870547A7
:103A14006383E7008D460D66A6871307E10013064E
:103A24002690029839BF411122C441641305F4FF62
:103A34009385419E06C626C24AC0EF80102713050F
:103A4400F4FF9385419D97E4FF1F93846472EF8094
:103A5400D02597F6FF1F9386A68B4146E945268518
:103A6400EF80D019CC4C2A890945EFF04FE4138735
:103A7400818383460700938741830347170003C666
:103A840017001384419F83C50700A306E40083D76E
:103A9400A40CA30EE40003D7A416A302C400A30A33
:103AA400C40003D6A4132310F400231CE40083D71A
:103AB400A40D1387018303D5A4102318C40003574E
:103AC400070003D6A4142311F40085472303F4004C
:103AD4002306D4002307F4002319C400230ED400C2
:103AE4002302B4002314A400230AB4002315040001
:103AF400230B0400231D0400230F04002312E402FB
:103B040003D7A4189385C1A12303F4022310E4026C
:103B1400231104020D45EFF08FD9A2851D456136AE
:103B2400B24022444A8592440249410182808D6711
:103B3400138527A36301A6049387D7A40145631EB5
:103B4400F6008947639CF500854735456397F60081
:103B5400834707002381F18C014582808D472945E5
:103B6400E39DF5FE85473545E399F6FE8347070057
:103B74002380F18CD5B785473545E390F6FE83471E
:103B84000700A38FF18AC9BF8D67138527A3630834
:103B9400A6029387D7A46317F6028947639BF500AF
:103BA40083C7218C2300F70085472390F600014545
:103BB40082808D476398F50083C7018CE5B783C77E
:103BC400F18BCDB723900600DDB70145828025E354
:103BD40003A84500AE888347180003480800A207DD
:103BE400B3E707010D68930EF8A4639AD7039147CE
:103BF4003548639FF60203A5C8004111B2851146FA
:103C040006C697D0FF1FE78040CA9387018D9C4367
:103C140005458297B240014842854101828093085C
:103C2400289029486396170185476F60F0402D4816
:103C340042858280416541119385C1A27D1506C6E6
:103C4400EF80B006B24097E6FF1F93862673414685
:103C5400994517E5FF1F1305656C41016F80007AD4
:103C640023A8A18C828001119385C1A222CC06CE07
:103C74002A84EF603037058929C10147814605460A
:103C8400ED452285EF6000702AC605C997E7FF1F3E
:103C94009387C76883D7A70401462C002314F10037
:103CA40085472315F100230005002285EF7070106D
:103CB40009C5ED452800EF60B004F2406244056197
:103CC400828041677917630CE502411122C406C65C
:103CD40085472A84639AF50022852244B24093855D
:103CE400C1A241016F80607C89476396F5008545D8
:103CF400EFA0D03775D1B240224441018280828046
:103D040011456FE06FE6411193962500AA852D4574
:103D140006C697C0FF1FE780407AB24001454101C3
:103D24008280011122CC06CE3714004026CA4AC82C
:103D34004EC652C483447405034AB40583498405BA
:103D440003499405EFE02FBD8347A40593F4F40FD2
:103D5400137AFA0F93E71700230DF40493F9F90F7C
:103D64001379F90FB717004003C7A705058B6DFF3B
:103D740003D5C705A38D4705238C3705A38C2705D9
:103D8400A38B9704F2406244D2444249B249224A86
:103D94000561828041119397050122C406C6C1873B
:103DA4002E8463DD0700EF00703119C1EF00F024A9
:103DB4002165218DB24022444101828093F7150090
:103DC40013C51500E5FB93F7250013C52500FDF386
:103DD4009397250163D00702EF10B14D153737F6DD
:103DE4000200130606E0896503C5818DEF10A00E5D
:103DF4000965C1B7939715010145E3DD07FA172556
:103E0400020013056536EF00327C130600649165E9
:103E140003C5818DEF10200C116561BF2D71232A1C
:103E24009110FD74E98C232C811023282111232661
:103E340031112A84AE893289930600100A86A68538
:103E44002D45232E111097C0FF1FE780006713151F
:103E5400440151810A0513962900CA850A9597D011
:103E6400FF1FE78080A4A68585660146254597C087
:103E7400FF1FE78080640A86A68593060010294503
:103E840097C0FF1FE78060638320C1110324811161
:103E940083244111032901118329C11015618280F2
:103EA400B7F7070003C70701411106C622C426C29B
:103EB4004AC0A547631AF7009537B240224492449A
:103EC400024901454101828013942500AA84328964
:103ED400A286AA850146254597C0FF1FE780E05DBD
:103EE400A2864A86A685294597C0FF1FE780E05C25
:103EF400E9B71D7149469725020093856522172568
:103F040002001305A55D86CE97D0FF1FE78020A78A
:103F140001E9172502001305E521EF00F26A01A06B
:103F2400B7F600E0795798CAFD57DCCA0567B7E7CA
:103F340000E023A0E7101306F00290C223A0E718C4
:103F44000F10000017D7FF1F130787F323AAE18C74
:103F54004157A38AE740130600048145080897D017
:103F6400FF1FE780A09B97F7FF1F938727813EC819
:103F7400896793870780231AF1009D673ECCB707B2
:103F84000105938707103ECEED472310F1028547C4
:103F94002301F10297070000938727D7BEC2970732
:103FA4000000938727F0BEC48567938757D12312F7
:103FB400F10297F7FFFF938727E13ED8B7F5070093
:103FC40097070000938727D63EDC814697070000B9
:103FD400938747D33000E10519453EDE97C0FF1FA4
:103FE400E780A04D18088147994630003E96034665
:103FF400060085070507A30BC700E398D7FEC24751
:1040040091C70357410185676373F70001A08307D4
:10401400410263D7070493078008F3B7078093F737
:1040240087083EC40F100000B7170040130770053F
:104034002380E704130780FA2380E7040F100000AD
:10404400B847B706100013670718B8C79853558FB9
:1040540098D323800704A247F3A707800F1000001A
:104064000808EF100052AA8501C91725020013059C
:10407400A50DEF00324101A0F64025618280411177
:1040840017050000130545D106C622C4EF10A04B46
:104094001384818D2300A4001928034504002244BD
:1040A400B24013060032896541016F00D062797114
:1040B40006D613078008F337078093F787083EC2B4
:1040C4000F100000B7170040930570052380B70454
:1040D400130680FA2380C7040F10000083C6F7027A
:1040E40093F6A60FA387D702238007049246F3A66C
:1040F40006800F10000073370780137787083AC4CF
:104104000F1000002380B7042380C7040F100000A1
:1041140003C7F70213672700A387E7022380070476
:10412400A247F3A707800F1000000545EFE0EF81D9
:10413400C13E814701478146054685451305407EBA
:10414400EFE08F8568005146814597C0FF1FE780E7
:10415400E07CB707C0A83EC8B787E803938707D0B9
:104164003ECA680097C7FF1F9387E7253EC6EF1036
:104174002075B2504561828093F715009DCB3717A7
:1041840000408327870C4111856622C406C6B58F7B
:104194002324F70C03D6018E2E8411C6854503C54E
:1041A400C183EF00505313451400B240224441012F
:1041B400828001458280411117050000130505FC2A
:1041C40006C6EF104038238EA1828D450565EFE0C9
:1041D400DFAD371700408327C70CB2408566D58F03
:1041E4002326F70C41018280411106C622C485476B
:1041F4006315F502854503C5C183EF005078371771
:1042040000402390018E8327C70C8566D58F232613
:10421400F70CB24022444101828065FD2E8403C51F
:10422400C1838545EF00B0751306006419E01306D9
:1042340000142244B2402390C18E03C5C183854536
:1042440041016F00504982803D897D15954763EE99
:10425400A71017270200130767F10A053A951C41B6
:10426400011106CEBA9782872C0013054030EF70F7
:1042740011212C000545EF50A0201725020013053D
:1042840065F3EF0072343DA003C725008D47631327
:10429400F702172502001305E5F2EF00F2322C00B5
:1042A4001305504123040100EF6061008345810040
:1042B40001451D3FF2400561828003C725009547F3
:1042C400E31AF7FE83D7A5000D6691451306062071
:1042D40003C521852398F184EF00F03F17250200E0
:1042E400130545EFEF00522E81450545D9B703C7A5
:1042F40025008D47E310F7FC17250200130545EE52
:1043040049B783C725001147172502001305C5EED9
:104314006381E70419476397E70283C5650017259E
:104324000200130525EFEF00F215854501456D3DAB
:10433400854730008545130550302304F100EF70A4
:10434400D1278DBF1547E395E7FE17250200130516
:1043540025EEEF007227E9BF83C52500172502006B
:10436400130585EEEF001212B1B78280411106C623
:1043740022C43A883E8795EA32830D661306D6A492
:104384002A8EAE88834608006319C3008947639662
:10439400F50085473544639EF6022244B2401A86EE
:1043A400C685728541016FF08FF885476398F600E2
:1043B4002244B240C28641016FF00FFD8947014497
:1043C4006399F6001306401F894503C52185EF0054
:1043D40090302285B240224441018280411193975A
:1043E400050122C406C6C1872E8463DD070003C508
:1043F4002185E92111C111212165218DB240224479
:104404004101828093F7150013C51500E5FB93F76E
:10441400450099CF83C721851307401F8146214654
:10442400A14503D50185EF70016113454400F9B737
:1044340093F785009DC3014789460946814503D505
:104444000185EF70B14BAA8517250200130585D3AA
:10445400EF0052031345840055B793F72500014537
:10446400D1DF01244146894503C52185EF00B026EB
:104474001345240061B7011117050000130545F623
:1044840006CE22CC26CAEF10000C93842185054465
:104494002380A40030008545130550302304810097
:1044A400EF70B111138601849D4513056030EF70E0
:1044B400D11017E6FF1F130626EEF54513057030DD
:1044C400EF70B10F17260200130646CDD5450145FE
:1044D400EF5030228D47300091451305704023037F
:1044E400F10023028100A303810002C4A30201009E
:1044F400EF6021455000854513050040EF6061449D
:1045040013065100854513051040EF6081431306DF
:104514006100854513052040EF60A1421306710038
:10452400854513055040EF60C141B707090099075D
:104534003EC4B7072C01D1073000A14511453EC642
:10454400EF50301B99473000854505452304F100A1
:10455400EFE09FB2EFF02FCD97E5FF1F9385C5E203
:1045640013858184EFF08F9303C504008545EF0024
:10457400C076F2406244D244056182800111230472
:10458400A1002305B100340021468545014506CE2E
:10459400A3040100A305010002C6EFF06F91F240ED
:1045A40005618280C16703D50185F9176304F500AD
:1045B4006F709132828041111305800406C697C042
:1045C400FF1FE78080AE371700408327870A8D4599
:1045D4001305002093E707202324F70AEFE08FE276
:1045E400EFE0BF8717250200130545EFEF00C27DFA
:1045F400EFF03F902928EFF09FA8EF707130EFF0B3
:104604008F83553E8D3D97C0FF1FE780A0DE41118B
:1046140026C28564138504C38D4506C622C4EFE013
:104624006FDE371400408327840A138704C385454B
:10463400D98F2324F40A0D65EFE0CFDC85451305FB
:104644000009EFE08FE68D450565EFE00FE683276F
:10465400C40CB240C58F2326F40C22449244410179
:104664008280397122DC4ED652D456D25AD06AC8CE
:1046740006DE26DA4AD85ECE62CC66CA6EC6972AB1
:104684000200938A6ABF97E9FF1F9389E9D2014424
:10469400130A1004371D0040130BC00783C60A0019
:1046A40083A74A00639C460B8326CD0AD58F232615
:1046B400FD0A01000100010001001729020013098D
:1046C400A9B9CE8D81443D4C930CD007914B8346C0
:1046D4000900832749006399460983264D0AF58F0B
:1046E400B386840093F6F60FB337F000639486091B
:1046F400BDEF83D7218E636AFB008507C207C183A0
:104704002391F18E63939701713D850493F4F40F23
:104714002109910DE39D74FB83C70A0083A64A0017
:104724006399470983278D0AD58F2324FD0A110431
:104734001374F40FC147A10AC109E311F4F6F2504E
:104744006254D2544259B259225A925A025BF24BE1
:10475400624CD24C424DB24D216182808326CD0CF5
:10476400D58F2326FD0CB1B783264D0C8DBF239125
:10477400018E61BF83C62D00638AF60283C63D00A5
:104784000547850693F6F60FA381DD00E37FD7F690
:104794002381FD00A3810D0099E783C50D0003C5A6
:1047A4001D00E93B9DB781450145E5BFA3810D008F
:1047B400A9BF83278D0CD58F2324FD0C8DBF23AC7B
:1047C40005FE1C4191E7010001000CC18280BA87FB
:1047D40003A787FF6DFF23ACB7FE8280184183A730
:1047E40085FF6319B7001CC1FD5723AC05FE238F59
:1047F400F5FE8280232CF6FEC5BF411122C437E4A6
:1048040000E026C204403707200006C6F98C2320A6
:10481400E4180F10000009E9232094101545B24054
:1048240022449244410182800347E5FF9307F00F3D
:104834006306F700232094101145D5B797D0FF1FC6
:10484400E78080C9014523209410D1BF411126C2BD
:10485400B7E400E04AC003A90400B707200006C675
:1048640022C43379F90023A0F4180F10000009E9D9
:1048740023A02411B240224492440249410182807F
:104884009565938505D0C98D2A842105C205420505
:10489400C181418197D0FF1FE780E0B401CDFD576E
:1048A40023200500231285002303F50023A02411EF
:1048B4002105C9B723A0241101456DBF0111B7E734
:1048C40000E04AC803A907004EC63707200006CEF9
:1048D40022CC26CAAA893379E90023A0E7180F104D
:1048E400000097F7FF1F9387276E8043814401469A
:1048F40019E499E8A1654E85EF00700805A0834787
:10490400E4FF6399370385CCA68517F5FF1F1305CC
:10491400A56BE93565D0A1654E85C126F240624498
:10492400B7E700E023A0271126854249D244B249C3
:104934000561828091E02286032484FF55BFA2840E
:10494400E5BF41114AC037E900E022C4032409004D
:104954003707200006C626C2798C2320E9180F10D9
:10496400000089E523208910154515A0AA8497F72E
:10497400FF1F83C7B7652E8563F5F400894763EE8F
:104984009700A53DB7E700E023A087100D45B2408E
:104994002244924402494101828083A785FF99E71A
:1049A40003C7E5FF9307F00F6308F700B935B7E7CE
:1049B40000E023A087104DBF238F95FE17F5FF1F3E
:1049C40013058560ED3BA1652685012E0145232055
:1049D400891075BF97F7FF1F23A8075E828097F79A
:1049E400FF1F9387E7639C4399E33E85828003D747
:1049F40027006316B70003C70700E308A7FEDC47D8
:104A0400E5B7A5C1011106CE22CC26CA8147C1460D
:104A140033D7F540058B29C312053E95314733053D
:104A2400E50217F7FF1F1307E76304430544331434
:104A3400F4002EC642044180AA949C40C840829748
:104A4400B24523A0040023A20400A18DF2406244D5
:104A5400D2442E85056182808507E39BD7FA014401
:104A6400EDB72E858280C9C1797122D406D626D2AB
:104A74004AD04ECE01444147B3D78540858BA5C368
:104A84001205314722953305E50297F7FF1F9387F7
:104A9400675D03A907008544B3948400C204C18000
:104AA400BE892A990327090011C7032549002EC688
:104AB4000297B24531473304E40283A709003E94C8
:104AC4001C4489E72320090023220900B250225400
:104AD400A58D02599254F2492E85456182800504C0
:104AE400E31CE4F88144DDB72E8582804111B7E7E9
:104AF40000E022C480433707200006C626C2798C12
:104B040023A0E7180F10000097F7FF1F9387875122
:104B14009C539384418599C782979C403E9523AAD0
:104B2400A18439A097F7FF1F9387074F9C43EDF7A4
:104B34008840B74703009387D73F3305F502B7A7EB
:104B44002600938737ECB24092443E9523AAA18471
:104B5400B7E700E023A087102244410182800111BD
:104B6400B7E700E022CC80434AC83707200006CECE
:104B740026CA2A892E86798C23A0E7180F100000F4
:104B8400131506019305F004418132C697D0FF1F27
:104B9400E7806085AA8419C53246CA8597C0FF1F7D
:104BA400E780A0D0B7E700E023A08710F24062447A
:104BB40026854249D244056182807971B7E700E0D5
:104BC40022D480433708200006D626D24AD04ECEBF
:104BD40052CC56CA5AC85EC662C43374040123A0B8
:104BE40007190F10000005E123A087100945B250F2
:104BF400225492540259F249624AD24A424BB24B6D
:104C0400224C4561828097F7FF1F9387E7409C43BE
:104C1400BA8A368AB28B2E8BAA89829797F7FF1F9E
:104C24009387474498433E898144B146C147338CB6
:104C3400D40233068701104241EAC165938505F029
:104C4400414597C0FF1FE780007A05E197F7FF1FF2
:104C54009387473D9C5B81C7814511458297B7E7A0
:104C640000E023A087102D4559B797F7FF1F9387BE
:104C7400273B984331E797F7FF1F23A3A73A230065
:104C840005008327090005473317970023260500ED
:104C9400232475012311E50023225501E29723A063
:104CA400370123A2670123A4570163040A002300E8
:104CB4009A00B7E700E023A0871001450DBF3E87A7
:104CC4005C47F5FF48C765BF8504E392F4F6B7E790
:104CD40000E023A08710214519BFB7E700E09843FF
:104CE400B706200023A0D718758F0F10000097F681
:104CF400FF1F83C6B62D6373D50217F6FF1F130675
:104D0400E631931615000842369583560500D58D75
:104D14002310B50023A0E7100145828023A0E710EB
:104D24000D458280B7E700E09843B706200023A032
:104D3400D718758F0F10000097F6FF1F83C616292A
:104D44006375D50217F6FF1F1306462D931615003B
:104D5400084293C5F5FF369583560500F58D23105B
:104D6400B50023A0E7100145828023A0E7100D457C
:104D74008280011137E700E026CA0443B706200009
:104D840006CE22CC4AC84EC652C4F58C2320D7186E
:104D94000F100000130705FF1377F70FFD4763E5B6
:104DA400E70AB146B306D50297F7FF1F9387872B0F
:104DB400984336971C43C9CB135A450005443D8993
:104DC4003315A4001314050141802E895285A28550
:104DD4003931AA8929CDA2855285A93797F7FF1FB2
:104DE400938787239C43829797F7FF1F83D7C7280E
:104DF400338727032A84814613060064B3B7270345
:104E040013050732B335E500BE95EFF0D122B307A1
:104E1400850097F6FF1F9386A6253E87D44263E458
:104E2400A70063E4D7003387D74023A4E900B7E79A
:104E340000E023A097100145F2406244D244424965
:104E4400B249224A05618280B7E700E023A09710A7
:104E54000945DDB70111B7E700E026CA84433707E7
:104E6400200006CE22CC4AC84EC6F98C23A0E718EF
:104E74000F100000BD4763EAA70431473307E5027A
:104E840097F7FF1F9387071E9C43BA979C4395CFC0
:104E940005443314A400420441802E890145A285AF
:104EA400EFF0FFB3AA8911C5A2850145A53D23A44E
:104EB4002901B7E700E023A097100145F2406244BE
:104EC400D2444249B24905618280B7E700E023A099
:104ED40097100945E5B779714AD037E900E026D241
:104EE40083240900B707200006D622D44ECE52CC24
:104EF40056CA5AC85EC6FD8C2320F9180F1000004C
:104F040097F7FF1F83C7970C637AF50097F7FF1F86
:104F14009387871083AB070063970B00B7E700E024
:104F240023A09710A9A017FBFF1F130B6B14832A50
:104F34004B00B74736FE938707C82E8A97F5FF1FA5
:104F440083D58513BE9AB387C5022A84B289814664
:104F5400B3B5C50213850732B337F50013060064F1
:104F6400BE95EFF0510D63F0AA022320991001457C
:104F7400B250225492540259F249624AD24A424BE4
:104F8400B24B45618280829B97F5FF1F83D5C50E86
:104F9400B38735032A89130600648146B3B5350304
:104FA40013850732B337F500BE95EFF0D108B30788
:104FB40025013E8903274B0063E4A70063E4E7006F
:104FC4003389E740D2852285EFF07FA109C92324E4
:104FD4002501B7E700E023A09710054551BF93656D
:104FE40004F0C205C181414597C0FF1FE780A03F7F
:104FF40019E997F7FF1F9387E7029C5B85D3A28586
:105004001145829721BF97F7FF1F938767019C4340
:1050140085E797F7FF1F23A5A700854723260500EB
:10502400232425012311450123008500A300F50055
:105034002322050079BFBA87D84775FFC8C7F1BFD7
:105044007971B7E700E026D284433707200006D6FB
:1050540022D44AD04ECE52CC56CA5AC85EC662C476
:1050640066C26AC0F98C23A0E7180F1000003DC186
:105074004144B689B28A2E8A2A89B14C17FBFF1F94
:10508400130B4BFE054D130C0003B30B94030327C2
:105094000B005E971C43A5E39375F400B315BD00A4
:1050A40013554440C2055686C1811375F50F253545
:1050B40039C183270B00DE9723A0270123A24701D0
:1050C4006384090023808900B7E700E023A09710D8
:1050D400014521A023A097100945B25022549254AF
:1050E4000259F249624AD24A424BB24B224C924C88
:1050F400024D456182800504E31984F9B7E700E0B5
:1051040023A097102145D1BF0111B7E700E026CABB
:10511400844322CC4AC84EC63707200006CE2A84D0
:10512400AE893289F98C23A0E7180F10000065338B
:105134002285CE85EFF0BF8A2A8405C597F5FF1F27
:1051440083D585F3B3872503130600648146B3B57D
:10515400250313850732B337F500BE95EFF0A16D33
:1051640048C013351400F2406244B7E700E023A0BE
:1051740097104249D244B2490E050561828001115B
:10518400B7E700E04AC803A9070022CC4EC6370798
:10519400200006CE26CAAA892E843379E90023A0EA
:1051A400E7180F100000EFF09F83AA8419C12311A0
:1051B4000500A2854E85BD3697F7FF1F83C707E11B
:1051C400639B370197F7FF1F83D7C7E45D8C97F77D
:1051D400FF1F239187E4B7E700E023A027110145CF
:1051E40091E01945F2406244D2444249B249056112
:1051F400828001114AC837E900E022CC0324090067
:10520400B707200006CE26CA4EC67D8C2320F91887
:105214000F1000009307F00263E8A704B147B3043A
:10522400F50297F9FF1F9389E9E383A70900A6977D
:105234009C439DCB9377F5008545B395F500C20556
:10524400C18111812D3F83A709000145A69723A0A1
:10525400070023A2070023208910F2406244D244AD
:105264004249B24905618280B7E700E023A0871074
:105274000945E5B74111B7E700E026C2844306C6F5
:1052840022C437072000F98C23A0E7180F10000070
:10529400EFF0EFF419E90145B2402244B7E700E02A
:1052A40023A0971092444101828097F7FF1F9387B0
:1052B400A7D69C430045829797F7FF1F938747DB48
:1052C4006368A402D843B74636FE938606C83305FE
:1052D400A4403697E371E5FC13070064B335E50297
:1052E40003D6870081463305E502EFF0C1546DB75C
:1052F400D8433A94C1BF411122C426C217F4FF1FF8
:10530400130404D797F4FF1F938444CC9448584063
:1053140097F7FF1F938747D006C69C436393E6081D
:1053240082975440B74736FE938707C8B6973387AA
:10533400A7003A856364F7006364D7003305D74058
:1053440097F4FF1F9384C4EBDC5081CF97F7FF1FC2
:105354009387C7F294433707CDFF7D179C46F98F97
:105364009CC611E1484097F7FF1F9387A7CBDC53F6
:10537400829719E5DC508DC3EF00F10AEFF0F05A83
:10538400DC5099CB97F7FF1F938747EF9843B706F5
:1053940033001C47D58F1CC7B240224492444101BC
:1053A4008280829794485840B387A6003E8563E480
:1053B400D700E3E7E7F83385E74059B7411106C65C
:1053C40097F7FF1F23A4A7CA0295B24097F7FF1FC0
:1053D40023AAA7C0014541018280994763E9B70028
:1053E4008A0597F7FF1F938727C1BE9588C18280DE
:1053F40097F7FF1F23AAA7C611C5854717F7FF1FF5
:10540400230BF7C0828041117146814517F5FF1FB8
:10541400130585BE06C697F7FF1F23A307C097F79A
:10542400FF1F23A507C497F7FF1F23A707BE97F7FE
:10543400FF1F238207BE97F7FF1F23A707C297B05A
:10544400FF1FE780A04D13068002814517F5FF1F5B
:105454001305C5B797B0FF1FE780404CEF601154A8
:1054640097F7FF1F938707BC03C5C70383C7D703F9
:1054740085453E958D473305F50239051375F50FBE
:1054840097F7FF1F2385A7B499473305F502130542
:10549400052497C0FF1FE78000F517F7FF1F23239C
:1054A400A7BC59CD994717F6FF1F034646B23306EA
:1054B400F60281451306062497B0FF1FE7800046D5
:1054C40097F7FF1F938707BA9C439387072417F71F
:1054D400FF1F2321F7B217F7FF1F034747AF0A0740
:1054E400BA9717F7FF1F232BF7B2EFF0AFCEE129DE
:1054F40097F7FF1F938707B0944397F7FF1F83C75E
:10550400F7AC13972700369717F6FFFF1306E655F7
:1055140010C3138717001377F70F0A07369717F688
:10552400FFFF1306464E10C313873700890793F70E
:10553400F70F8A0797F5FF1FA38AE5A8B69790C3CC
:10554400B2404101828097F7FF1F83C737A817F73E
:10555400FF1F0347C7A763F3E70217F7FF1F1307EC
:1055640067A918439386170017F6FF1FA300D6A652
:1055740093962700369708C33E8582809307F00FE1
:10558400E5BF1C416384071641777D8FB706002071
:105594008947631ED71403574500630A0714411152
:1055A40022C419462A849305F00F610506C697B0F4
:1055B400FF1FE780204505478D476304E5121C441F
:1055C40081CB58589947630E0710185C630B07107A
:1055D40013060004814517F5FF1F1305A5A497B012
:1055E400FF1FE780A03313060004A28517F5FF1FF1
:1055F400130545A397B0FF1FE780202B97F7FF1FE4
:1056040083D707A317F7FF1F1307C7A199E79307CA
:10561400001097F6FF1F239DF6A097F7FF1F83C77F
:1056240047A191E7854797F6FF1F2384F6A097F7D4
:10563400FF1F83D727A091E7ED4797F6FF1F239B12
:10564400F69E97F7FF1F83C7D79E91E7954797F676
:10565400FF1FA380F69E97F7FF1F83C7C79D91E79F
:10566400854797F6FF1F2388F69C97F7FF1F83C78C
:10567400979C99E78347F70097F6FF1FA38DF69A47
:1056840097F7FF1F83C7579B81CF93F63700898312
:1056940017F6FF1F2306D69C97F6FF1FA382F69CDE
:1056A40097F7FF1F83C7479991E7D54797F6FF1FE1
:1056B4002384F6988347640199E79307C00397F618
:1056C400FF1F238CF6961C5791C7829797F7FF1FED
:1056D4002392A790FD5717F7FF1FA307F7C02533A1
:1056E4008147B24022443E854101828089473E85FC
:1056F400828001114EC697F9FF1F9389699783A78A
:10570400090006CE22CC26CA4AC852C4829713097D
:105714000064B335250303DA8900814652863305D4
:105724002503EFF0411197F7FF1F9387278A804FD6
:10573400AA8401456306940233858440636E940011
:1057440003A5490052868146B335A9023305A9024F
:10575400EFF0610E018D269597F7FF1F23A497881C
:10576400F2406244D2444249B249224A05618280ED
:10577400011122CC0A852E84414697150200938597
:10578400E58406CEEFF0A144180806043A940355C4
:1057940004FF97F7FF1F83D7478EF2406244AA970E
:1057A40037450F00130505243355F5020561828042
:1057B40097F7FF1F83D7678C51471D45637CF7021A
:1057C400794719456378F702130720031545637376
:1057D400F7021307B0041145637EF7001307400670
:1057E4000D456379F7001307600909456374F700F1
:1057F40013B5B70F8280011122CC06CE2A842EC69F
:10580400EFF0CFAEB245F240818D33A5A5022295CB
:1058140062441375F50F05618280011122CC06CE16
:105824002A842EC6EFF08FACB245F240818D33A5A9
:10583400A5022295624442054181056182800111DD
:1058440022CC06CE2A842EC6EFF04FAAB245F240EF
:10585400818D33B5A502229562440561828097E764
:10586400FF1F9387277C985739CB411122C426C246
:1058740006C6BE84029717E7FF1F0357A7752A843D
:1058840015CBBA876373A700AA87C207C183BA86F8
:105894006373E400A286C206C182958F5147635B9D
:1058A400F700DC5491C38297EF00A12097E7FF1F14
:1058B40023928772B24022449244410182808280C2
:1058C40097E7FF1F23A0077C97E7FF1F9387877540
:1058D400DC57011106CEAA8581C72AC68297B24534
:1058E400CDC19C410545D9CBDC41C9CB83D78500CB
:1058F400D1C783D7A500D9C3514617E5FF1F1305A8
:10590400257797B0FF1FE78040FA97E7FF1F2387AB
:10591400077697E7FF1F9387A7759C4317E7FF1F39
:10592400232CF76E97E7FF1F83C737718DE7930723
:10593400805717E5FF1F035525743305F5023746D5
:105944000F001306062481468145EFE0D16E97E7E8
:10595400FF1FA384A76E17E7FF1F0347176EA54712
:1059640063E7E700A94717E7FF1FA308F76C1705CC
:105974000000130545D8EFF07FA40145F24005610E
:10598400828097E7FF1F23A1076697B7FF1F9387BE
:10599400074617E7FF1F232DF76C7D5797E7FF1F77
:1059A40023AAE76CB7873200938727A197E6FF1FE6
:1059B40023A4F66C97E7FF1F2382076CB7C7004048
:1059C40023A4E726B9B7011122CC17E4FF1F13045F
:1059D4006465084406CE26CA4AC801E90545F24072
:1059E4006244D2444249056182805C58E5DB185C1C
:1059F40075D77000854582971844B247E300F7FED7
:105A04009305E00417E5FF1F0355856297C0FF1F48
:105A1400E780609D17E7FF1F232AA75C61D117E683
:105A2400FF1F0356E6609305F00F97B0FF1FE78052
:105A3400E0EE814417E9FF1F1309495997E7FF1F57
:105A440083C7275F0326090263C1F402328597C026
:105A5400FF1FE78060A8014597E7FF1F23A80758A9
:105A640097E7FF1F23A607589DBF97E5FF1F83D520
:105A7400255CB38795020844185C898185043E95AA
:105A840008C2029765BF011156C297EAFF1F938AA5
:105A94006A5983A78A0022CC4AC84EC606CE26CAB3
:105AA40052C45AC0AA892E8432896386072203A766
:105AB4004A03630907141307F01F6367A71497E4E5
:105AC400FF1F9384A45003AA040263170A0A95656E
:105AD400938515E017E5FF1F0355855597C0FF1FF4
:105AE400E780609097E7FF1F23A2A7502A86630BE5
:105AF400051083A74A0303A58A0097E5FF1F83D5F2
:105B040025538981829783A78A0003AA040217E791
:105B1400FF1F232FF74C8947639CF908C147631380
:105B2400F40E97E5FF1F83D5A550938505FC914797
:105B3400B3C5F5028A05D29503C725009307A005CE
:105B4400631EF70A83D70500639A370B4A852286BA
:105B5400910597B0FF1FE78040D59C505285639311
:105B640047150145F2406244D2444249B249224AAF
:105B7400924A024B05618280D850E38EE7F895651E
:105B8400938525E017E5FF1F0355854A97C0FF1F3E
:105B9400E78060852A8A3DC52A8683A74A0303A530
:105BA4008A0097E5FF1F83D5A54889818297A5B709
:105BB4008D47639DF900C1476316F40497E5FF1F01
:105BC40083D50547938545FDF199B5B79147639A08
:105BD400F9006319340397E5FF1F83D56545A115C3
:105BE400E5B793070010639FF900A14763EC8700B2
:105BF40097E5FF1F83D5C543C115F9B79C5052855E
:105C04006396470D2945B9BF1D6A568B6371450BD1
:105C1400130A05E01947334AEA0217E7FF1F03573F
:105C2400274197EAFF1F938A6A3A330AEA023E9AA7
:105C340083A74A026395470183A40A029DE493055E
:105C4400E00417E5FF1F0355A53E97B0FF1FE7804B
:105C54008079AA8445D983274B0397E5FF1F83D511
:105C6400253D2A8689815285829791451307A0058F
:105C7400898193972500A69783C627006393E6043A
:105C840083D60700639C360385058A052286A6957C
:105C94004A8597B0FF1FE78040C183A70A02E382C9
:105CA40097EC268597C0FF1FE78000835DBD2167C1
:105CB4007917E369A7F4330A454185B783C53700EB
:105CC40045BF83A70A02E38F97F2268597C0FF1F7B
:105CD400E780808005BF97E7FF1F9387272F8C53AA
:105CE40095D191479306A0058983139727002E9792
:105CF40003462700E318D6F003560700631C360159
:105D040085078A072286BE954A8597B0FF1FE780DC
:105D1400C0B981BD83473700C1BF97E7FF1F938791
:105D24006730984739C79C5FA9C705476313E504E3
:105D3400411122C417E4FF1F13044429105006C65E
:105D44000DC6485097E5FF1F83D5852E898182971C
:105D5400085097B0FF1FE780207897E7FF1F23A71D
:105D6400072897E7FF1F23A50728B24022444101D3
:105D740082808280011117E7FF1F1307A72A4EC6EE
:105D84008329870022CC26CA4AC806CE52C456C2EA
:105D9400AA842E843289638B09201C5FBA8A99EB0A
:105DA4002945F2406244D2444249B249224A924AC5
:105DB400056182805C5BEDD79307F01F63EAA70E51
:105DC40097E9FF1F9389892083A70902B1CB03A513
:105DD4008A0083A749026395A70689476393F40859
:105DE400C147E31FF4FA17E5FF1F035565249147E4
:105DF400130505FC3345F5029317250003A5090295
:105E04002286CA853E959307A0052301F500231039
:105E14009500110597B0FF1FE78020A9014551B7F0
:105E24009305E00417E5FF1F0355852097B0FF1F76
:105E3400E780605B97E7FF1F23AAA71A49F98DB78C
:105E440083A74A0303A6090297E5FF1F83D5451ECE
:105E54008981829783A78A0017E7FF1F232AF718EF
:105E6400ADBF8D47639EF400C147E31BF4F217E511
:105E7400FF1F0355E51B130545FD9377C5FFBDBF04
:105E84009147639AF400E31D94F017E5FF1F03554F
:105E9400251A2115DDB793070010E393F4F0A14709
:105EA400E3E087F017E5FF1F035585184115F1B7A7
:105EB4009D676379F506930705E01947B3C7E702C1
:105EC40017E7FF1F0357C71617EAFF1F130A0A1025
:105ED400B387E702BE9983270A02A1CF83274A0228
:105EE4006399370703250A0291461308A005930511
:105EF400F00F93D72600139727002A97034627000D
:105F0400631F060783580700034637006395980606
:105F1400B306D64063CF860485078A072286CA85DE
:105F24003E95CDBD21677917E36CA7E6B307F5402D
:105F340041BF9305E00417E5FF1F0355650F97B0B4
:105F4400FF1FE780404A97E7FF1F23A1A70A59F5DF
:105F540081BD83A74A0303260A0297E5FF1F83D561
:105F6400250D89814E85829797E7FF1F23A2370964
:105F740095BF2310B70093160601C1829DBFB38558
:105F8400860017E6FF1F0356A60A9105130606FCB2
:105F9400E368B6E013063400719A1106B296230141
:105FA400070123109700A301D700BDB797E7FF1F90
:105FB4009387C7019453BE89A9C203A509029146D8
:105FC4001308A0059305F00F93D726001397270015
:105FD4002A970346270063180605835807000346DB
:105FE400370063989800B306D640E3D786F22310AF
:105FF400B70093160601C182C1BF8357C70017E5D6
:10600400FF1F034505039305E0043305F50242052C
:10601400418197B0FF1FE780003D97E7FF1F23A74B
:10602400A7FC41FDB5BB17E6FF1F0356660097E5C5
:10603400FF1F83C50500B385C5023386860011069C
:10604400E3E0C5D681BF01458280011106CE2EC68C
:10605400EF80806F01C9B245F24003552500056108
:106064006FC0F00CF240494505618280A38601901F
:106074002386019023AA018E23AC018E23AE018EC8
:1060840023A0019023A8018E23A6018E97E7FF1F6A
:1060940093878701930640382391D702F17613073B
:1060A400400B938606B82391E7002392D702116729
:1060B4009D46130600059305000A1305007D2392EF
:1060C400E7002393D70241478546130810F8239528
:1060D400E7002396E7002399E700239AE700239B30
:1060E400E700239CE7002394E7022390070023930F
:1060F400B7002394B7002397C7002398C700239DB4
:10610400A700239E0700239F0700239007022395DF
:10611400D70223960703239707029308F0072398CF
:1061240007022392E7042393E704239FE7042390C1
:10613400E7062391E7062392E7062399170313073B
:10614400C01C239AD702239BD702239C0702239DBA
:106154000702239E0702239F07022390070423912B
:10616400D70423940704239507042396D70423977D
:10617400C7042398C7042399A704239A0704239BDD
:106184000704239C0704239DC704239EC704239369
:10619400A706239407062395070623960706239745
:1061A400B7062398B70623990706239AE7065147AB
:1061B400239DE7067D57239B0706239C0706239E02
:1061C400D706239F0706239007092391E7088280B7
:1061D400011126CAAA84214522CC06CE2E8432C6B9
:1061E40036C43AC2EFE08FE61DC9A24612473246D2
:1061F400930700FD2300F5009947A30095002301B0
:10620400F5002303D500A303E5002312C500AA85E6
:1062140022856244F240D24405616FE08FF2F2407D
:106224006244D2440561828023AAA18E828023AC79
:10623400A18E828023AEA18E828023A0A190828031
:10624400011122CC4AC806CE26CA2A890144B304C5
:1062540089006368B400F2406244D2444249056153
:1062640082802EC6EFE09F8893170501C183A18326
:10627400B2452380F4009307140093F7F70F8504C5
:1062840063F9B700CA9709042380A7001374F40FB5
:106294007DBF3E847DBFC16717E5FF1F035525DF22
:1062A400FD176304F502411117E6FF1F0346C6F309
:1062B4009385419006C6EF80C026B240FD5717E78C
:1062C400FF1F2316F7DC41018280828009C925154E
:1062D4001375F50F1335850E13451500828001459E
:1062E400828023900500C9C6797122D426D24ECE6D
:1062F40052CC5AC806D64AD056CA5EC63684328AAA
:10630400AE892A8B814463F34407B307940083C79F
:106314000700138914004209939A070193DA0A01CA
:106324001359090163840A04CA976341FA04B30741
:10633400240183CB07005E85513F0DC99387FAFF83
:106344002390F90063906B03130519002295B25052
:10635400225492540259F249624AD24A424BB24BF5
:1063640045618280D694C204C18071BF0145C5B71E
:1063740001458280411126C2AE8422C497E7FF1FE3
:1063840023AEC7D097E7FF1F23A8B7D097E7FF1F17
:1063940023A2A7D02A8441469305F00F26854AC03C
:1063A40006C6054997A0FF1FE780C0656310250551
:1063B40097E7FF1F938747CD884BC1455135414629
:1063C4009305F00F228597A0FF1FE780A063854403
:1063D40063189502224497E7FF1F9387E7CAB240E8
:1063E40092440249C847C145410199BD414681458E
:1063F400268597A0FF1FE780E060E31225FD4DBFCF
:1064040041468145228597A0FF1FE780A05FE303F3
:1064140095FCB240224492440249410182804111D8
:1064240022C426C22E84AA8413060002814517E5DD
:10643400FF1F130565C506C697A0FF1FE780004E22
:1064440097E7FF1FA38397C497E7FF1F238087DA8B
:10645400EFC0E04F854719C181474945B240224406
:1064640017E7FF1F2302F7C292444101828081474C
:1064740081CD19C98547631BF50083C7550093E790
:1064840007FCA382F50085473E8582808947631710
:10649400F50083C7550093F7F703E5B70D47854724
:1064A400E314E5FE03C755001377F70313670704E6
:1064B400A382E500D1BF81478DC105C103C7550043
:1064C4009306000C85471377070C6308D7009306DF
:1064D40000048D476303D70089473E8582804111BC
:1064E40022C4005D06C626C21DC8AA84085009C578
:1064F40097B0FF1FE78040FE485009C597B0FF1FC3
:10650400E78080FD085409C597B0FF1FE780C0FCF1
:10651400228597B0FF1FE78020FC23AC0402B24021
:10652400224492444101828009ED97E7FF1F83C70B
:10653400C7B517E5FF1F1305A5B681CB1385418E9B
:10654400828017E5FF1F1305A5B5828017E5FF1F9D
:106554000345A5B3828097E7FF1F9387E7B2C84737
:10656400828097E7FF1F938727B2884B828097E743
:10657400FF1F938767B1DC4B8843828097E7FF1F37
:10658400938787B0D84B1C4385071CC317E5FF1FAF
:106594000345B5AF9307F00F6305F50091656FE010
:1065A400CFF38280011122CC06CE2E8432C6EF8036
:1065B400602A9147B245631FF500938701909C437D
:1065C4008DC303A30700630E030022856244F240D7
:1065D400056102839387818F9C4381C703A347008E
:1065E400DDB7F2406244054505618280011122CC89
:1065F4002A840355450006CE26CA4AC84EC6EF80F3
:10660400800335C52A89834405008349C500C13DFB
:106614004A85EF80A06303554400EF80E01E83C7E2
:10662400C190B1CB6399970483C5D1902685EFF0CF
:10663400DFA119E12386019003554400EF808021F6
:106644009147631FF5000357440097E7FF1F83D763
:1066540007A46317F700FD5717E7FF1F2319F7A2D5
:10666400F2406244D2444249B24905618280814980
:106674009304F00F6DB79307F00FE38FF4FA83469A
:10668400640003564400034524004E87A685EFF0BA
:106694003FB45DB779715EC6AA8B2E8552CC56CABB
:1066A4005AC806D622D426D24AD04ECEAE8A328BCF
:1066B400368AEF7050787DC1045D2A89E5C09C500C
:1066C400614599C3130540039C5481C75105420594
:1066D400418163050A00710542054181DC5081C78F
:1066E4005D0542054181EFE06F962A8445C9614604
:1066F400814597A0FF1FE780602297E9FF1F83C9A8
:10670400A99D6394090083490900930700FD2300B0
:10671400F400A947A30074012301F40023036401D6
:106724008C50231254011305840191C908C4714685
:10673400930A440397A0FF1FE780201756858C54C3
:1067440091C948C45146930A450197A0FF1FE780A9
:10675400C0155685630C0A0008C87146D285930A91
:10676400C50197A0FF1FE78040145685CC5099C5FA
:1067740048C85D4697A0FF1FE7802013A2854E8579
:10678400EFE02F9C2254B2509254F249624AD24A0A
:10679400424BB24B4A850259456191B3B2502254DF
:1067A40092540259F249624AD24A424BB24B456171
:1067B400828001114EC6AA892E854AC806CE22CCF3
:1067C40026CA2E89EF70306721C997E4FF1F83C45E
:1067D400A49099E0834405001945EFE02F872A84AB
:1067E40005CD8145194697A0FF1FE7802013930725
:1067F40000FD2300F400B947A30034012301F40091
:1068040023122401A2856244F2404249B2492685FA
:10681400D24405616FE0EF92F2406244D2444249AF
:10682400B2490561828039715ECEAA8B2E8526DA43
:106834004ED652D456D25AD006DE22DC4AD8AE8482
:10684400328BB68A3A8ABE8942C6EF70D05E21CDB9
:106854002A894145EFD09FFF2A8431C541468145AD
:1068640097A0FF1FE780800B17E5FF1F0345C58630
:1068740019E103450900930700FD2300F400BD4717
:106884002301F400B247A3007401231294002304EB
:106894006401A304540123054401A30534015CC429
:1068A400A285EFE00F8AF2506254D2544259B25991
:1068B400225A925A025BF24B21618280797126D26C
:1068C400AA8439454AD04ECE06D622D42EC6B289E1
:1068D4003689EFD0BFF721C1B2459307000D2310CD
:1068E400F500B1472A842312B5002301F500CE85B3
:1068F4001905194697A0FF1FE78020FB23062401F2
:10690400A2852254B2500259F24913F5F40F92545D
:1069140045616FE00F83B250225492540259F249F8
:106924004561828017D7FF1F034737769307F00F1F
:10693400630DF706411126C2AA84394522C406C64E
:106944004AC0EFD0BFF02A8439C9930700FD230061
:10695400F500A30095002301050097D5FF1F93853B
:1069640025740D05194697A0FF1FE78000F417D979
:10697400FF1F1309697183578900A28517D5FF1F6B
:106984000345B5702315F400834719002306F4006A
:106994002244B2409244024941016FD09FFAB2406E
:1069A40022449244024941018280828001115AC0EA
:1069B4002A8B314526CA4EC652C456C206CE22CCB4
:1069C4004AC8AE84B28A368ABA89EFD03FE835CD58
:1069D4002A842685EF70304611C50347C500A147B8
:1069E4006314F70417D9FF1F0349396A930700FD9D
:1069F4002300F4009D47A30064012301F400231243
:106A04009400231354012314440123153401A28553
:106A14006244F240D244B249224A924A024B4A8525
:106A2400424905616FD0FFF117D9FF1F0349197C53
:106A3400E31E0BFA9387819A9C439C47C5DBCE8661
:106A44005286D6852685829755B7F2406244D24451
:106A54004249B249224A924A024B0561828001119D
:106A640022CC2A84214506CE2EC6EFD03FDE21C19A
:106A7400B245930700FD2300F500C5472301F50047
:106A840083C73500A301F50083D745002312F50021
:106A940083C765002303F50083C77500AA85A30394
:106AA400F50022856244F24005616FD09FE9F2400F
:106AB400624405618280397162CC2A8C594526DA98
:106AC4004AD84ED652D456D25AD05ECE06DE22DCF6
:106AD400AE8432C636C4BA8B3E8BC28A468A835988
:106AE400010403494104EFD07FD625C932469307F8
:106AF40000FDA2462300F5009547A301C500A300AD
:106B040085012301F5002A8419461105A9C2B68519
:106B140097A0FF1FE78060D923066401230A24019C
:106B24002315740123175401231844012319340134
:106B3400A2856254F2504259B259225A925A025BC7
:106B4400F24B624C2685D25421616FD09FDF814580
:106B540097A0FF1FE78080DCC1B7F2506254D25483
:106B64004259B259225A925A025BF24B624C216149
:106B7400828097D7FF1F83C747518DCB4111AA85C8
:106B840019461385418E06C697A0FF1FE780E0D102
:106B94009385418E17D5FF1F0345254FEFF03F8D99
:106BA400B2401385418E41016FB0F05A0145828095
:106BB40017D7FF1F0347774D9307F00F6305F708B7
:106BC400411126C2AA84294522C406C6EFD01FC893
:106BD4002A8429C1930700FD2300F500A14723015E
:106BE400F500A300950097D7FF1F9387E74983C754
:106BF40027009385418E1105A30FF5FE194697A032
:106C0400FF1FE78080CAA28517D5FF1F0345F547FC
:106C1400EFD03FD317D7FF1F034727478D47631F85
:106C2400F7009387C18F9C4391CB03A3870063072D
:106C340003002244B240924441010283B240224400
:106C440092444101828017D7FF1F034707448D47B1
:106C5400631AF7009387C18F9C4389C703A38700F6
:106C6400E31D03FC8280797122D406D626D24AD051
:106C74004ECE52CC094455CD2A89035505002E8A9F
:106C84005144EF70501BAA844DC597D7FF1F83C78B
:106C9400E755FD1793F7F70F05474944637BF7085A
:106CA4000347C500A1476314F70063140A089C5CFA
:106CB4004544C1E39165938545711305C00297A0CE
:106CC400FF1FE780407288DCAA894D443DC113064A
:106CD400C002814597A0FF1FE78040C48357090085
:106CE4009386490036852391F9007146930549003E
:106CF40036C697A0FF1FE78040BB89472380F90071
:106D040003C5C400B24603560900611597D5FF1F99
:106D140083C5854D13351500EF80B0392A84630689
:106D24000A00D2852685EF80402201C42685EFF033
:106D34000FFB2285B250225492540259F249624AFE
:106D44004561828097D7FF1F83C7474AFD1793F792
:106D5400F70F05476378F708894751C6011122CC1C
:106D640026CA4AC84EC652C406CEAA89368AB284F6
:106D74002E89EF70500C2A84D14729C9485509C57A
:106D840097A0FF1FE7804075F1452685EFD03FDDD2
:106D940048D4CD4705CD8346C40021478147639F2E
:106DA400E600630D0A000347A50103560501930697
:106DB4002501AA854E85EF800021AA870347440058
:106DC400630F0900136767002302E400F240624482
:106DD400D2444249B249224A3E8505618280136702
:106DE4004700DDB7C9473E8582809307000463EB03
:106DF400A70097D7FF1F9387272B06053E950355BA
:106E04000500828041657D158280011122CC2A848F
:106E14002E8526CA06CEAE84EF70F0011DCDB7478D
:106E24000F009387F723094563E4870281450A85A8
:106E3400414697A0FF1FE78060AEA685231081001E
:106E44000A85418023018100A3010100EF80101213
:106E5400F2406244D244056182804945D5BF97D748
:106E6400FF1F2384A73882806F80D01E797152CC93
:106E74002A8A328522D426D24AD04ECE56CA5AC83D
:106E84005EC606D662C4AE8BB28A368BBA843E899D
:106E9400C2894684EF70207A15C92A8C63140A02C9
:106EA40013774B008347450015CF93E7270123024F
:106EB400FC008DEC631C0902639A090205E8ED9B52
:106EC4002302FC00832B8C03639F0B06B2502254D5
:106ED40092540259F249624AD24A424BB24B224C72
:106EE40045618280F59B93E70701D1B793E747009B
:106EF4002302FC0001CC1C484146A2852324FC0249
:106F040013058C0197A0FF1FE780209A63910B0261
:106F1400D5D80325CC0209C597A0FF1FE780C05B25
:106F2400F1452685EFD0BFC32326AC0261BFE30B36
:106F340009F80325CC0209C597A0FF1FE780C059B3
:106F4400F1454A85C5B79DC483A70B0299EB9165AA
:106F540093853571714597A0FF1FE780C04823A032
:106F6400AB0203A50B0219C57146A68597A0FF1FA6
:106F7400E780A0936388090283A74B0299EB91658C
:106F8400938525715D4597A0FF1FE780C04523A227
:106F9400AB0203A54B0219C55D46CE8597A0FF1F22
:106FA400E780A0901DC483A78B0299EB916593851C
:106FB4001571514597A0FF1FE780E04223A4AB025F
:106FC40003A58B0219C55146A28597A0FF1FE78030
:106FD400C08D2254B2509254F249B24B224CCA860C
:106FE4005A860259424BD6855285D24A624A456135
:106FF4006FF04FEA011126CA52C406CE22CC4AC809
:107004004EC62A8AAE84EF70006325C5AA89394525
:10701400EFD0DF832A8431CD17D9FF1F0349C90B71
:107024006314090003C909009307000D2310F40039
:10703400AD472301F4009385690013053400194614
:1070440097A0FF1FE780608693F7140085808588EA
:107054002306F400A306940023154401A285624488
:10706400F240D244B249224A4A85424905616FD06E
:107074005F8DF2406244D2444249B249224A0561DA
:10708400828001114EC652C456C206CE22CC26CAF4
:107094004AC8AA8A2E8AB289EF70E0592DCD2A896E
:1070A4001305C002EFD08FFA2A8435C597D4FF1F89
:1070B40083C4840299E0834409009307000D2310DC
:1070C400F400E9472301F400930569001305340033
:1070D40019469790FF1FE780407DD2852315540100
:1070E4001305C40041469790FF1FE780007CCE85BE
:1070F4001305C40141469790FF1FE780007BA285DA
:107104006244F2404249B249224A924A2685D24414
:1071140005616FD01F83F2406244D2444249B249B0
:10712400224A924A056182809387C18E884301CDA9
:10713400411106C697A0FF1FE780003AB24023A67C
:10714400018E410182808280011106CE22CC26CAA2
:107154004AC82EC6EF70204E39CDB24517D9FF1F4D
:10716400034989F7AA840CD563140900034905006F
:107174004145EFD0AFED2A841DCD9307000D2310B8
:10718400F500A5472301F50083C7540093856400E7
:107194001105A30FF5FE19469790FF1FE780E070D5
:1071A4009C54A285F2405CC46244D2444A8542495C
:1071B40005616FD00FF9F2406244D244424905613F
:1071C40082801D71A2CC86CE2A842EC6EF70A04682
:1071D40005CD8346C5001147AA8749456392E60257
:1071E4009C5FB24599C383C567012308B100979694
:1071F40000009386866A100889452285EF70B04B9B
:10720400F6406644256182805145DDBF97D7FF1F54
:1072140083C7C7FDFD1793F7F70F0547637AF70494
:10722400894721CA411122C426C24AC006C6B28473
:107234002E89EF7040402A84D14705C563080900B0
:107244008347450093E727002302F5004146A685BE
:10725400130584019790FF1FE78020659C481CD488
:107264008147B2402244924402493E8541018280D2
:10727400C9473E858280797122D406D62A842EC6D7
:10728400EF70603B01CDB2452285230EB1006C083E
:10729400EF703048B2502254456182805145DDBFC1
:1072A4006F700050C1671387E7FF6394E50293870B
:1072B400818F9C4391EB494582804945B2402244E9
:1072C400924402494101828003A30700E30503FEBF
:1072D4000283411122C426C24AC006C6FD172A8968
:1072E4002E84B2846395F5029387818F9C4391CB5E
:1072F4009C4381CB829711E523862191A3869190AB
:1073040075BFA6854A85EFE05FD44DF9F5B72E85A4
:10731400EF7060325DD1834705000D45E39027FB94
:1073240022852244B2400249A685924441016FB0AD
:1073340000609307000463E2A7064111C16722C4F9
:1073440006C626C2FD172A8409456382F502C5478D
:10735400AE846313F4022E85EFB0606417D5FF1F6B
:10736400130585D406042A94231094000145B240E1
:1073740022449244410182809307A0036316F400DF
:107384002E85EFB0405BD9BF9307B003E318F4FC3C
:1073940013F5F50FEFB0605AD1B70945828041115A
:1073A40006C622C42A84EFE07FCCEF208022EF10AF
:1073B4004062EF407104814517D5FF1F1305C5CC0A
:1073C400130600029790FF1FE780405597D7FF1FD1
:1073D400938787CB130700F02391E70023820700EC
:1073E4007D5797D7FF1F938727E02381E7002380EA
:1073F400870022852244B240954541016F503036C2
:10740400597193970501CAD086D6A2D4A6D2CECEFE
:10741400D2CCD6CADAC8DEC6E2C4E6C2EAC06EDEA0
:10742400C1872E8963D1075A17D5FF1F0345C5DBD2
:10743400EFD0CFC88964416A856A797B2A84938BAB
:10744400D4007D1AA50A130CABFF1DE0216533455A
:10745400A900B650265496540659F649664AD64AA7
:10746400464BB64B264C964C064DF25D65618280C8
:10747400834704001307200A639DE7000355240093
:1074840097D9FF1F83C979C02286D285EFF08F91E7
:1074940059A21307100997D9FF1F83C909D5639807
:1074A400E7188347140015476390E7022285EFF03D
:1074B400EF932285EFD06FB417D5FF1F0345C5D2D4
:1074C400EFD0CFBF2A8451B73947639BE7180355E0
:1074D4004400631B55050C4483CC0500639D0C00DC
:1074E400850591C9194617D5FF1F130565BB9790EC
:1074F400FF1FE780803B17D7FF1F0347E7B8854787
:107504006317F712638A0C0097D7FF1F238E07B601
:107514006685EFF02FC171BF894717D7FF1F230579
:10752400F7B6EFB0004371B793872400631AF506EA
:10753400832C8400638D0C0E83C70C008DE383C7FA
:107544002C0003C71C00A207D98F17D7FF1F2311D4
:10755400F7B483C73C0017D7FF1FA307F7B217D7A9
:10756400FF1F034767B289476313F70C83C70C00F7
:1075740081CB97D7FF1F238907B003C50C0051BFE8
:107584008D4797D5FF1F83C535B017D5FF1F03550A
:1075940025B017D7FF1F2309F7AEEF50501FF1BFD7
:1075A400938754006318F5001C4403C50700EFF0EB
:1075B4002FE001B7B3078501C207C1831147637286
:1075C400F7049307ABFCAA97139707014183F1478C
:1075D40063F1E7029387B4006312F5049387418F44
:1075E4009C43E38807EC9C43A285E38407EC8297E1
:1075F4001DA0B70700189387F770B3D7E700858BF2
:10760400B9CB9387C18F9C43E38507EA9C43E3820C
:1076140007EA22858297E31E05E811A89387C40030
:107624006310F5021C4483C70700E38407E893074B
:10763400F00FE380F9E8A2854E85EFD08FB0ADBDA1
:107644009387E4006319F5009387818F9C43E38259
:1076540007E6DC4351BF93871404E301F5F8C1BF87
:107664003D476397E70403554400E30F75FD938793
:107674009401E30BF5FC93873401E31AF5FA97D7E9
:10768400FF1F83D7C7A0639E47019387818F9C43C5
:10769400E38107E2DC43E38E07E0A285138534012E
:1076A400B9B7938701909C43E38507E09C43E5B712
:1076B4001307E003E39DE7F6834724000547639738
:1076C400E70E83476400938DC18EF1E383A70D0019
:1076D400D5CB83CC0700A14903457400130D840066
:1076E400EA85EFE05FDD83474401A303A4008358E8
:1076F40004010358E400035744002A860345340078
:107704003EC283572401EA86E6853EC0CE87EFF069
:107714008FBA8347340095E7DD4783580401035843
:10772400E40083467400835544003EC28357240119
:107734006A8705463EC06685CE87EF70A028A30100
:10774400A40083A70D0081C71145EFF0FF9D03C579
:10775400C190E30005D683C5D190EFE01F8FE30A03
:1077640005D48346340093071003638AF600035656
:1077740044004E8783C5C1903685EFE07FA52386FC
:10778400019005BB97DCFF1F83CC3C90A9B793877E
:10779400C18F9C4397DCFF1F83CC3C8F91498DDFC5
:1077A400DC439DDB8145014582973DB729476391C1
:1077B400E70C83476400138DC18EC1E783270D0056
:1077C400A5CF83CC0700A149034574009306840028
:1077D40093772500D1C713761500930D4401834791
:1077E40004028358C4010358A40103574400034509
:1077F40034003EC28357E401E6853EC0CE87EFF0F5
:107804008FAB8347340095E7DD478358C4010358A1
:10781400A40183467400835544003EC28357E401A7
:107824006E8705463EC06685CE87EF70A019A3011A
:10783400A40083270D0001BF97DCFF1F83CCFC84C9
:1078440059B79387C18F9C4397DCFF1F83CCFC837C
:107854009149BDDBDC43ADDB814501458297ADB782
:10786400B68536CEEFE03FC5F2462A86B68D85BF93
:107874000947639DE7009387418F9C43E38B07C2CD
:10788400DC43E38807C22285829725B12D4763999B
:10789400E7009387418F9C43E38D07C09C47D5B78E
:1078A4000D476397E70022868D4503554400F9BED2
:1078B40019476395E7069305610213051031EF40FC
:1078C400013C2C1013052031EF40613B035664004A
:1078D400835781020355440063E8C700835684003C
:1078E4000357610263F7E60093050002EFB0200A34
:1078F400C9B66374E6002313E40063F4D7002314C9
:10790400F4000357C4008356A4000356840083552F
:10791400640001488147EFB0400761BE1D47E3881A
:10792400E7D031476395E7002286B145BDBF3547AF
:107934006399E7009387418F9C43E38C07B6DC4748
:1079440089B739476396E7002285EF00D00395B6DF
:107954003D476399E7009387418F9C43E38B07B4CA
:107964009C4B05B741476396E7002285EF00900CD6
:1079740089B645476396E7000145EF00701B15BEC5
:107984004947639EE7009387C18F9C43E38107CAFD
:10799400DC43E38E07C881450545829749B94D47C5
:1079A400639DE7009387C18F9C43E38207C8DC4350
:1079B400E38F07C6A2850945CDB76147E399E7C6BA
:1079C4002286E145DDB593F7150081CF9387418F7A
:1079D4009C4389C7DC4399C3014582971345190029
:1079E4008DBC93F7250089CF9387C18F9C4391C7A2
:1079F400DC4381C78145054582971345290091BC25
:107A040093F745000145E38607A49387018F9C43C0
:107A140099CF854717C7FF1F230AF7669387C18F3E
:107A24009C4391C7DC4381C781450545829797C72D
:107A3400FF1F93876765C8472C10EF70903F28108D
:107A4400EFF02F9397C7FF1F83D7276881CF1306C3
:107A540000643386C702914517C5FF1F0345C578E7
:107A6400EFD06FC713454900EDB2011122CC2A842F
:107A7400554506CE26CAEFF04FB7AA841305400237
:107A8400EFF0AFB62AC613055002EFF00FB6AA8680
:107A9400228562443246F240B3359000D2440561F7
:107AA4006FA01075797122D406D68D472E84631F7A
:107AB400F50003D7A50083D6850003D665000345EA
:107AC400340083D54500EFE07FEE09A8896713876A
:107AD400D7006310E50403C5250019E58547B250B6
:107AE40022543E85456182809387C18E9443FDD69E
:107AF40003C6360083C50600814802C202C001489D
:107B0400814701479106EFE01FFB0545EFF0CFE108
:107B1400F1B71387E700E303E5FC13873701631A22
:107B2400E50003C525005DD901478146014681452D
:107B340059BFE507E304F5FAB1476319F50017C522
:107B4400FF1F03459554EFE09FF149BF41677D173F
:107B54008147E316E5F803C75500C947E310F7F872
:107B640083D6E50003D6C5000355840083D5A5005C
:107B7400EFA0106941C95D45EFF02FA73335A00090
:107B8400231CA10083454400035524003008EF6002
:107B9400B01A83578101B9F36C0813051031EF4013
:107BA400010E9305E10113052031EF40410D835788
:107BB400C101035784006374F7002314F40083574E
:107BC400E1010357A40063F4E7002315F40083578D
:107BD40084000357A4006374F7002315F4000355CD
:107BE4002400EFA0B0660357E4008356C400035694
:107BF400A400835584000355240001488147EFA065
:107C0400D056E9BD8547231CF100ADBF17C7FF1F40
:107C14000347F75D9307F00F6309F70859C541114E
:107C240022C426C206C6AA840345A5004105EFC0A6
:107C3400FFC12A8435C59307000D2310F500D947E9
:107C44002301F50083D744002312F50083C76400A1
:107C54002303F50083C77400A303F50083C78400DE
:107C64002304F50083C79400A304F50003C6A4000D
:107C74002305C5001DC2CC44410548C49790FF1F8D
:107C8400E780A0C2A2852244B240924417C5FF1FD8
:107C94000345F55541016FC0DFCA23260500DDB752
:107CA400B24022449244410182808280C16713879A
:107CB400E7FF639DE5009387C18E9C4395C383C70B
:107CC40007000D47639CA7006FA07049FD17494743
:107CD4006396F5009387C18E9C43FDF73A858280B5
:107CE4004947EDBF797122D406D626D24AD04ECE6A
:107CF40052CC56CA5AC80347050085472A84630AEA
:107D0400F70403468500930695009305E1000545B5
:107D1400EFE02FDD814719C1834705008346040046
:107D240011476380E6041387019118438D46034786
:107D340017006308D70295C70DC719ED0145B25066
:107D4400225492540259F249624AD24A424B456142
:107D5400828081470145D9B785466318D7028D8B48
:107D6400F1DF03451400130A2400D285EFE0AFF4D9
:107D7400A300A4001389419183270900AA8A814999
:107D84009304F00F99EB05455DBF8946E318D7FAD4
:107D9400858BF9B7850993F9F90F83C7E19063FDE2
:107DA400F90203250900139B49005A9583470500EE
:107DB400E38297FE83471500E39E57FD1946D2855B
:107DC40009059790FF1FE78080BB69D583240900CC
:107DD40003470400DA9485EC834604009147E38F5B
:107DE400F6F483270900B9DB03C6E1900147930544
:107DF400F00FE305E6F4BE84C10703C507FF630E75
:107E0400B50A05071377F70FEDB788C4F5A09147B6
:107E1400631AF706C84405C5834784000346050072
:107E24006304F606034704009147631DF706C8443C
:107E340019C59790FF1FE780206A23A60400034515
:107E4400840091659385E57105059790FF1FE78090
:107E5400805905C5034704009147631EF704C8C44D
:107E640083478400930594000505A30FF5FE03469C
:107E740084009790FF1FE78040A3034584003335B7
:107E8400A00075BD884441BF9305940005059790F3
:107E9400FF1FE780C0AE8547E316F5F85545EFE0D0
:107EA400DFF4BDA8884441DD9790FF1FE780C062DE
:107EB40023A4040069B788C465B72380D40083472A
:107EC4001400D28513852400A380F40019469790EA
:107ED400FF1FE780809D0345840091659385F571BC
:107EE40005059790FF1FE780005005C50347040070
:107EF4009147E31CF7F0C8C48347840093059400BA
:107F04000505A30FF5FE034684009790FF1FE78045
:107F1400C09983478400E39807E6034504007D1570
:107F24001335150029BD797122D426D24ECE52CCF8
:107F340006D64AD056CA5AC82A849309250003454E
:107F44001500CE8593840191EFE0EFD6A300A40041
:107F54009C400D472A8A83C71700639BE700138957
:107F6400419183270900814A63910718054535A08B
:107F7400FDD7144C034674019305E1000545EFE079
:107F84004FB61DC99840854683470500034717002F
:107F9400631FD7008D8BE1F70145B25022549254F0
:107FA4000259F249624AD24A424B4561828089466B
:107FB400858BE316D7FAC5B7834704001147638559
:107FC400E7002D47E39AE7FC938441919C40E9D76D
:107FD400814A01491DA88840139B4A008347040035
:107FE4005A95034705006311F70283471500639D03
:107FF40047011946CE8509059790FF1FE780209811
:1080040001C503A904005A99850A93970A0103C775
:10801400E190C183E3E1E7FCE31309F4B5BF939472
:108024004A0026950347050083470400631EF70AA8
:1080340083471500639A470B1946CE850905979027
:10804400FF1FE780C0934DC1832709001147BE94E9
:10805400834704006385E7002D47639DE70203AA75
:10806400C4008347740103460A006308F60252857C
:108074009790FF1FE78040460345740191659385FF
:10808400E57105059790FF1FE780E03515E5E39F4F
:1080940004ECADA003AA8400E9B70C4C13051A0044
:1080A4009790FF1FE780A08D8547E312F5FC5545A7
:1080B400EFE0BFD369DDCDB5834704001147638585
:1080C400E7002D476390E702C8C4834774010505A0
:1080D400A30FF5FE034674010C4C9780FF1FE78045
:1080E400C07C75B788C4D5B7850A93970A0103C7BE
:1080F400E190C18303250900E3E3E7F283C6E1903D
:108104000327090081471306F00F11A8BA84410719
:10811400834507FF638AC5008507C207C183E3E778
:10812400D7FEA9B588C499A083470400CE851385DA
:1081340024002380F400834714001946A380F4002C
:108144009780FF1FE78060760345740191659385EE
:10815400F57105059790FF1FE780E028E30805E027
:10816400034704009147E31FF7FAC8C48347740127
:108174000505A30FF5FE034674010C4C9780FF1F01
:10818400E780A072E5B317C7FF1F0347570693079D
:10819400F00F6300F70A51CD411126C2AA8451455C
:1081A40022C406C64AC0EFC06FEA2A842DCD9307C5
:1081B400000D2310F500D5472301F50083C73400D3
:1081C40013898400CA85A301F50083D744002312D0
:1081D400F50083C764002303F50003C57400EFE0D2
:1081E4008FADA303A400CA851305840019469780A4
:1081F400FF1FE780806B83C7E400A28517C5FF1FBC
:108204000345F5FE2307F40083D704012318F40083
:1082140083C724012309F4002244B2409244024952
:1082240041016FC00FF2B24022449244024941011D
:108234008280828017C7FF1F034777FB9307F00FE5
:108244006304F70431C1411122C42A84194506C6C6
:10825400EFC0CFDFAA850DC59307000D2310F500ED
:10826400DD472301F500835744002244B240231222
:10827400F50017C5FF1F034595F741016FC06FEC6B
:10828400B2402244410182808280011122CC1384B5
:1082940041911C4006CE26CA4AC84EC652C499CF44
:1082A4002E8AAA840149084063129902630C0A04C5
:1082B4009790FF1FE780402223AA0190F240624476
:1082C400D2444249B249224A056182809319490045
:1082D400B3073501884709C99790FF1FE780C01F7E
:1082E4001C40CE9723A407001C40CE97C84709C959
:1082F4009790FF1FE780401E1C40BE9923A60900EB
:10830400050955B745DD1396440081459780FF1F45
:10831400E780C060144081477D5613F7F70FE37F71
:1083240097F81397470036972300C7008507F5B7DA
:10833400011152C4138A019183270A0006CE22CC6C
:1083440026CA4AC84EC656C25AC0C9CF2A89014451
:1083540019ED93874191944399CA03C6E1902A8405
:1083640081479305F00F13F7F70F6367C7081315D9
:1083740034002105EFC08FCDAA8401E92145EFC067
:10838400EFCCAA8421C501444D49930700FD238005
:10839400F4008547A38024012381F400A381840091
:1083A4005DC41389840023A224018149938A4191E5
:1083B400130BF00F83C7E19063F3F90031E88327CF
:1083C4000A00A68503C50700EFC0AFD7814503C5E2
:1083D400E190653D03250A009790FF1FE780C00FD9
:1083E40023A80190F2406244D2444249B249224A4D
:1083F400924A024B056182801397470036970347E0
:1084040007006305B70005041374F40F8507A1BFC3
:1084140083A70A0093954900BE9583C7050063842A
:1084240067032300F90083C71500130529007D1491
:10843400A300F900194689051374F40F9780FF1FF0
:10844400E780A0462109850993F9F90FA5B723A26E
:108454000400B5B7938701919C43B1C7411122C46D
:1084640006C62A841DE10945EFE03F982A8601C922
:10847400854517C5FF1F034525D7EFC0DFA5054573
:10848400EFF0AFDE2A84054519C8854517C5FF1FDF
:10849400034585D5EFC0BFCE2285593D0545B24081
:1084A4002244410182800145828089679386B70016
:1084B4006316D5009C4503C5070069BF9386C700B2
:1084C4006318D5009C45854603C5070019C9F5B74F
:1084D40093861704E300D5FE938727048146E303BC
:1084E400F5FE36858280797106D622D426D24AD00A
:1084F4004ECE52CC56CA5AC85EC679C98347350097
:10850400AA8985C7404115C05945EFE01F8E931ACB
:10851400850193DA8A410149138A0191130B000DF5
:10852400B54B83C73900636DF900B250225492549D
:108534000259F249624AD24A424BB24B45618280A7
:108544008307840263CD570783270A00ADCB2285B6
:10855400EFF04FF92DC5034584005105EFC00FAF6F
:10856400AA8431CD231065012301750183470400DA
:10857400194693052400A301F50083078402150519
:108584002303F50083471400A30FF5FE9780FF1F14
:10859400E780A031034684002386C4001DC61385EA
:1085A400440188C8930594009780FF1FE780E02F5B
:1085B40083270A00A68503C50700EFC08FB8050905
:1085C400130494021379F90FA9BF23A80400CDB7AB
:1085D400938701919C43B1DBEFF09FD52254B250B5
:1085E40092540259F249624AD24A424BB24B014573
:1085F40045616FF08FC7797106D622D426D24AD04E
:108604004ECE52CC56CA5AC85EC671C18347350095
:10861400AA8985C7444195C05945EFE00FFD931AD7
:10862400850193DA8A410149138A0191130B00FDF4
:10863400C14B83C73900636DF900B2502254925480
:108644000259F249624AD24A424BB24B4561828096
:108654008387F40063C8570783270A00A5C75145D9
:10866400EFC0CF9E2A8439CD23006501A300050005
:108674002301750183C70400194693852400A301CF
:10868400F5008387F4001505A306F50083C71400DD
:10869400A30FF5FE9780FF1FE780202183C7840086
:1086A400938594001305C400A305F400194697802C
:1086B400FF1FE780801F83270A00A28503C50700E8
:1086C400EFC02FA80509C1041379F90F9DB793874B
:1086D40001919C43BDD3EFF0BFC52254B2509254D4
:1086E4000259F249624AD24A424BB24B01454561B2
:1086F4006FF0AFB75D7186C6A2C4A6C2CAC04EDE13
:1087040052DC56DA5AD85ED662D466D26AD06ECEBD
:10871400630C0526834735002A898DCB40411DC44F
:108724005945EFE08FEC93178501E1873EC68144FC
:1087340093890191130A000DC94B054CB54C130DD7
:1087440000FDC14D8347390063E1F402B64026447D
:1087540096440649F259625AD25A425BB25B225C91
:10876400925C025DF24D616182808307C4003247EE
:1087740063C6E71683A7090063820716034B040048
:1087840093770B01CDCFCD47631EFB062300040076
:108794002285EFF04FF96303051483470400114762
:1087A4006363F7146399870D5145EFC02F8AAA8A32
:1087B400630605122300A501A30005002301B501EA
:1087C40003470400194693052400A301E5000307A9
:1087D400C4001505A306E50003471400A30FE5FE36
:1087E4009780FF1FE780600C034704011946930537
:1087F4001401A385EA001385CA009780FF1FE78050
:10880400C00AF1A0D5476318FB0085472300F40094
:10881400A30B0400B5BFF547E309FBFEC947631684
:10882400FB0089472300F400A5B7C1476314FB008C
:108834008D47CDBFED47E31DFBF49147E5B7937733
:108844008B0099C3AD47F9BF93761B0093774B0018
:1088540091C699C395475DBFA147E9B793762B00AD
:1088640091C699C3A5475DB799476DBF99C3A947F9
:1088740055BF9D4745BF034574015105EFB01FFD2A
:10888400AA8A29CD23104501230195010347040039
:10889400194693052400A301E5000307C400150548
:1088A4002303E50003471400A30FE5FE9780FF1F91
:1088B400E780A0FF034674012386CA0019C6138506
:1088C4004A0123A8AA000C4C0DBF23A80A0003A741
:1088D4000900D68503450700EFC0AF8685047104FF
:1088E40093F4F40F85B50345740113050502EFB045
:1088F400FFF5AA8A65D52310450123017501834636
:10890400040013770B061946558FA301E5000347AE
:108914001400930524001505A30FE5FE9780FF1F9F
:10892400E780A0F803478400194693051401A38542
:10893400EA000347940013853A012386EA000347BB
:10894400A400A386EA000347B4002387EA000307D0
:10895400C400A387EA000357E4002398EA0003470E
:1089640004012389EA009780FF1FE78000F403468F
:108974007401A38CCA0011C613850A0223AEAA008F
:1089840099B723AE0A00A1B7938701919C43E38F63
:1089940007DAEFF0FF992644B64096440649F259A7
:1089A400625AD25A425BB25B225C925C025DF24D27
:1089B400014561616FF06F8B97C7FF1F83C7078302
:1089C400A18B17B5FF1F1305A57791E301456FD060
:1089D4001F8623870190FD5717C7FF1FA309F78040
:1089E40023AA019023A8019097B7FF1F93870774C8
:1089F400170700001307A7AB98C317070000130756
:108A0400C7AED8C317070000130727BF98C71707B7
:108A14000000130767CED8C717F7FFFF1307471FD8
:108A240098CB97B7FF1F9387A77117F7FFFF13071B
:108A3400272898C317F7FFFF13070707D8C38280B7
:108A4400411122C485452A8403C5E19006C6EFF08E
:108A5400DF8397B7FF1F83C76779A98BB5CB17B59A
:108A6400FF1F1305A56C23878190EFD0EFFB1384C0
:108A740041911C4091C74D45B2402244410182803E
:108A840003C5E19019E10145C5BF91659385B571B1
:108A940012059790FF1FE780009523AAA19061DD3E
:108AA40003C6E190120681459780FF1FE78000E727
:108AB400104083C6E1908147FD5513F7F70FE37427
:108AC400D7FC1397470032972300B7008507F5B703
:108AD400014523870190EFD02FF575B79387018F58
:108AE400884301CD411106C69790FF1FE780C09EC1
:108AF400B24023A8018E41018280828001111305B6
:108B0400700306CEEFE06FAE2AC613058003EFE0D4
:108B1400CFAD2AC413059003EFE02FAD2246B24532
:108B2400F240AA86054505616F90D06B5D7113050F
:108B3400D00386C6A2C4A6C2CAC0EFE00FAB2A8483
:108B44001305C003EFE06FAAAA841305E003EFE066
:108B5400CFA92A891305F003EFE02FA98A87137799
:108B6400F50F9376F90F13F6F40F9375F40F05458B
:108B7400EF905068B640264496440649616182806D
:108B84005971A2D41384018F1C4086D6A6D2CAD0B0
:108B9400CECED2CCD6CADAC80545F9C79305F104BE
:108BA4001305F041EF10A1709305F1041305F04192
:108BB400EF10E16F8346F10417B7FF1F0347E74C3B
:108BC400B337E00091C2890718403EDE0345370001
:108BD40093054700EFD0BF8918402ADC0D45834533
:108BE40027002EDAEFE06FA02AD81145EFE0EF9FBF
:108BF40000402AD665450347A400034BB4003AD489
:108C0400EFE0AF9EAA846945EFE02F9E2A89714563
:108C1400EFE0AF9DAA896D45EFE02F9D2A8A754547
:108C2400EFE0AF9CAA8A7945EFE02F9CE2046258FA
:108C3400F2572257B2564256D2551375F50F93FA8E
:108C4400FA0F137AFA0F93F9F90F1379F90FE184F4
:108C54002ACC56CA52C84EC64AC426C25AC0930821
:108C640044000545EF907054B65026549654065966
:108C7400F649664AD64A464B65618280011122CC88
:108C840006CE8D472E846316F50603C73500E947E3
:108C940003D545006318F70097B7FF1F83D7273F15
:108CA4006385A706EF50301909C58357640023175D
:108CB400F5000357A40083568400035664008355CB
:108CC400440003453400EFD07FCE0357440097B7E8
:108CD400FF1F83D7C73B6308F7008547F240624410
:108CE4003E8505618280FD5717B7FF1F2311F73AB0
:108CF400EDB78967CD07631DF50083C725003147AC
:108D04006385E7004547E39AE7FCEFD0CFD8F1B796
:108D1400B1476319F50017B5FF1F0345354DEFD073
:108D24001FD465BF41677D178147E319E5FA83C600
:108D340055004947E394E6FA83C5450003552400EA
:108D4400300023140100EF50007A41BF411122C4C6
:108D540006C626C283C781911307E00F2E8463835E
:108D6400E7041307F00F6387E7021145EFB01FAE66
:108D740015C1930700FD2300F50089472301F50081
:108D84008547A3008500A301F500AA8503C5819149
:108D9400EFB03FBBF957238CF190B2402244924488
:108DA40041018280AA841145EFB05FAA7DD5930763
:108DB40000FD2300F5008947A30085002301F50089
:108DC400A30195002244B2409244AA8503C591911F
:108DD40041016FB01FB779714AD01389018F83277E
:108DE400090022D406D626D24ECE52CC4544C5EF35
:108DF40097B7FF1F83C7873F958B4944CDC7AE897B
:108E04009165A38CA190AA8493857571314597804F
:108E1400FF1FE780405D23A8A18E4D4449C5230070
:108E24009500A30005002946CE8509059780FF1FFC
:108E3400E780A0A783270900914603C7270063EEB4
:108E4400E6083DEB4D472381E70003C7270013677E
:108E540007012381E700930571001305F041EF102A
:108E6400014583477100F9EB17B7FF1F0347E7215B
:108E74008D476315F70CEFD00FEE2C00EF60607B8D
:108E84002800EFD01FCF4545EFD03FF6014401CD78
:108E9400130600643306C502914517B5FF1F034549
:108EA400A534EFC04F832285B25022549254025904
:108EB400F249624A4561828085466314D70075474A
:108EC40059B789466314D7004947B5BF8D46631423
:108ED400D70041478DBF5547BDB795464A8A630EB3
:108EE400D70099466316D70009472381E70031A0CC
:108EF4001D466314C702238107006545EFD0FFEECA
:108F04009307F007E309F5F403270A0083472700D2
:108F140093E707042301F7003DBF21466314C7000C
:108F24000547E1B725466315C7002381D700F1B78C
:108F3400A9460544E319D7F6114745BFEFF05FC4CE
:108F44002A8435D1EFF09FB9B9BF011126CA9384A1
:108F5400018F9C4022CC06CE4944A9C783C7070091
:108F64000D446391A704894517B5FF1F0345C52721
:108F7400EFC0EFA0914517B5FF1F0345E526239EDB
:108F84000190EFC0CF9F9C4001478146A38087009A
:108F94001306F100854785450145A307F100EF90CD
:108FA40030242A842285F2406244D24405618280BE
:108FB400011106CE22CC26CA8547631AF50683D74B
:108FC400C191B1CB17B7FF1F0347470C29E713071C
:108FD400B003636DF702894517B5FF1F0345C5202C
:108FE400EFC0EF999307006403D6C1913306F602EC
:108FF400894517B5FF1F0345251FEFB0DFED239EFD
:109004000190F2406244D24405618280938747FC18
:10901400239EF190FDB79387018F9C43FDD3624457
:10902400F240D24403C5070005616FF01FF2938438
:10903400018F9C40F9D797B7FF1F83C7271B918BDC
:10904400E9D389476313F5062D452EC6EFB01F807B
:109054002A8445D9B245930700FD2300F500E5476E
:10906400A30005002301F50083C735001505194643
:10907400230FF5FE83C745009505A30FF5FE9780E2
:10908400FF1FE780808217B5FF1F0345351693073E
:10909400F00F6315F5009C4003C50700A2856244E8
:1090A400F240D24405616FB0DF89894517B5FF1FCF
:1090B40003458513EFC0AF8C6244F240D244239E33
:1090C400019005616FF09FA197B7FF1F83C7071237
:1090D400958B81CF938781929C4391CB854717B71A
:1090E400FF1F2303F7066FF07FA1494582804145A6
:1090F400828097B7FF1F23890704854501456F9038
:10910400F00E97B7FF1F83C7670E958B91C78547EE
:10911400238DF1906FF09FA149458280238D0190AA
:10912400814505456F90500D9307C01C63FCA70053
:10913400094582800945F2406244D2444249B24919
:10914400056182805DC5011122CC2A8421054EC6A9
:109154004205AE8991659385657141814AC806CE01
:1091640026CA9780FF1FE78000282A8961D5938447
:109174004192884009C59780FF1FE780E0351305B9
:1091840089002320A9002286814523A22193977078
:10919400FF1FE780A0789C402286CE858843977085
:1091A400FF1FE78080709C40239287009387018F84
:1091B4009C4385CF97B7FF1F83C74703958B85CB08
:1091C400938741929C4399CF984383D64700624446
:1091D400F240D2444249B24905468D4505450561F0
:1091E4006F90807F01478146DDB70145A9B74945A6
:1091F40099B79387018F9C438DC797B7FF1F83C788
:10920400E7FE958B8DC3938741929C4381CB984312
:1092140083D6470005468D450545D9B701478146A4
:10922400D5BF01458280494582809307C01C63FCF9
:10923400A700094582800945F2406244D24442496C
:10924400B249056182805DC5011122CC2A842105C1
:109254004EC64205AE8991659385557141814AC8D0
:1092640006CE26CA9780FF1FE780E0172A8961D5BA
:109274009384C192884009C59780FF1FE780C02569
:10928400130589002320A9002286814523A6219362
:109294009770FF1FE78080689C402286CE858843B4
:1092A4009770FF1FE78060609C402392870093873C
:1092B400018F9C4385CF97B7FF1F83C727F3958BF7
:1092C40085CB9387C1929C4399CF984383D647001B
:1092D4006244F240D2444249B24905468D450545AF
:1092E40005616F90A06F01478146DDB70145A9B7BD
:1092F400494599B79387018F9C438DC797B7FF1F43
:1093040083C7C7EE958B8DC39387C1929C4381CB52
:10931400984383D6470005468D450545D9B701478F
:109324008146D5BF01458280494582809307C01C90
:1093340063F4A70009458280797122D44ECE06D603
:1093440026D24AD0AE892A8431CD210591654205C1
:109354009385757141819780FF1FE780C0082A8932
:1093640009456301090893848192884009C597805F
:10937400FF1FE7806016130589002320A9002286B9
:10938400814523A421939770FF1FE78020599C40B7
:109394002286CE8588439770FF1FE78000519C404A
:1093A400239287009387018F9C43014585CF97B70C
:1093B400FF1F83C7A7E3958B49458DC76C00130531
:1093C400D030EF20D10BB247014593F7070F99CB6B
:1093D400938781929C438D450545944303D647006A
:1093E400EF908060B250225492540259F249456180
:1093F4008280938741929C4391CF03D647008C434C
:10940400411106C69770FF1FE780204AB24001450C
:109414004101828009458280938741929C4385C79C
:109424009387C1929843894705C3035647000C4369
:10943400411106C69770FF1FE7802047B24081475D
:109444003E854101828089473E858280938741928F
:109454009C4385C7938781929843894705C30356E4
:1094640047000C43411106C69770FF1FE780E04395
:10947400B24081473E854101828089473E85828092
:10948400011106CE22CC26CA4AC88D4763FAA7002A
:109494008944F240624426854249D244056182806F
:1094A40017B7FF1F034747BEC144E314F7FE9307F2
:1094B400F5FF93F7F70F8546AE842A8417B9FF1F8B
:1094C4000349A9BC63ECF6069DE199452800EFC069
:1094D4003FD7914517B5FF1F034505D197B7FF1F28
:1094E400238587BAEFB0BFC93DE881445DB719460B
:1094F400814528009770FF1FE780404219462C00E1
:1095040026859770FF1FE780804759F11946930518
:10951400F00F28009770FF1FE780404019462C0089
:1095240026859770FF1FE78080453DF11946A68583
:1095340028009770FF1FE780403761BFE31BE5F801
:1095440097B7FF1F938747B4C8472C00EF60600E9E
:10955400AA8441D197B7FF1F238927B31DBF2800D1
:10956400EFD02FE1AA847DF5930571001305F04136
:10957400EF00F15383447100ADF88D47E317F4F61F
:109584004545EFD09F8635D1B7771800938707A05C
:109594003306F502914517B5FF1F0345E5C4EFB047
:1095A400BFB6C5BD97B7FF1F83C747C4918B99CF7B
:1095B40041111385019206C6EFC03FC8B240FD5762
:1095C40017B7FF1F2315F7AC4101828001456FC017
:1095D400DFC6FD57A38CF190F957238CF19097B710
:1095E400FF1F238307B6238D0190239E019023A29E
:1095F400019223A6019223A4019297B7FF1F938798
:10960400E797170700001307472198C317070000BF
:109614001307479AD8C317F7FFFF1307A75698C72E
:1096240017F7FFFF1307C74DD8C717F7FFFF130737
:10963400275098CB97F7FFFF9387876423A0F19275
:109644008280411126C29384018F9C4006C622C4A5
:1096540085CF2A840D45EFB06F9FAA8519CD930756
:1096640000FD2300F5008D47A30085002301F500CC
:109674009C4003C50700EFB0CFAC19C42244B240EC
:10968400924441016FF08FC5B2402244924441019B
:10969400828079714ECE9389018F83A7090026D2E7
:1096A40006D622D44AD052CC8144A1C783C4170021
:1096B40085472A896388F40497B7FF1F83C7079DEA
:1096C400854485EB0D45EFB06F98AA8505C19307D6
:1096D40000FD2300F5009147A30025012301F500B7
:1096E40083A7090003C50700EFB0AFA5EFF00FBFD4
:1096F4008544B2502254268502599254F249624A52
:1097040045618280938741929C434E8A85E301455B
:10971400EFD0AFED2A8601CA894517B5FF1F03456F
:10972400A5ACEFB04FFB83270A00B1A0944303D646
:1097340047009305E1000545EFC0BFBA69D98347E7
:109744000500858BE9D70545EFD02FEA9307B003D1
:109754002A8463F3A7045D6613060670894517B56A
:10976400FF1F034565A8130444FCEFB0FF99239E33
:10977400819083A709000947A380E70097B7FF1FDB
:1097840083C7C79091C797B7FF1F2381079095B7E9
:109794004A85EFF01FEBB1BF130600643306C50220
:1097A4009DBF411122C42A840D4506C6EFB00F8A1D
:1097B40015C1930700FD2300F500CD47A3008500E4
:1097C4002301F5002244B240AA8503C591914101C9
:1097D4006FB02F97B240224441018280411122C4CC
:1097E4002A840D4506C6EFB06F8615C1930700FDA8
:1097F4002300F500ED47A30085002301F500224472
:10980400B240AA8503C5919141016FB08F93B240D4
:10981400224441018280035745000111896606CE26
:1098240022CC26CA13866600AA876317C7009C4702
:10983400014583C5070009A813868600631AC7007B
:109844009C47054583C50700EFF04FD005453DA86B
:10985400138696006313C7021387018F18430145CB
:1098640015C79C4703C50700631B050C8547A30068
:10987400F7000545EF90600ED1BF1386A600631C68
:10988400C7009C4703C50700EFF0BFE0F240624405
:10989400D2440561828013866603E30AC7F81386FF
:1098A4007603E30FC7F813868603631DC7081C45B8
:1098B4001307E00F83C4070083C78191638EE70217
:1098C4001307F00F6386E7021145EFA03FF8AA855E
:1098D40005C1930700FD2300F5008947A300950007
:1098E4002301F500A301050003C58191EFB06F8545
:1098F400F957238CF19099BF9387018F98433E8445
:10990400014549D785EC85447D4523059100EFD079
:10991400CFCD2316A10013050002EFD00FCD1C40BC
:10992400A305A1001307B100A380970074001306D8
:10993400A10085450545EF90A00A09BF2685EFF0F3
:109944005FD029B713869603E30DC7F21386E603A7
:109954006317C7001C45094583C50700F5B5938601
:10996400F603631DD7021C4503C507002DED6C00EB
:109974001305D030EF20A130B247414793F7070FCA
:10998400E386E7EC9305B10013056031EF20212F46
:109994000345B1008545EF9060054DBD896613868A
:1099A40006046315C7041C4503C4070097A7FF1FDB
:1099B40083C78779228585EB0D45EFA03FE9AA850A
:1099C400E30605E8930700FD2300F500D1472301D2
:1099D400F500A30085009387018F9C4303C507000E
:1099E400EFA03FF6A5B5EFF0DFDB8DB513861605C6
:1099F400631BC7001C4503C5070021E585450545D4
:109A0400EF80907FA1B5938626050145E310D7E842
:109A14009C4703C4070083C7A19122859DE30D459C
:109A2400EFA0DFE2AA85E30305E2930700FD23002C
:109A3400F500F147A30085002301F50003C59191CA
:109A440045B7EFF0BFD919B5411197A7FF1F83C7D9
:109A5400E77906C6958B99CB17A5FF1F1305055209
:109A6400EFC04FFD4D45B240410182800145EFC03A
:109A74006FFC0145CDBF03C705009376250093779E
:109A8400D70F99C29367270013188501135888418B
:109A940013F7F7076354080013E707089376850064
:109AA4009377770F99C2936787001377050293F62C
:109AB400F70D19C393E607022380D5006345080018
:109AC4009377A50281CB8347060093E7C700230061
:109AD400F60082807DFD83470600CD9BCDBF2D45DA
:109AE4006319071403C8050009476310E814C84143
:109AF40003471500034505002207498F42070D65FA
:109B04004187930825A0630B170B011122CC26CAA9
:109B14004AC84EC606CEBE89B68432842E8963CE28
:109B2400E800930705A0630DF702130515A0630071
:109B3400A706239004000545B5A0930745A0630933
:109B4400F7086348F706130565AAE314A7FE8547DB
:109B54002390F600DC4583C707002300F60091A09C
:109B6400C8459770FF1FE78080DE420541814E861D
:109B7400637335012A862390C400420641828325FB
:109B8400C90022859770FF1FE78020D219A8DC4501
:109B940083D70700239006012300F600A183A300C6
:109BA400F6000145F2406244D2444249B24905619B
:109BB400828099472390F6001946D1B785472390B0
:109BC400F600DC45014583C707002300F6008280C8
:109BD400DC45A9CB21472390E60003D707002300E7
:109BE400E60003D707002183A300E60003D727007C
:109BF4002301E60003D727002183A301E60003D74E
:109C040047002302E60003D747002183A302E600AE
:109C140003D767002303E60083D76700A183A30368
:109C2400F60041B723900600ADBF2390060005451A
:109C34008280828083C805008947639BF814DC41D5
:109C4400797122D406D626D24AD04ECE52CC03C83D
:109C5400170083C707002E8422083368F8004208DF
:109C64008D6713580841138327A0630468102A8A58
:109C74003A89B684B285634C0301138707A0630A4B
:109C8400E802938717A0630BF808854711A8138788
:109C940037A0630CE80A138767AA8D47E317E8FE29
:109CA400B250225492540259F249624A3E854561A7
:109CB4008280484432C69770FF1FE78040C942053E
:109CC40041819D47E36E25FDB309990083C7219324
:109CD400B24563D43701B547E1B748442686C20983
:109CE4004A959770FF1FE78040BC484403C6219300
:109CF40093D9090105063306364181454E9597707F
:109D0400FF1FE780A0C1938741939C4399E3814758
:109D140041BF9C438145E5DF528535A0AD47E31142
:109D240009F8E39A16FB8347160083460600584455
:109D3400A207D58F2310F700938741939C43E1DB5F
:109D44009C438545E9D78297D9B7AD47E31A09F40F
:109D54009947E392F6F8484419469770FF1FE78045
:109D6400C0B4938741939C43DDD39C43CDD38D45AD
:109D740065B7AD4715F78547E39FF6F4034706003B
:109D840093070008E3EEE6F0DC452380E70041B7E3
:109D940085473E85828023AA0192A3890192238963
:109DA4000192B707A00093850186938707059CC19C
:109DB400B707E803DCC117D60100130666D19787FD
:109DC400FF1F938767630947938EB185D0C317D666
:109DD40001001306E6CC85462380EE00138E8185B0
:109DE4009388C185D0C723AED70117D601001306C7
:109DF40026CC138301931388A1851385918597DE5F
:109E04000100938E6ECB2300EE002380E8002380B4
:109E1400E7002388E7002380E7022388E70223AED4
:109E2400C7032380E7042300E8002384D700239595
:109E34000700D0CB238CD700239D070023A2D70390
:109E44002384D7022395070223A60702D0DB238CA1
:109E5400D702239D0702231003002300D50017DE39
:109E64000100130E6EC423A2C7052388E70423AEA2
:109E740017052380E7062388E7062380E70897D899
:109E840001009388A8C417D70100130727C223A28F
:109E9400E7082384D70417070000130787C4239512
:109EA400070423A66704F0CB238CD704239D07045F
:109EB40023A217072384D70623950706ECD7F0DBE4
:109EC400238CD706239D070623AE07072384D708D0
:109ED4002395070823A6A7089787FF1F9387C75AC8
:109EE40098C317070000130727D5D8C323A4070076
:109EF4008280A54763E8A71017C701001307C73975
:109F04000A053A951C41011122CC26CA06CE4AC83C
:109F1400BA97B2842E8482879307800F63F9B700BF
:109F24006145F2406244D244424905618280978788
:109F3400FF1F9387674CC8573E8919C59770FF1F49
:109F4400E780805923890192130614009165938553
:109F54000571328532C69770FF1FE780C0481787A6
:109F6400FF1F2321A74C4DDD324681459770FF1F0B
:109F7400E780C09A0325C9022286A6859770FF1F31
:109F8400E780A09223898192014561BF8947E399C3
:109F9400F5F8835706002398F192FDB7A147E391A2
:109FA400F5F82146A685138501869770FF1FE78083
:109FB400C08FD9BF8547E395F5F69787FF1F938731
:109FC400A743D04F9785FF1F9385854503C504009C
:109FD400EFF07FAA55BF8547E394F5F49787FF1FF9
:109FE40093878741D05F9785FF1F93856545F9BFA8
:109FF4008547E397F5F283470600A38CF18469B79C
:10A00400094505B70945828083C7319395E38547A0
:10A01400A389F192058909CD9786FF1F9386C646C9
:10A024004146A5451785FF1F1305053D6F20003DDB
:10A034000145828001111388F5FF06CE22CC26CA81
:10A044004AC84EC652C41378F80FAD4563EE050BEB
:10A05400BA890A0817C70100130787263A983E8A67
:10A06400832708003689B284BA9782878545EFC072
:10A074000FBB2A8419E1EFF03F9D2285F240624430
:10A08400D2444249B249224A056182808945EFC0DF
:10A094000FB92A847DF12685EFE09F9AF9BF914597
:10A0A400EFC0EFB72A8471F95286CE854A85EFC096
:10A0B4006FACEFF07F99EFF0EFCEEF50703475BFD7
:10A0C400A145EFC0CFB52A844DF95286CE854A8585
:10A0D400EFC04FAA2685EFE0BF96EFE0FF8DEF506B
:10A0E400103061BFB145EFC08FB32A8459F5528651
:10A0F400CE854A85EFC00FA82685EFE07F94EFE078
:10A10400BF8BEF50D02D75B7094485BFBD47638C15
:10A11400F50663E9B702A5476387F50663EDB70063
:10A124009947638CF5049D47638FF5049547638CC9
:10A13400F50401458280B5476387F50463E1B704FC
:10A14400AD47F5B7DD47638EF50263EAB700C9474B
:10A15400638BF502D9476386F502C547C9BFF54746
:10A164006383F50263E4B700ED47D1B79307200595
:10A17400638BF5009307200D5DBF4845828008413D
:10A18400828008458280484182809307F00F630EE5
:10A19400F506011126CAAA841305000222CC4AC876
:10A1A4004EC652C456C206CE3A89B689B28A2E8A9F
:10A1B400EFA0CFE92A844D4515C8930700FB23007F
:10A1C400F400A300540123114401230234011305B4
:10A1D4008400614663050902CA859760FF1FE78012
:10A1E400C06CA2852685EFA0CFF50145F2406244FC
:10A1F400D2444249B249224A924A05618280814549
:10A204009760FF1FE7808071E9BF094582800111D3
:10A2140022CC06CE2A842306B100A306C100EF4057
:10A2240080410DC10347C500A1476311F7027800BF
:10A234009306E0070146A28517A5FF1F034525FBEA
:10A24400EFF0BFF4F2406244056182807800930627
:10A25400E0070146A28517A5FF1F034535F9CDB7D1
:10A26400930700643306F6026FA09FDD05C9034718
:10A27400050085469307270093F7F70F63F0F6026E
:10A28400411122C42A843A8506C6EFA09FF6FD57E1
:10A294002300F400B24022444101828082800357AB
:10A2A40005009307000B6313F702834745004947F2
:10A2B400639CE7000347150185476399E70003554D
:10A2C400250085456F20703E6D47C5BF8280011112
:10A2D40022CC06CE2A842EC632C436C2EF40A03524
:10A2E4000DCD8346C500A14712472246B245639E61
:10A2F400F600B28617A5FF1F034565EF2E86A285DB
:10A304006244F24005616FF05FE8B28617A5FF1F53
:10A314000345D5ED2E86A285E5B7F2406244054596
:10A324000561828023AEA1928280011122CC26CACB
:10A3340006CE2A84AE84EF400030A6852285EF2025
:10A34400E10B1DE5228523169100EF40C02E0DC1BF
:10A354000347C500A1476312F70217A5FF1F034572
:10A3640005E978009306F0070146A285EFF0FFE1C6
:10A37400F2406244D2440561828017A5FF1F034561
:10A38400F5E6C5B7011126CA06CEB68422CCDD4651
:10A3940063E2B608D94663FED50AA5466381D50AA9
:10A3A40063EEB6049546638CD50899466387D50A4F
:10A3B400054441687D18631606093AC6EF20C107B3
:10A3C40033068540324742064182420441803305C8
:10A3D400C4004205BA85418132C6EF20303DAA87C8
:10A3E40049C181C432462390C400B305804062440D
:10A3F400F240D2443E8505616F10F164C546638026
:10A40400D504C9460D44E395D5FAC167FD17E31E8B
:10A41400F6FA65B7F5466380D50463E4B600ED4605
:10A42400D5B7930620056388D5029306200DE391E2
:10A43400D5F8C167FD170D446319F600BDBF094483
:10A444008DBF9306200DE392D5F831064206418272
:10A45400ADBF15445DBF0D444DBFC167FD171D441D
:10A464007DB7F2406244D2440561828079714ECE58
:10A47400AE89C16526D20147AA84894617C6010060
:10A484001306C665FD15054522D406D64AD0EF004D
:10A49400F061054431CD2A89130730028146114603
:10A4A400F5452685EFF01FEE2AC6554431C1835782
:10A4B400A900CE8601462314F10091472315F1002B
:10A4C40085472300F500B2472C002685A3800700AA
:10A4D4003247FD572301F7003247A301F700EF008D
:10A4E400B0522A8411C532459770FF1FE780C0FE21
:10A4F4002285B250225492540259F2494561828015
:10A50400411106C6EFF09FC019C5B240410117734F
:10A51400FF1F670063FCB24041018280011106CE37
:10A524002AC6EF1071583245914523AC019223AEEF
:10A53400019297A7FF1FA389A7CAEF205022F240D8
:10A5440005616F2040007971939705014AD006D6C2
:10A5540022D426D2C187014963DD070A17A5FF1F4C
:10A56400034595C82E89EFA06FB52A8445C10347DA
:10A5740005009307000A6318F70885474C08A305EC
:10A58400F100EF10715EAA8405ED83476101714704
:10A594006378F708138717FE1377F70F9306000203
:10A5A40063F7E608858BC5CB938781939C439944D5
:10A5B40081CB035524001306B1004C088297AA846A
:10A5C4008347B10099C7084409C59770FF1FE78006
:10A5D400A0F095E05247B7070001938707F07D8FFD
:10A5E400B707120093870710630FF7000347610151
:10A5F400ED47631AF700035524008545EF20F00A60
:10A60400CD476388F4002285EFA02F9FA1673349CB
:10A61400F900B25022544A8592540259456182800D
:10A624003707301405073357F700058B25DF1387E9
:10A63400C193184351D70347510159F32306F1003D
:10A6440099472308F100035524006C0023170100E7
:10A65400EF107170B5B79387C1939C439DC30355A5
:10A6640024001306B1004C08829739D9AA84834781
:10A674005101B9F783476101230891002306F100D2
:10A68400D9B79944EDB70145828097A6FF1F83C6C9
:10A6940036B6814763E5D70001473A8582802E8725
:10A6A400910503D6C5FFE30AA6FE8507E5B70DCDE0
:10A6B400834725000547890793F7F70F6376F70269
:10A6C400411122C406C62A8483550500034535007A
:10A6D4000147F9465D46EFF05FABF9572311F400EB
:10A6E400B240224441018280828017A7FF1F0347A2
:10A6F40037B08147FD5663E3E70082802310D5001D
:10A704002301050085071105FDB701458280938566
:10A7140071879307000285462380F500FD57238B3C
:10A72400F186A384F1862384F186239AD18623902B
:10A73400019423A4019423AC019423A601941386C9
:10A74400C18697C701009387E7375CC223810194D0
:10A754009787FF1F938707D409472300E6002380C8
:10A76400E7002388E7002380E7022388E70217C76E
:10A77400010013072734D8DB0D47238CE702138726
:10A78400419418432384D700D0C7238CD70017C51E
:10A7940001001305E53317C601001306663197C699
:10A7A40001009386A633C8C323950700D0CB239D0D
:10A7B4000700CCCFD4D3238407022395070223A612
:10A7C4000702239D0702D8DF9787FF1F938787D04F
:10A7D400170700001307870C23A00700D8C323A47E
:10A7E40007008280411106C6EFF03FEA11C5034518
:10A7F4002500B240410182800145E5BF411122C4D8
:10A8040026C24AC006C6AA842E893284EFF0FFE726
:10A8140011E94165CA857D15EFF03FE7C54711C5CC
:10A8240023109500230185008147B24022449244BD
:10A8340002493E854101828029E78948354763936F
:10A844001605011106CE22CC26CA0347160003467C
:10A85400060093C7F7FF2207598EF18F32C68DE7A2
:10A86400C4452A84A685EFF0FFF732460147630FFB
:10A87400A60022856244F240A685D24405616FF0A9
:10A88400FFF72D473A85828013070008F24062449F
:10A89400D2443A850561828083C8050009486395DE
:10A8A400080303A845008347180003480800A207CB
:10A8B400B3E70701C2070D68C187130828906395A1
:10A8C400070189476FF05FF70545828003C79186CA
:10A8D4009307F00F630AF70441114AC02A892945F6
:10A8E40022C426C206C63284AE84EF903FF61DC54C
:10A8F4009307100B2310F500230205002314850091
:10A9040022442311250123139500B24092440249A5
:10A91400AA8503C5918641016FA0AF82B24022444B
:10A92400924402494101828082804111938741947B
:10A9340026C2AE848C4322C406C62A84EFF09FEA62
:10A94400098909C922852244B240A685924441015D
:10A954006FF0DFB1B2402244924405454101828048
:10A96400411122C426C24AC006C6AA841304450063
:10A974001309850B835704009DC3084409C59770C8
:10A98400FF1FE78060B52285314681459760FF1F30
:10A99400E780C0F83104231A04FEE31D24FDB2400D
:10A9A4002244FD572390F4000249924441018280DD
:10A9B40093870195984317A6FF1F03467683814723
:10A9C4006315F600814636858280BA861307870BA5
:10A9D400835587F4E389A5FE850793F7F70FCDB771
:10A9E400938781959C4399C703D74700E31CA7FE2F
:10A9F4008847828001458280411106C6EFF05FFEE0
:10AA040009C50845B240410182800145E5BF0111F5
:10AA140026CA9384450022CC4EC606CE4AC852C4E8
:10AA240056C25AC0268781490144814681473D4523
:10AA34000356070055CED9E2035447008357270035
:10AA4400B286A297C207C18385093107E392A9FEA2
:10AA540025C82E8991659385457022859770FF1FBF
:10AA6400E78060982A8B29CD814A014A8C4485C5A8
:10AA740003D6440033054B019760FF1FE780E0E2F3
:10AA840083D7440088443E9A420A135A0A019770B5
:10AA9400FF1FE78060A463890A003146814526854B
:10AAA4009760FF1FE78080E7850AB104E3E03AFD81
:10AAB4002326690123148900054521A0630DD600CE
:10AAC4000145F2406244D2444249B249224A924A80
:10AAD400024B0561828003562700E313F6FE0356FA
:10AAE40047003294B2974204C2074180C183A9BF90
:10AAF4000545E37835FDA9BF9387C1949C4399E349
:10AB04000145828098470357A700E319A7FE1385E0
:10AB140047008280411106C6EFF01FFE11C50355A0
:10AB24000500B240410182800145E5BF411106C6DE
:10AB3400EFF09FFC11C503452500B240410182801E
:10AB44004145E5BF411122C42A842E8506C6EFF093
:10AB5400FFFDAA8505462285EF3030319547630510
:10AB6400F500BD476313F5002145B240224441017D
:10AB74008280411122C42A84090506C6EFF00FEF32
:10AB8400FD57A301F400B24022444101828093871F
:10AB940041959C431797FF1F034797652A8605072E
:10ABA40081463E8583D707006388C70085069307DF
:10ABB4006500E3E8E6FE01458280411122C4416458
:10ABC40006C626C29307E4FF630EF500AA8485E156
:10ABD400EFF0FFFB01E91305F4FFEFF05FFB19C190
:10ABE40023109500B240224492444101828085475B
:10ABF4006394F504EFF0BFF92A846DD5FD57231053
:10AC0400F500834724001307F00F6384E70213075A
:10AC1400E00F638AE700034534000147F9465146D3
:10AC2400A685EFF08FD62285EFF0BFF4FD57230100
:10AC3400F400230204007DB78947E395F5FA8545BE
:10AC4400EF30D04245F12685EFF07FF42A8455F9A0
:10AC540051BF5D71A6C24EDE86C6A2C4CAC052DC14
:10AC640056DA5AD8AE8483C52500F947AA89639673
:10AC7400F504EFF0DFF12A8409ED01442285B640A2
:10AC8400264496440649F259625AD25A425B61619B
:10AC94008280834725000547890793F7F70FE37EF2
:10ACA400F7FC034535000147F9460146CE85EFF030
:10ACB400CFCD2285EFF0FFEBC9B783AA0400B70715
:10ACC4000001938707F037071200B3F7FA00130760
:10ACD4000710328A0149638AE7022EC6EFF03FEB80
:10ACE4002A89B2451DC10346450005C29317860152
:10ACF400E187E3C407F84E85EFF06FD1834749003D
:10AD040093E707F82302F9008DBF03C76187930710
:10AD1400F00F1944E304F7F6E147E3E1B7F693D7FC
:10AD24001500FD178E0717B701001307675CBA9764
:10AD340003A80700E30408F403AB4700E3000BF4A3
:10AD4400C20A93DA0A0163850A00C947E398F5F257
:10AD540083D64400904483C5140003C50400380816
:10AD640002982A8401FD2C084E85029B2A8421C95D
:10AD740083C71400E39407F083C72400230AA100C7
:10AD840039472308F1006399E702624783471700B4
:10AD940003470700A207D98F0C084E852319F10039
:10ADA400EF10617BE30B05EC14080546D9454E858D
:10ADB400EFF0EFD12A84D9B583578101F1BF83C65F
:10ADC40024009147E38BF6EA38080146CE8503C593
:10ADD4006187EFF08FBB2A84E31205EA83C5240060
:10ADE4002808EFF0AFB219C123000A009840B70752
:10ADF4000001938707F07D8FB70712009387071030
:10AE0400E30DF7E6E30B09E683C724002302F90008
:10AE1400B5B5011106CE2EC6EFF07FD701CD83471D
:10AE24004500B245138717006396E50093F707F8CA
:10AE34002302F500F240056182809387C194984310
:10AE440019E3014615A81C4703D8A700636B050145
:10AE540083584700B38608016355D500814663943F
:10AE640016011843F1BF3E86C10703D3A7FF63173A
:10AE7400A30099C123900501328582808506C2060C
:10AE8400C182F1BF397152D42E8A4ED69305E101A5
:10AE9400AA89528522DC4AD856D206DE26DA3289BD
:10AEA40036C63AC4BE8AEFF05FF9054435C5AA84B4
:10AEB4000355E1013944EFF0BFB239CD0328450011
:10AEC400630C08042247B246D6874A86A6854E8577
:10AED40002982A8431E19307E00F638FFA0203C7D3
:10AEE40004008947631AF702D840834717000347D1
:10AEF4000700A207D98FC2070D67C18713072790E0
:10AF0400639CE7008347190003460900D285A20722
:10AF14005D8E4E85EFF09F9B2285F2506254D25491
:10AF24004259B259225A925A21618280797122D4AB
:10AF3400035425004ECEAA89228556CA06D626D2A7
:10AF44004AD052CC5AC85EC662C4AE8AEFF05FA63D
:10AF540001E92285EF10D130594429E90144B9A00F
:10AF640003C789008547AA840144631AF702AA85A6
:10AF740013858900EFF0BFA929CD03D7640083D6D8
:10AF84008400D04483D5440003D52900E147EFF081
:10AF94007FEFD9472A846318F50223A60400268587
:10AFA400EFF01F9C49C0D947E30AF4FA2285B25056
:10AFB400225492540259F249624AD24A424BB24B49
:10AFC400224C4561828061DD83D744002390FA00DE
:10AFD400F9B713894400014AB94B594C3D4B835589
:10AFE4000900D5DDE14763067A010357C90011C39F
:10AFF400D94703572900835649000326890003D5FE
:10B004002900EFF03FE82A8463198501232409000D
:10B01400050A3109E3156AFD59B77DD9835709003B
:10B024002390FA00F5B703D529002DB70111231792
:10B03400C1009307E00F1306E1000147894606CEDD
:10B04400EFF05FE4F24005618280797122D42A84B2
:10B054000355850026D2AE849305210106D64AD035
:10B06400EFF0BFDD6308050E834785002AC693F71A
:10B0740007028DCF03552101EFF01F98AA87B2452F
:10B0840001ED8357840039452390F400B2502254D3
:10B09400925402594561828003552400494682979F
:10B0A40011C5835784002390F400CDB703592400BD
:10B0B4004A85EFF0FF8F11ED41657D15EFF05F8F4D
:10B0C40019E58357840025452390F400C1B7231064
:10B0D4002501130745008147BD46035607002DE6A9
:10B0E4003147B387E702130984003146CA859107C3
:10B0F4003E959750FF1FE780407B3146CA8548083C
:10B104009750FF1FE780607A0356C400035524005C
:10B1140041478146DD45EFF0EFA62ACE19E5835776
:10B12400840045452390F40095B70C480356C400A9
:10B134009750FF1FE7806077035524004C08EF10F9
:10B14400F10D29D5594599B785073107E397D7F804
:10B15400254581BF0545B1B7797122D42A840355A9
:10B16400850026D2AE849305E1014AD006D6328901
:10B17400EFF0BFCC51C58347850093F70702A9E7D9
:10B18400034714019307200519E3834744008356BA
:10B19400A400504483558400035524000147EFF074
:10B1A4007FCEAA8721E98347140199E70355240038
:10B1B400EF10F101D94711E18147B2502254925462
:10B1C40002593E85456182802AC60355E101EFF0AC
:10B1D400BF82AA8705C9B245035524004946829710
:10B1E400AA8759DD035784002390E4000347140120
:10B1F40061F7E1B75947E317E5FE230009006DBF86
:10B204008547CDB7B947F9BF397122DC4AD84ED644
:10B2140052D406DE26DAAA892E8A32C63689EFF09F
:10B224001F97094415C5834725001307E00FAA8417
:10B234005D44638FE7001307F00F5944639AE700F6
:10B24400324605E2D2854E85EF1071052A8415CD6C
:10B254002285F2506254D2544259B259225A216181
:10B26400828003550A009305E101231F0100EFF0DA
:10B27400DFBC0355E101EFF07F8BAA8505464E85BF
:10B28400EF30A03E2A845DDDE1B79307F00FE301C0
:10B29400F9FC938624007946A68517F5FFFF13056C
:10B2A4004541EFE0FFFBA38124015DB7397193872A
:10B2B400C19426DA844352D45AD05ECE62CC06DEE0
:10B2C40022DC4AD84ED656D266CA2A8BAE8B328C32
:10B2D400368A99E08149B9A0804483DC440001495D
:10B2E400835AA400631499018440E5B78357A400EA
:10B2F400A28963F867010509420913590901410448
:10B30400D5B7E3EAFBFE630C0A008345040048401A
:10B31400D28662863AC6EF00317E324769DD19C3B0
:10B3240023105701F25062544E85D2544259B259F7
:10B33400225A925A025BF24B624CD24C21618280B7
:10B3440003D7050083D62500854763E9E60439C79A
:10B35400411183C6450026C29384550022C4268623
:10B364002E8417B501001305A576894506C6EF009E
:10B37400B178C14711CD8346440083552400035559
:10B38400040001472686EFF07FF2814711E1A947C7
:10B39400B240224492443E85410182803E858280AF
:10B3A4002E860355060083D52500854763E2A50252
:10B3B40005C18346460041110147150606C6EFF054
:10B3C400FFEE814711E1A947B2403E8541018280E9
:10B3D4003E8582802E860355060083D52500854749
:10B3E40063E2A50205C183464600411101471506E3
:10B3F40006C6EFF0BFEB814711E1A947B2403E8595
:10B40400410182803E85828039714ED683D72500E2
:10B4140083D9050006DE22DC26DA4AD852D456D275
:10B424005AD05ECE62CC66CA6AC863E037198547D3
:10B43400638E0914416BAE8A2A8A2314010002C662
:10B44400014401497D1B894B054CC94C054D83D5ED
:10B454002A000147814601464E8523130100EFF07F
:10B46400FFE4AA846300051209EC13072002930683
:10B4740061005A8695455285EFE0DFF02A8463081F
:10B4840005120357810083C7040045C70347A10081
:10B49400630CA70741476385E7022C005285EF1030
:10B4A400E12009CD34001546D9455285EFE03FE24D
:10B4B40011C532459760FF1FE78000028147F9A05C
:10B4C40083D7A4004146130524002300F40083D746
:10B4D400A400A183A300F400CC409750FF1FE78091
:10B4E400C03C4904835781008507C207C1832314E4
:10B4F400F10063F9270983D7A400638567098509E7
:10B50400C20993D90901A1B7E39977F983D7A400B4
:10B514000946130524002300F40083D7A400A18363
:10B52400A300F400CC409750FF1FE78000381104BB
:10B5340055BF22C60359610003C7A40013052400A4
:10B544006382770333599903230571012300E400CF
:10B5540083D7A4004146A183A300F400CC4013790F
:10B56400F90FA5BF230581012300E40083D7A400BC
:10B57400135929001379F90FA183A300F400094694
:10B58400CC4055B78357810089FBA947F2506254D8
:10B59400D2544259B259225A925A025BF24B624C2B
:10B5A400D24C424D3E85216182808547C5B7C5474F
:10B5B400F1BF03C76196854763F3E706011122CC07
:10B5C40026CA4AC806CE2A843289AE84EFF02FDC1C
:10B5D40001C9034725009307E00F5D456308F700A1
:10B5E400631C0900A6852285EF104148F24062449D
:10B5F400D24442490561828003D504009305E100E9
:10B6040023170100EFF07F830355E100EFF00FD221
:10B61400AA8505462285EF30400569D5C1BF594545
:10B62400828013F7050201C7B2856FF0AFD14111D3
:10B6340026C24AC006C622C413F98500AA84631729
:10B644000900139785016187635D0702328536849B
:10B65400EFF0CFCDAA850546631309000146268580
:10B66400EF30A00001E90145B2402244924402496E
:10B674004101828083479400E5DB83478400E5F73A
:10B68400E5B793F72500E5F30D45F9BF7971AE866B
:10B6940022D42A8403D506009305E10106D636C6D2
:10B6A400EFF0AFF909CD83458500B2460356E101B9
:10B6B4002285EFF01FF7B250225445618280054580
:10B6C400DDBF13F7050201C7B2856FF0AFC74111A3
:10B6D40022C426C206C693F485002A8491E41397F3
:10B6E40085016187635007023285EFF02FC4AA8574
:10B6F400054691E0014622852244B240924441012C
:10B704006F20B07693F72500014591E30D45B240D3
:10B7140022449244410182807971AE8622D42A84E3
:10B7240003D506009305E10136C606D6EFF0EFF027
:10B73400B24601CD834585000356E1012285EFF031
:10B744005FF8B2502254456182800545DDBF7971AE
:10B7540026D2AA840355A500C16722D44AD04ECE6E
:10B7640006D623170100FD173284B6890149630DFB
:10B77400F500050583C60400D04042051307E10027
:10B784004181EFF0BFB22A8983C60400D0408945C5
:10B7940017B501001305C533EF0011361DC503D4D9
:10B7A400A4002285EFF00FB709C57D142A94420442
:10B7B40041806384090023908900B25022544A8551
:10B7C40092540259F2494561828083C60400D040F4
:10B7D400894517B5010013052530EF00F13161F1FA
:10B7E40083C60400D040894517B501001305452CD4
:10B7F400EF00913019C9E30609FA8357E100E39297
:10B8040087FA0354A9007D145DB703D4A40055B787
:10B81400397122DC26DA4AD84ED652D456D25AD0BE
:10B8240062CC06DE5ECEBE8983C785002A8AAE84DA
:10B83400C18B328C36843A89C28A468B9DE783CB8E
:10B8440004008947638BFB046285EFF06F991DC187
:10B8540083280500638008025A88D6874E87CA86E3
:10B864002286A6855285829839A03285EFF0CF983A
:10B87400AA8711ED3945F2506254D2544259B25953
:10B88400225A925A025BF24B624C21618280294611
:10B89400A6855285829745D5F9BFD84083471700BE
:10B8A40003470700A207D98FC2070D67C187930614
:10B8B40007906384D72263CEF60693062780638EAF
:10B8C400D70C63C1F60213070780E3CFE7F62D45D3
:10B8D400E39309FADC4403C60700CC432310C900F0
:10B8E400228569A213073780E390E7F62D45E39498
:10B8F40009F885472310F900DC44814583C7070014
:10B904002300F40003D5A400050542054181EFF0AE
:10B91400CFD2835709006317051291072310F9004A
:10B9240011468145130514009750FF1FE78000FF5F
:10B9340029A2930627906383D71863CED712930660
:10B944003790638CD71813074790E39FE7EE2D4594
:10B95400E39309F2DC441D472310E90003C7070001
:10B964002300E40003C71700A300E40003D7270063
:10B974002301E40003D727002183A301E40003C7C4
:10B9840047002302E40003D76700A302E40083D73F
:10B994006700A1832303F4004DA02D45E39D09EC2A
:10B9A400DC446C0083C9170003C70700A209B3E98C
:10B9B400E90011472310E90083C707004E852300DF
:10B9C400F400DC4483C71700A300F400EFF0EFC6D3
:10B9D400AA8435C50356C100C1659306E100FD156F
:10B9E4008329C500EFF0BFD619ED83C60400D0400B
:10B9F400894517B501001305250EEF00F10F01E588
:10BA0400FD572317F10003C7090089476310F702A4
:10BA140083A549000946130544009750FF1FE7809A
:10BA2400C0E88357090089072310F9008357E10010
:10BA34002301F400A183A301F40001452DBD2317C4
:10BA44003101EDB7034705008907BA972310F900C0
:10BA54008357A500A300F4008357A500A183230105
:10BA6400F400034605004C41130534009750FF1FB2
:10BA7400E780A0E3D9B7C8449750FF1FE78020EDC3
:10BA840093170501C1832A871D45E3E637DF6399D0
:10BA9400F90023100900CC4403560900CE9589B55A
:10BAA4004207B3863A01418363C7E600B38737414F
:10BAB4002310F900CDB723105901F1BF2D45E39CA4
:10BAC40009DACC445285EFE0FFD123107901230039
:10BAD400A4002181A300A4008DB72D45E39D09D8BE
:10BAE400DC442310790183C707002300F400DC44FD
:10BAF40083C71700A300F40089B75D71CAC02A89FF
:10BB0400035525004EDE52DC56DA5AD85ED662D48E
:10BB140066D26AD06ECE86C6A2C4A6C22E8BEF00B1
:10BB2400B111130CF5FF931D0C01C16BAA8A814955
:10BB3400178AFF1F130ACA4593DD0D01938C819464
:10BB4400138D0194FD1B8357C90063F8F90097878F
:10BB5400FF1F83D7E74363CE8701035529009785E9
:10BB6400FF1F9385E542EF00115BAA841DCDD944E4
:10BB74002DA883278900139719009305E100BA972C
:10BB840003C4170083C7070022045D8C2285EFF0ED
:10BB9400CFAAAA851DE923108B0003254A008544FA
:10BBA40009C59760FF1FE7802093B6402644268589
:10BBB40006499644F259625AD25A425BB25B225CFD
:10BBC400925C025DF24D616182808348490083A6E4
:10BBD4000C000356E100035529006E8881476A87EB
:10BBE400EFF01FC3AA8411C523108B0003254A005C
:10BBF40045BF83274A0095E30355290051478146F1
:10BC04005E86BD45EFE00FF89787FF1F23A4A73892
:10BC140009E523108B00C54449BF9787FF1F83D7CD
:10BC2400273703D701943E976347570113C7F7FF9C
:10BC340056972390E19403254A0083A50C0003D66C
:10BC440001943E959750FF1FE78020C683570A0052
:10BC540003570D008509C209BA971787FF1F2319D7
:10BC6400F73293D90901C5B5397122DC2A84035509
:10BC7400250006DE26DA4AD84ED652D45AD05ECEF5
:10BC840062CC66CAAE8B56D2EF00017B2A8A834609
:10BC9400C4008355A4000355840078001306D4001F
:10BCA400930CBAFF651AEFF06FE0420A416B2A89E0
:10BCB4008144135A0A01138C81949789FF1F938935
:10BCC400292D7D1B6302090463D094058348440035
:10BCD40083260C000356C100035524005288814773
:10BCE40013870194CA85EFF0BFB215C5814A035684
:10BCF400C1008355A4004A859306E100EFF03FA5F7
:10BD04002A89639D0A065DFDE5E083578400294581
:10BD14002390FB0081A00356040183D70194E31709
:10BD2400F6FC83250C0048489750FF1FE78020C588
:10BD340055DD83A74900A1E3035524004547814607
:10BD44005A869D45EFE00FE41DE183578400454585
:10BD54002390FB00F2506254D2544259B259225AF1
:10BD6400925A025BF24B624CD24C216182809787DB
:10BD7400FF1F23A1A722835AA90095BF83A74900C7
:10BD8400A69723805701938714001397070183A76D
:10BD94004900418393DA8A00BA97238057011387B5
:10BDA400240083A649009387340042079104418309
:10BDB400C207C204C183C180369711CD8356E10006
:10BDC4002300D70003A74900BA970357E100218352
:10BDD4002380E700C5BDFD562300D70003A7490013
:10BDE400BA972380D7000DB703552400898097851F
:10BDF400FF1F9385E5199787FF1F239B9718EF0073
:10BE0400911729D95945B9B7411122C406C693F7E8
:10BE140005012A84328585C3EFE05FD1AA850546F2
:10BE24002285EF20900495476305F500BD47631D07
:10BE3400F502214515A893F7450099CBEFE01FCFF4
:10BE44000546AA8522852244B24041016F20F001B3
:10BE540093F7050489C7EFE07FCD0146DDB713F5FD
:10BE64001500133515000605B240224441018280B5
:10BE740079714AD04ECE52CC06D622D426D22A8A02
:10BE8400AE89014983D749006364F9000145A1A043
:10BE940083A709001314190093041400338797002F
:10BEA40003470700A29703C5070022079305E10093
:10BEB400598DEFE09FF805E983A7090005453E94F5
:10BEC400034704002380E70083A70900BE9403C747
:10BED4000400A380E700B250225492540259F2495C
:10BEE400624A45618280834585000356E10052859C
:10BEF400EFF09FF105C183A709003E9403470400B6
:10BF04002380E70083A70900BE9403C70400A3802D
:10BF1400E700D1B70509420913590901A5B7011171
:10BF240022CC2A8403D505009305E10006CEEFE078
:10BF3400DFF001CD834585000356E1002285EFF053
:10BF4400BFECF2406244056182800545DDBF397172
:10BF540026DAAA840355250006DE22DC4ED652D406
:10BF640056D25AD05ECE62CC66CA6AC82E8A4AD8E5
:10BF7400EF00814CAA8A83C6C40083D5A40003D5EC
:10BF84008400138CAAFF78001386D400EFF00FB25C
:10BF9400420CC16CAA890144135C0C01138B0194FB
:10BFA400938B8194FD1CED1A178DFF1F130D4DFE0D
:10BFB400638D09180356C10083C5890003D5240085
:10BFC400EFF09FE42A89631D051683C8440083A605
:10BFD4000B000356C10003D52400628881471387F0
:10BFE4000194CE85EFF0DF822A89631B051439C0E2
:10BFF40003D7019411079787FF1F83D787F96395A8
:10C00400E700A29763C057099787FF1F83D767F894
:10C014003354F40203D524009785FF1F938545F715
:10C024009787FF1F239687F6EF0071122A890DC5A3
:10C0340059491DA003D52400494781466686C54554
:10C04400EFE04FB49787FF1F23A6A7F40DE583D72E
:10C05400A90045492310FA00F25062544A85D2548B
:10C064004259B259225A925A025BF24B624CD24C58
:10C07400424D2161828083570B0091071787FF1F70
:10C084002319F7F083274D0003D7A9009306E10095
:10C09400A2972380E70093071400139707018327CF
:10C0A4004D0041834E85BA9703D7A900218323808D
:10C0B400E7000356C10083D5A400EFF04FE98326BF
:10C0C4004D00130724000356E100420741833697CD
:10C0D4002300C70003274D0093073400C207C18320
:10C0E400BA970357E100AA89110421832380E7004A
:10C0F40003254D004204418003D6019483A50B001F
:10C104002295639509029740FF1FE780007A8357C1
:10C114000B003E9442044180E31804EE83D784006C
:10C124002310FA00E31A09F229493DB79740FF1F8B
:10C13400E780A07783570B003E94420441808DBD75
:10C1440083D7A9002310FA00C1BF0149F1B75D717B
:10C15400A6C2CAC0AA840359850003552500A2C4F7
:10C164004EDE56DA5AD85ED662D466D26AD086C615
:10C1740052DC6ECE2E8BEF00212C930BD5FF711564
:10C18400931905010144138DD40093D90901138C2B
:10C194000194938C8194978AFF1F938A6ADF635872
:10C1A400741583C6C40083D5A4001307E1006A860E
:10C1B4004A85EFF0AF8FAA8D630B05120359A500D2
:10C1C400834585000356E10003D52400EFF0DFC367
:10C1D4006314051283C8440083A60C000356E100CF
:10C1E40003D524004E88814713870194EE85EFF030
:10C1F4002FE2631305101DCC83D701941787FF1F0B
:10C20400035727D98907630EF7069787FF1F83D73C
:10C2140047D83354F40203D524009785FF1F938530
:10C2240025D79787FF1F239587D6EF00815E05C525
:10C23400594515A003D5240041664D4781467D1616
:10C24400A545EFE02F949787FF1F23A5A7D41DE1F1
:10C2540023102B014545B640264496440649F2591D
:10C26400625AD25A425BB25B225C925C025DF24D2E
:10C274006161828083570C0089071787FF1F231A87
:10C28400F7D083D70194A29763D3770783A74A0093
:10C2940003D7AD00130A2400A2972380E700050406
:10C2A4009317040103A44A00C183420A3E9483D72E
:10C2B400AD0083A50C00135A0A01A1832300F400E6
:10C2C40003A54A0003D6019452959740FF1FE780C7
:10C2D400C05D03540C00C167FD17529442044180B1
:10C2E400E30FF9EA05094209135909014DBD29452E
:10C2F40009FC23102B0185B76DDC01BF83570500B2
:10C3040081E789473E858280411126C2444122C487
:10C3140006C683C60400D0402A84894517A50100B7
:10C324001305057BEFF0507D19C983472400254789
:10C33400E51793F7F70F6376F702E14729A883C659
:10C344000400D040894517A501001305E578EFF0F6
:10C35400B07A61FD8947B240224492443E8541014E
:10C36400828083D641878547FDD6035704003697DC
:10C37400C166E3C2E6FE9165938525703145975009
:10C38400FF1FE7804006AA84CD4771D53146814519
:10C394009740FF1FE78080588357040083D5418767
:10C3A40001460147B386E500C206C1826369F7020C
:10C3B400AE97C207C18319C2239AF18623A0040051
:10C3C4002146A285138544009740FF1FE780E04D76
:10C3D4009387C1949C4391EF23A6919431A8504034
:10C3E4001315470005072A962315D60005465DBF99
:10C3F400BA87984375FF84C38147B1BF011106CE44
:10C4040022CC26CA4AC809E98944F24062442685F6
:10C414004249D244056182802AC62A84280036898A
:10C424002314B1002305C100EFF05FEDAA8471FD70
:10C43400E30D09FC8357A400E1DB916593855570F6
:10C4440031459750FF1FE78000FA0DC58357A400BC
:10C4540023200500232425012312F50093878195C9
:10C464009C4389E723ACA1944DB7BA87984375FFE1
:10C4740088C361BFCD4451BF83C7219495E38547E9
:10C484002381F194058909CD9766FF1F938686045D
:10C49400414691451765FF1F1305C5FF6FF01FF651
:10C4A40001458280A384A1868280C167FD1763153C
:10C4B400F5002E856FE06FA3411106C6EFE0EF9CF7
:10C4C40011C5FD572310F50023010500B2404101B9
:10C4D400828001114AC806CE22CC26CA85472A8901
:10C4E4006393F5044A85EFE0AFCC39E9C1649385E1
:10C4F400F4FF1307E100894617A601001306865BC3
:10C504000545EFE0BFDA2A84FD140DC44C444A8586
:10C51400EFF0BFF90356E10022858146A685EFF0CE
:10C524000FA32A84DDB789476396F5008545EF207C
:10C53400E0334DD9F2406244D244424905618280DD
:10C54400EFE00FC265B7411106C623A8019423AAE0
:10C55400019423A201941785FF1F034575C941CD9A
:10C564009307200C3305F502916593851570190521
:10C57400420541819750FF1FE780E0E623A8A1947C
:10C584009307200C1786FF1F034696C63306F60250
:10C59400814519069740FF1FE7804038938701952E
:10C5A4009C431787FF1F0347B7C481459386870BB6
:10C5B4007D5563E8E5069306800BB306D702014672
:10C5C400FD550507B69723AAF194BE862390B600BD
:10C5D400A381B6002381B6002382060005069906CE
:10C5E400E366E6FEF9562390D70099463307D7024F
:10C5F400BA9723A2F19417E5FFFF1305C565EFD0A1
:10C604007FD217F5FFFF13050581EFF0905517E56D
:10C61400FFFF1305C55AEF20A01CB240014541019C
:10C6240082802394A6F41386C6F4231006002324E0
:10C6340006003106E31BD6FE85059386860B95BF5F
:10C64400411122C42A8406C6EFD0EFF4EFE02F8C08
:10C6540023848186938741948843EFE00F89238B59
:10C6640081862244B240170500001305C5E6410146
:10C674006F20001793970501C18763D0073679713E
:10C6840003C5818622D452CC06D626D24AD04ECEB9
:10C694002E8AEF80AFA22A8421C90347050093079D
:10C6A400000B6310F7048547A304F100938781947A
:10C6B4009C4323150100A1E7EF00C07E916593859B
:10C6C40035709750FF1FE78000D223A4A19405E999
:10C6D4008347910099C78345440013058400EFD034
:10C6E4003FE22285EF806F91B25022542165334599
:10C6F400AA0092540259F249624A45618280614615
:10C7040081451785FF1F1305A5889740FF1FE78004
:10C71400E0200349440089479789FF1F938949878B
:10C72400631DF906EF0000789787FF1F2392A78601
:10C7340003552400CE85EFF0D07203572400978769
:10C74400FF1F83D7E7848356840011ED63E4F6006A
:10C754002314F400835584003A85EFD01FBD22854D
:10C76400EFD0FFB3B5B763E4F6002314F4008357A6
:10C774008400D9450D469786FF1F239BF680978634
:10C78400FF1F9386E6803A85EFD07FB48D4561D94B
:10C794001775FF1F1305C57FE1A09947631CF902B4
:10C7A4009305A1002285EFF02FCCAA844DD9D94757
:10C7B400639BF40E0509035524001379F90FD94539
:10C7C4009776FF1F9386C67C4A86EFD05FB0CA85F2
:10C7D40059D57DBFA1476318F9009305A1002285AF
:10C7E400EFF0FF96D9B7A947631FF90603558400F4
:10C7F4006C00EFE08FE4AA84630705160355240058
:10C8040041669306E10055477D16AD45EFD09FB7CD
:10C814009777FF1F23A0A778AA8649C183484400BD
:10C824000358E1000356C10003552400A68581473F
:10C834004E87EFE0FFFDAA8463160510035524001C
:10C84400CE85EF00E102E30C05F003552400CE860B
:10C854002D46D945EFD0BFA7E30305F0AD454E857E
:10C86400EFD01FCAEDBDB1476315F910035584001D
:10C874006C00EFE08FDCAA846307050E03552400E7
:10C8840041669306E10059477D16B545EFD09FAF49
:10C894009777FF1F23A0A770AA863DE183578400E2
:10C8A400C5442315F10003471400D147E309F7EA0F
:10C8B40083474400035524009775FF1F9385456DF6
:10C8C4001777FF1F2306F76C8357A1001777FF1F05
:10C8D4002311F76C9777FF1F238E976AEFF0B04709
:10C8E400E30F05E6035524009776FF1F9386466AF7
:10C8F4000546D945EFD0BF9DE30305E6854549BD0F
:10C90400834844000358E1008357A4000356C10040
:10C9140003552400A6854E87EFE09FEFAA841DE10E
:10C9240003552400CE85EFF0707AE30A05E203553F
:10C934002400D945CE863546EFD07F99B545E3002E
:10C9440005E2B9B5D9476393F400814403A54900CE
:10C954009750FF1FE78040B8E38304E083578400C7
:10C964002315F10089B78357840085442315F1000A
:10C974001DBFB9476318F9009305A1002285EFF0A4
:10C98400CF9725B5C1476318F9009305A100228507
:10C99400EFF0EFDB19BDC947631AF90013069100E4
:10C9A4009305A1002285EFE02FFB01B5D947631D54
:10C9B400F9009305A1002285EFE02FE9AA84E3188A
:10C9C40005DEA304010061BBE147E31AF9D893052E
:10C9D400A1002285EFE08FD5C9BB01458280E9CE55
:10C9E400011152C42E8A854522CC4EC656C206CEAB
:10C9F40026CA4AC8AA8AB6893284EF103067D1475A
:10CA040015C183C7419683C65196814419E0B68403
:10CA1400BE861387C195184393974400BA9763ED74
:10CA2400D400D547F2406244D2444249B249224A32
:10CA3400924A3E85056182803E89C10703D727FF5C
:10CA440009C7850493F4F40FD9BF2DC09565938568
:10CA540025C0130500029750FF1FE780C0982326C6
:10CA6400A90061D113060002814593840404974010
:10CA7400FF1FE780A0EA2311990023000900231374
:10CA8400590105C81777FF1F1307476C83479400A4
:10CA940010432304F900118C8327C90011841180E9
:10CAA400238E870023A029018147ADBF23260900D7
:10CAB400E9B723044901FDB785473E858280938702
:10CAC400C195984383C5419681476395F500814696
:10CAD4003685828003562700BA8619C2E30AA6FE69
:10CAE400850793F7F70F4107CDB79387C19598430F
:10CAF40003C6419681476315F600814636858280D8
:10CB040083552700BA8689C583454700E388A5FE77
:10CB1400850793F7F70F4107F9BF9777FF1F9387AF
:10CB2400E762984383C5719681476395F500814612
:10CB34003685828003560700BA8619C2E30AA6FE28
:10CB4400850793F7F70F4107CDB79387C1959C43AA
:10CB540003C8519601476315E800814636858280F3
:10CB640003D62700BE8619CA03D667006318A60039
:10CB7400D04709C603562600E302B6FE050713771D
:10CB8400F70FC107C9BF411122C4404526C206C6DA
:10CB9400AA8415C0484409C59750FF1FE780C09375
:10CBA400484809C59750FF1FE78000932285975096
:10CBB400FF1FE78060922685414681459740FF1F0D
:10CBC400E780C0D5B2402244FD57A384F4009244C8
:10CBD40041018280011122CC2A840355250006CE0E
:10CBE4002EC6EF107011324622858145EF00906CFD
:10CBF40022856244F24005616FF0FFF80DC50357CA
:10CC04002500411122C406C62A8411CBDD45EF005C
:10CC1400506E22852244B24041016FF0DFF6B240EB
:10CC24002244410182808280411126C2314793040B
:10CC3400C5FF3387E4029777FF1F9387275206C601
:10CC440022C43E978356A7006397B602484305C59E
:10CC54003E849307F00F6306F60083470500639C48
:10CC6400C7009750FF1FE7802087B147B387F402BE
:10CC7400A29723A20700B240224492444101828039
:10CC8400411122C42E8426C24946AA8481452285A4
:10CC940006C69740FF1FE78060C8ADC083C7C401C4
:10CCA400139747009777FF1F9387474A9C43BA9788
:10CCB40003D707002310E40003D7270083D76700B6
:10CCC4002311E40013872196035707002312E4007D
:10CCD40003D704002313E40003D724002314E4003F
:10CCE40003D744002315E40003D764002316E400AB
:10CCF40003D784002318F4002317E400B24022442D
:10CD04009244410182809777FF1F9387274403A8A9
:10CD140007009387C195904383C541960147814796
:10CD24006394E5003E8582808346060081CE5446A6
:10CD340091CA83C6C6019206C2966315D5008507BB
:10CD440093F7F70F05071377F70F4106D1BF1306C3
:10CD540000643386C50293069500AA851705000072
:10CD6400130505EA6F80CFAD411122C406C62A849B
:10CD740003459500EF80EFC7FD57A304F400B240CC
:10CD8400224441018280011122CC4AC84EC652C4B9
:10CD940056C206CE26CA2A89AE890144138AC19591
:10CDA4009D4A83C751966362F40463970902938989
:10CDB400C195130AF00F83C741966366F4061144C4
:10CDC400A1442285050442041306F00FCA8541805C
:10CDD400EFF09FE5E31794FEF2406244D2444249E7
:10CDE400B249224A924A0561828083270A00931439
:10CDF4004400BE9483C704009DC383D7640063903A
:10CE040027036396590103D52400EF10E06E2685AD
:10CE14004E868145EF00104A2685EFF0DFD60504E3
:10CE24001374F40FBDBF83A7090093144400BE9488
:10CE340083C704009DC383C794006380470383D7DB
:10CE44006400639C27012685EFF01FF22685D145F7
:10CE5400EF00304A2685EFF01FD305041374F40F56
:10CE640099BF41677917630BE502411122C406C6D5
:10CE740085472A846399F50022852244B24081457E
:10CE840041016FF05FF089476396F5008545EF1027
:10CE9400F01D7DD1B24022444101828082809D45B3
:10CEA4006FF07FEE03D521968280011106CE231701
:10CEB400A1002316B10003C7019685476318F70044
:10CEC40070009305E1000545EF507027F2400561BD
:10CED4008280A947631CF60483C7150003C70500B5
:10CEE400A207D98F2310F50083C7350003C7250097
:10CEF400A207D98F2311F50083C7550003C7450046
:10CF0400A207D98F2312F50083C7750003C76500F4
:10CF1400A207D98F2313F50083C7950003C78500A3
:10CF2400A207D98F2314F50001458280054582802C
:10CF340091476314F60283C7150003C70500A207CF
:10CF4400D98F2310F50083C7350003C72500A20736
:10CF5400D98F2311F500014582800545828093878E
:10CF6400C5FF93960701C1820D476360D70231471D
:10CF74003387E7029777FF1F9387471EBA9723816A
:10CF8400A7002390B70001458280094582801307DA
:10CF94004020AA876374A70093074020F1172391C8
:10CFA400F1962383B1962384B19682801905956501
:10CFB40042054111938535C0418106C69740FF1F44
:10CFC400E780604211C5B240E95541016FF0A027E6
:10CFD400B240410182802382019623830196A38378
:10CFE4000196A38201962380019685470111177744
:10CFF400FF1F2303F71606CE2AC622CCA38401966C
:10D004002391019623AE0194EF1000583245130684
:10D01400000381459777FF1F238CA7121775FF1F05
:10D024001305C5139740FF1FE780408F1775FF1F37
:10D034000345C51531C19565938545C012059740D3
:10D04400FF1FE780403A1777FF1F2321A7100DC564
:10D054009777FF1F9387871383C717001776FF1FE0
:10D064000346C6128145A382F196A383C196120694
:10D074009740FF1FE780808A9387519683C70700F4
:10D084001775FF1F0345C51695653E951375F50F76
:10D094002382A196938555C012059740FF1FE78010
:10D0A400803423AEA19451C103C641961206814532
:10D0B4009740FF1FE78080869387C195984383C676
:10D0C4004196814725077D56639AF604EF10A070B8
:10D0D400B1473305F5029565938565C042054181E5
:10D0E4009740FF1FE78020309777FF1F23A4A706F0
:10D0F4002A8401CDEF10206E31463306C5028145E6
:10D1040022859740FF1FE78060816244F240170543
:10D114000000130545D505616F10806C8507230059
:10D12400C70093F7F70F410745B723820196A382FF
:10D13400019669BF41119397050126C206C622C410
:10D14400C187AE8463DE07081775FF1F03454500DA
:10D15400EF70CFF62A8439C9034705009307000905
:10D164006313F70403471500CD476319F706034516
:10D1740025009775FF1F83C5D5EB83C7619693067A
:10D184006400014601472E886319E50219C223830E
:10D19400F19683C7619681CB85451775FF1F0345BB
:10D1A40025FBEF709FB32285EF702FE52165258D58
:10D1B400B240224492444101828003C60600B297E1
:10D1C40013F6F70F9377F80F6374B6009377F60F9F
:10D1D40005071377F70F890605467DB72125E1B7C3
:10D1E40093F715000145E9D7EF00506D19C983C7BE
:10D1F400619681CB85451775FF1F034565F5EF7073
:10D20400DFAD13C514006DB785462A8763FBC604DA
:10D2140083C7150003C60500A207D18F2310F500AC
:10D22400639CD70083C7350083C62500A207D58F2A
:10D234002311F50001458280894601456394D70294
:10D2440083C7350083C62500A207D58F2311F700B5
:10D2540083C7550083C64500A207D58F2312F70064
:10D2640082800545828091476314F60283C71500C6
:10D2740003C70500A207D98F2310F50083C7350023
:10D2840003C72500A207D98F2311F5000145828029
:10D294000545828091476314F60283C7150003C7CE
:10D2A4000500A207D98F2310F50083C7350003C7F3
:10D2B4002500A207D98F2311F50001458280054579
:10D2C4008280A1476314F60483C7150003C70500D1
:10D2D400A207D98F2310F50083C7350003C72500A3
:10D2E400A207D98F2311F50083C7550003C7450052
:10D2F400A207D98F2312F50083C7750003C7650001
:10D30400A207D98F2313F500014582800545828049
:10D314008947631CF60083C7150003C70500A207ED
:10D32400D98F2310F50001458280054582808357FB
:10D33400260079714ECE06D622D426D24AD01307BF
:10D34400F007AE896372F70209473AC42316F10065
:10D35400300093F5F50FEF100019B2502254925497
:10D364000259F2494561828003574600D9462A8909
:10D37400328463F8E6008357660063F4F600637949
:10D38400F70023140100300093F5F90F4A85E1B743
:10D394000355060002C4EFF04FF8AA8459C1EFF018
:10D3A4009F9683C784006369F5001146A246CE8523
:10D3B4004A85EF10A00855B7340026869305F00F70
:10D3C4004A85EFF0CFE175F1A24703578400DC47AB
:10D3D4002390E700035724002391E70003574400F8
:10D3E4002392E700035764002393E70003D7440024
:10D3F4002394E700DC4485CB93F4F90F2286A685B9
:10D404004A858297C167FD172A86E311F5FA2245FA
:10D414009947F9452300F50023029500EFF03F9367
:10D424002DBF094661B7014651B7A947631CF604ED
:10D4340083C7150003C70500A207D98F2310F50081
:10D4440083C7350003C72500A207D98F2311F50030
:10D4540083C7550003C74500A207D98F2312F500DF
:10D4640083C7750003C76500A207D98F2313F5008E
:10D4740083C7950003C78500A207D98F2314F5003D
:10D48400014582800545828083C705002300F5009D
:10D4940083C71500A300F50083C7350003C7250023
:10D4A400A207D98F2311F50082802322050003C728
:10D4B400450089476304F7000545828083D66500EB
:10D4C4000D47E37BD7FE9C45011106CE22CC26CA2C
:10D4D4004AC84EC683C4170003C60700A204D18CF1
:10D4E400138644006311D60403C4370083C727009E
:10D4F400AE8922045D8C9307C4FFC207C1832A89C5
:10D50400636FF70003A58900231199002310890094
:10D51400F155EFE050532322A900014531A02285A3
:10D52400EFF0EFD965F10545F2406244D244424937
:10D53400B24905618280397122DC2E84834704005C
:10D544004AD806DE26DA4ED619472A89B285639A66
:10D55400E706034624002800EFF0FFD0AA8415E96B
:10D5640003558100EFF0AFD5AA898345140015C98E
:10D574002E8617170000130727EA34009D454A85B5
:10D58400EF00903F4E85094681452D234E85EFF0EF
:10D594008FDFF250625426854259D254B259216128
:10D5A400828089472310F100835781000A86231162
:10D5B400F1008357A1002312F1004A85EF00B072F5
:10D5C400C9BF4947639DE702035624002800EFF0D2
:10D5D4005FCFAA845DFD9777FF1F83D7E7B899E3F0
:10D5E400814445BF03471400834604003C000146C0
:10D5F400CA851775FF1F034545B7812659BF514793
:10D604006390E702035624002800EFF09F8CAA845D
:10D6140049F18345140030004A85EFF05FD195BF8E
:10D6240059476391E706035624002800EFF05F9002
:10D63400AA8425F1835581004A85EFF00FD10DC9E5
:10D6440058458356A10083570700B697C207C18384
:10D654002310F700D1D75C47C1D783C76196C9D3DC
:10D6640085451775FF1F0345A5AEEF700FE715B786
:10D6740089473EC0835781000A86834514002312DC
:10D68400F10025BF834514000A8623100100EF0032
:10D694009065B9B75D71A6C256DA86C6A2C4CAC07F
:10D6A4004EDE52DCAA8A03C51500AE8432C6EFF002
:10D6B400CFC3B24501ED8144B640264426850649D0
:10D6C4009644F259625AD25A61618280230205005B
:10D6D4002311050083C9040085472A84639AF9004D
:10D6E40003C624002808EFF03FB2AA8405492DA000
:10D6F4009D476394F904034705008D47E31DF7FA3A
:10D7040003C6240028080549EFF0DFB8AA8409E518
:10D71400054681452285792E2285EFF0EFE4034505
:10D7240084003C080147CE862686D6853924E30545
:10D7340009F82285EFF02FC541B7CD47639DF90065
:10D74400034705009147E318F7F603C624002808A9
:10D75400EFF01FBC59BFD547E39FF9F4034A050016
:10D764008947E31AFAF403C6240028080549EFF0B0
:10D77400DFCBAA8455F183570102BDE3035781012E
:10D784001306F0035C44930607FCC206C182636C73
:10D79400D6000356A101D94663F7C6008356C101DA
:10D7A400D94563EFD500035524002391E7000549CB
:10D7B400EF00905403560102D2852285712CA9BF33
:10D7C4008355E1012391E7002392C7002390B7001A
:10D7D4002393D70085472300F400014A0149D9BFA8
:10D7E400014AC9BF7971AA8522D426D203542500DF
:10D7F400AA84280806D6EFF05FCBF24599E535E90F
:10D8040085452285EFF06FEAC1A083578101154752
:10D81400639BE7060357A1018D4763FCE704680097
:10D82400EFF09FC60357E100DD4763FCE700834543
:10D83400D100B70717008507100822853EC8EF00FE
:10D84400904A8357E1000357A10191076305F7004C
:10D854002285EFF0CFE48347C10072466C00858BCC
:10D864001106228591CFEFF0FFE201C52285EFF08A
:10D874000FE3884451D59740FF1FE780E0C549B7BF
:10D88400EFF07FCBDDB711476389E7001387A7FF6C
:10D8940042074183854663EEE6023147F117B387B9
:10D8A400E7021777FF1F1307678BBA9703D70700A1
:10D8B40069D303C527003008A2850D205DF90357FD
:10D8C40081019147E31EF7F2B2502254925445610C
:10D8D40082802C082285892E49FDFDB701114AC892
:10D8E4002A89314526CA06CE22CC2EC6B284EF60E0
:10D8F400FFF531C1B2459307000A2310F500231147
:10D90400B5002A84214611058DC0A6859730FF1FD6
:10D91400E780A0F9A2854A85EF70AF820145F24005
:10D924006244D24442490561828081459730FF1F99
:10D93400E780C0FEC5B70545DDB7797126D2AA8454
:10D944001305000206D622D42ECE32CC36CA3AC8EB
:10D954003EC6EF60BFEF31C96246F2454247D24648
:10D96400B2472A84130520FA2300A400A300C400AC
:10D974002311B4002302E400A302D400130584009D
:10D98400614691CFBE859730FF1FE78000F2A285E4
:10D994002254B2502685925445616F609FFA8145A6
:10D9A4009730FF1FE78080F7DDB7B25022549254BE
:10D9B400456182805845797122D406D62A84AE8680
:10D9C40051C383572700231DF10093072006639F4B
:10D9D400F5049387219603D6070083576700637382
:10D9E400F600B28713F6F70F835527018347070123
:10D9F4008D8F93F7F70F81E5890793F7F70FB297A8
:10DA0400FD17B3C7C702231EF100835724008355B3
:10DA1400640003458400231CF10001473C080146CF
:10DA2400EFF0BFF1B2502254456182800347C70131
:10DA34009767FF1F938787719C431207BA9783D711
:10DA44006700D1B72EC61946814528089730FF1FB5
:10DA5400E780C0ECB24655BF797122D406D626D2EF
:10DA64002A848DC181470147930600062E8683557B
:10DA7400640003458400EFF05FECB25022549254EA
:10DA840045618280B284280059469730FF1FE780A1
:10DA9400E0E82314910089E88357240048446C008B
:10DAA4002315F100EFF0CF9D3C00014793060006DB
:10DAB400014675BF797106D6814799ED83572500D4
:10DAC40058452316C1002314F1003C0011C78357A5
:10DAD40027002315F1003C002E868355650003457D
:10DAE4008500014793060006EFF03FE5B25045611B
:10DAF4008280411122C406C68347050011472A8447
:10DB04006395E7022E8683556500034585008147AA
:10DB14000147CD46EFF07FE2494683556400224435
:10DB2400B240154541016FF02F9013F7B70F8946A6
:10DB34006317D7000146EFF03FF25146F9BF0D4796
:10DB44006398E7002244B240014641016FF09FF61A
:10DB5400B24022444101828083D705003147F11746
:10DB64003387E7029767FF1F9387475FBA97D843C6
:10DB740019EBD8412395A7000145D8C303D7250045
:10DB84002394E700828059458280797122D44045EC
:10DB940026D24AD006D6AA842E8925C0484419C55F
:10DBA4009740FF1FE7804093232604008357040017
:10DBB40083D5640003C584002315F1008357240032
:10DBC4000147930640062316F100835784004A86D2
:10DBD4002317F1001C483EC883D724002314F10006
:10DBE4003C00EFF09FD5A30E240123280400B2507B
:10DBF400225492540259456182802800314681455D
:10DC04009730FF1FE78080D183D7240083D5640039
:10DC140003C584002314F10001473C009306400629
:10DC24004A86EFF09FD1E1B7797152CC2A8A03D5A5
:10DC3400050026D206D622D44AD04ECE56CAAE8489
:10DC4400EFE0FFE719E1854749A04045AA8965DC73
:10DC540083576500E39947FF83578400638907125C
:10DC64008346C401976AFF1F938A4A4E03A70A009A
:10DC74009206FD173697C20703576700C183231422
:10DC8400F4006316F70093053006EFF0BFD25C484A
:10DC9400A5EFC840034915008347050022093369ED
:10DCA400F90083D7240013072900631AF702F955F2
:10DCB400EFE06059C8C02391240103C5890026867A
:10DCC400D285EFF0BFC1814721E1B2502254925472
:10DCD4000259F249624AD24A3E854561828095657D
:10DCE400938515C04A859730FF1FE780C06F48C8E9
:10DCF400C840231C2401F955EFE0E05483D72400E5
:10DD0400C8C0F9172391F400484859C503D6240024
:10DD14008356A401835784013308D60063C00709DE
:10DD24000347C40183A70A0095451207BA9783D70E
:10DD3400270063CF0705CC4036959730FF1FE78057
:10DD4400C0B60357A40183D72400BA97C207035768
:10DD54008401C183231DF400E397E7EE03D7290070
:10DD640003C5890030002314E1005848D2852315E7
:10DD7400F1003AC6EFF09FB611C548489730FF1F2F
:10DD8400E7808075232A0400232C04006DBD994587
:10DD94004E85EFE03FE445BDA545DDBF9145CDBFD0
:10DDA40003D7250069CF83D62196ED4763EAE60CB5
:10DDB400011122CC2E8426CAAA844840914506CE5D
:10DDC400EFE0604883572400AA862300F5008357B8
:10DDD4002400A183A300F500835704002301F50068
:10DDE40083570400A183A301F50003562400C167EF
:10DDF400F9171106420641826396F4042AC4314598
:10DE040032C6EF60BFA4AA85CD471DC5930700F9AC
:10DE14003246A2462300F500F9572311F50089473D
:10DE24002302F5002313C50014C51765FF1F03451E
:10DE34002532EF601FB18147F2406244D2443E85EF
:10DE44000561828081452685EF40503BAA8701E920
:10DE540003C7619675D37D172383E196F1BF094704
:10DE64006302E5021D476301E50249476300E502D9
:10DE74007D47E313E5FC03C761968147E1BFED47A6
:10DE84003E858280D1474DBF91477DB789476DB7A5
:10DE9400011122CC4AC831441309C5FF3304890255
:10DEA4009767FF1F9387872B06CE26CA3E94584058
:10DEB40031C783C66196BE84854795CA2314A100E1
:10DEC400835784000355A4002C003AC62315F1009F
:10DED400EFF01FED11C548409730FF1FE780C05F8A
:10DEE400B147B307F902A69723A207008547F2407A
:10DEF4006244D24442493E85056182808147C5BF60
:10DF0400797126D24445138721964AD083D7640079
:10DF14000359070052CC06D622D44ECE56CA2A8ABA
:10DF240063F327013E8903D72401420913590901E8
:10DF340083D7040141CB998F4A8463D52701139475
:10DF44000701418089452285EFF04F86AA89CD4A91
:10DF540025C183D724002AC6231581002314F10088
:10DF640083D7240185E383D7040193092500230083
:10DF7400F50083D70401A183A300F500637624058B
:10DF840003D4040183D72401CC4422864E85BE9554
:10DF94009730FF1FE780609103556A002C00EFF073
:10DFA4003FE0AA8A15C54E859730FF1FE780C0520F
:10DFB400B2502254568592540259F249624AD24AC6
:10DFC4004561828089078DBF7914420441805DBF19
:10DFD40003D7240183D704003A94FD17C2074204EF
:10DFE40003D70401C18341802390F4002399840062
:10DFF4006377E400D5FFFD57A38EF40055BF814538
:10E004005285EFF09FB86DB701114EC683C9919642
:10E0140022CC52C456C25AC006CE26CA4AC84E841E
:10E02400138AC195854A130BF00F83270A009314B2
:10E034004400BE9403C9040063175907DC44A5C710
:10E04400D84735C303D7070039C383C7619689CF3F
:10E054002685EFF0FFEAAA8515E5050483C75196E6
:10E06400635FF400A3848196F24062444A85D244FB
:10E074004249B249224A924A024B05618280A384F2
:10E084000196DDB72685EFF05FB00149F1BF83C784
:10E09400D701639A6701930520062685EFF09F91C7
:10E0A400DC44A38E070005041374F40F83C7519650
:10E0B4006363F4000144E31A34F7C1BF4111154509
:10E0C40006C6EFF0FFDC09C50545B2404101828078
:10E0D4001945EFF0FFDB6DF91145EFF07FDB6DF5CE
:10E0E4001D45EFF0FFDA6DF183C75196F9DFB240B9
:10E0F40041016FF07FF183D705000D47F117C20787
:10E10400C1836361F706DC41B1CF411122C42E847F
:10E11400854526C206C6AA84912F39C52685AD2514
:10E12400C167F917638FF40009ED8357240091CB7D
:10E13400835604001947639FE60203D7219663FBC5
:10E14400E70283C76196A285268599C72244B24017
:10E15400924441016FF0DFC42244B2409244410131
:10E164006FF09F9F094582805145B24022449244FA
:10E17400410182806D45D5BF397126DA4ED6AA8415
:10E18400AE895D4589454AD806DE22DC328936C629
:10E194003AC4EFE0BFE125C522472A84014511C7EF
:10E1A400B24613054400B6850297935785002300B1
:10E1B4003401A30024012301A400A301F4001105E8
:10E1C4009547231DA100231CF10022CE83C761962D
:10E1D4002C08268595C3EFF0BFBCAA8411C52285FF
:10E1E4009730FF1FE780402FF25062542685425932
:10E1F400D254B25921618280EFF01F96F9BFCD4409
:10E20400E5B7797126D24AD052CC56CA06D6BA8A14
:10E2140022D44ECE19472E89B284368A6391E508FA
:10E22400035526000944EFE09F892AC649C15C458D
:10E234008359650083D727002390F400B24715471C
:10E24400238057011766FF1F034606F12391E70059
:10E25400130716001377F70F9766FF1F238EE6EE5A
:10E264002382C70011E705479766FF1F2386E6EE62
:10E274005147631AE90015472391E400DC4703D7AB
:10E2840084002394E7005287A686CA854E85EFF062
:10E29400BFEE2A84324515C4EFE0FF8E09A84286FA
:10E2A4007400BE85AA89EFE08FF32A8441D92285C0
:10E2B400B250225492540259F249624AD24A4561F8
:10E2C4008280F945EFE0BFA8DDB783D705002300BE
:10E2D400F50083D70500A183A300F50083D72500AB
:10E2E4002301F50083D72500A183A301F50011457F
:10E2F400828083D705002300F50083D70500A1831E
:10E30400A300F50083D725002301F50083D725005A
:10E31400A183A301F50083D745002302F50083D729
:10E324004500A183A302F50083D765002303F5000C
:10E3340083D76500A183A303F5002145828083D799
:10E3440005002300F50083D70500A183A300F50091
:10E354000945828083D705002300F50083D7050093
:10E36400A183A300F50083D725002301F50083D7FB
:10E374002500A183A301F50083D745002302F500FE
:10E3840083D74500A183A302F50083D76500230347
:10E39400F50083D76500A183A303F50083D7850027
:10E3A4002304F50083D78500A183A304F500294540
:10E3B400828003D705008546AA872300E50003D79A
:10E3C40005002183A300E50003D70500631DD700E2
:10E3D40003D725002301E50003D725002183A301EA
:10E3E400E5001145828009456315A70203D725007E
:10E3F40019452381E70003D725002183A381E70082
:10E4040003D745002382E70003D745002183A38275
:10E41400E700828083D705002300F50083D7050039
:10E42400A183A300F50083D725002301F50083D73A
:10E434002500A183A301F50011458280797126D2BC
:10E444004AD04ECEB2842A89AE89294681454800F5
:10E4540022D406D636849720FF1FE780204C23164B
:10E46400910095EC835724002312F10093872196A1
:10E4740083D707002314F1005C4495C383C6C70106
:10E484001767FF1F130787CC1843920683D78700AB
:10E494003697035727002315F1002313E1004A851B
:10E4A40017070000130747EB540013F6F90FD5457F
:10E4B400EFF09FCC2A8911C19DE085472300F40029
:10E4C40023020400014681452285EFF0EFD8B250C3
:10E4D40022544A8592540259F24945618280228528
:10E4E400EFE06FEAEDB7B286170700001307A7EC59
:10E4F4002E8685456FF05FC801112317A100416581
:10E50400700001489307F00F0D47970600009386AB
:10E5140006DC99457D1506CEEFF0BFCEF2400561CD
:10E524008280B28701482E861147970600009386A1
:10E5340086DCC9456FF0FFCCB286170700001307CD
:10E5440047E02E86CD456FF03FC3011122CC26CA89
:10E554004AC84EC606CE2A89AE891764FF1F130423
:10E5640064C39764FF1F9384E4C51C4081C7CE85B0
:10E574004A8582971104E31A94FEF2406244D2441D
:10E584004249B249056182809767FF1F83C747AD3F
:10E594001765FF1F0345D5AC1767FF1FA30AF7C410
:10E5A400AA9793F7F70F1767FF1F2303F7C4D9C37D
:10E5B4001305C0033385A702A5654111850506C669
:10E5C4009730FF1FE78020E29767FF1F23A2A7BCB5
:10E5D4009307C0031766FF1F034686C13306F6027E
:10E5E40081459720FF1FE78060339767FF1F93875C
:10E5F40027BA9C439766FF1F83C686BF01478907D6
:10E604007D56634FD700B24013060003814517655A
:10E61400FF1F130525B841011723FF1F67000330AF
:10E624002390C7002381070023A5070205079387CA
:10E63400C703C1BF82809767FF1F938767B598435D
:10E644001766FF1F0346C6BA81476315F600814665
:10E6540036858280BA861307C703835567FCE3892E
:10E66400A5FE850793F7F70FCDB7011122CC2EC66F
:10E6740032C406CE2A84EFF01FFC2246B24511E9CB
:10E68400C167F9176303F4005145F2406244056120
:10E69400828054558347450095C213F727014145AD
:10E6A4006314A700154575F2C18B3D45F9DF83C797
:10E6B400A6010145E3FBB7FC3145C1BFC18B014550
:10E6C400E9F71545D9B7797126D2C16422D44AD065
:10E6D4004ECE52CC56CA06D62A8901449769FF1FEA
:10E6E400938909AB130AC003FD14854A9767FF1F7A
:10E6F40083C707B06364F400014535A8B307440336
:10E7040003A70900BA9703D72700631697000504E7
:10E714001374F40FE1BF03C55700300093856700FD
:10E72400EFB010521946CA8528009720FF1FE780D2
:10E734000025E31E55FDB250225492540259F24969
:10E74400624AD24A456182809767FF1F938747A434
:10E75400C16698439765FF1F83C585A98147FD1648
:10E764006395F500014632858280035827003A8676
:10E774006306D80003480700E307A8FE850793F75C
:10E78400F70F1307C703E9BF411106C6EFF0BFEA4D
:10E7940011C503554501B240410182800145E5BFE1
:10E7A4009767FF1F9387C79E98439766FF1F83C68B
:10E7B40026A48147110701456393F600828003462E
:10E7C400070001C605051375F50F850793F7F70FC5
:10E7D4001307C703D5B71765FF1F034565A18280DB
:10E7E4001767FF1F1307079B8147BA8631460C43FF
:10E7F40091E58A07B69788C301458280850711078A
:10E80400E397C7FE4D458280411106C622C4EFF04E
:10E814009FE21DCD2A84035525008545EFF0FFD2E4
:10E82400485409C59730FF1FE78000CB22851306A3
:10E83400C00381459720FF1FE780400EFD57231139
:10E84400F400230204000145B240224441018280C5
:10E854000945DDBF411106C6EFF0FFDD11C50345D3
:10E86400C500B240410182800145E5BFC167F91787
:10E874006304F502411122C406C62E84EFF0BFDB07
:10E88400AA87014591C703C54700698C33358000C9
:10E89400B24022444101828005458280011106CEA6
:10E8A4002EC6EFF05FD9854711C903574501B2451C
:10E8B40085476305B700231AB5008147F2403E85BA
:10E8C4000561828021CD01114AC8416922CC26CA42
:10E8D4004EC652C406CE0144AA849769FF1F938989
:10E8E400298B130AC0037D199767FF1F83C74790BD
:10E8F400634AF400F2406244D2444249B249224A93
:10E90400056182803305440383A709003E9583573C
:10E9140025006383270182940504F9B782809767F1
:10E92400FF1F9387E7869C43C1661766FF1F034654
:10E93400268C890701450147FD1691456313E600BE
:10E94400828003D807006309D80003C8A7006315B1
:10E95400B80005051375F50F05071377F70F9387AF
:10E96400C703E9BF9767FF1F93878782944317669E
:10E97400FF1F0346E6870147910681476310E602BD
:10E98400858393C7F7FFC207C18305456364E50226
:10E9940085473395A70042054181828083C50600DF
:10E9A40081C583D5C602CD8F05071377F70F9386EC
:10E9B400C603E9B793F61700E1FE050585831375D1
:10E9C400F50FE9B7797156CAAA8A2E8526D24AD09C
:10E9D4004ECE52CC5AC85EC662C406D622D4AE8489
:10E9E400328B368CBA8B3E8AC2894689EFF0BFC41B
:10E9F40049E141657D15EFF01FC42A84554531CCAA
:10EA04001946DE8513056400A30284019720FF1FC5
:10EA1400E780A0E9835701032311940023026401D2
:10EA24002319F400835741032300540123260402CD
:10EA3400231AF40023064401231734012318240164
:10EA4400EFF05FF22318A402232A04022685232C64
:10EA540004028145EFF07FAF0145B2502254925435
:10EA64000259F249624AD24A424BB24B224C4561A6
:10EA740082804545DDB79757FF1F93876771984399
:10EA84009756FF1F83C6C67681476395F600416596
:10EA94007D1582803A861307C703835547FF639524
:10EAA400A500035526008280850793F7F70FF1BF71
:10EAB4009757FF1F9387C76D944341661758FF1FED
:10EAC4000348087301477D16954811436314E80011
:10EAD4000145828083D7260036856380C704CC5ADB
:10EAE4008DCD83C7350083C5250089CD938597FDDA
:10EAF40093F5F50FE37FB3FC9387D7FA93F7D70F1A
:10EB040089EF82809385F7FD93F5F50FE3F3B8FC65
:10EB14009387D7FA93F7D70FCDDF05071377F70F4E
:10EB24009386C60365B79757FF1F93876766416649
:10EB340098439755FF1F83C5A56B81477D162548CC
:10EB44006394F50001458280835627003A85638CDF
:10EB5400C600545B89CA83C636009386E6FD93F6E5
:10EB6400F60FE372D8FE850793F7F70F1307C70371
:10EB7400C1BF011122CC2A84494506CEEF80EFA6FD
:10EB840015C12AC62285EFF01FAB09CD6244324677
:10EB940083550503F2401755FF1F034515650561AD
:10EBA4006F606FB3F24062440561828039714ED662
:10EBB40052D4AE892A8A93053005414526DA4AD8CB
:10EBC40056D206DE22DC32C63689BA8A9730FF1F57
:10EBD400E7806081CD4431C92A8489446382090471
:10EBE40032468145231AC10041469720FF1FE78022
:10EBF400E0D25686CE8522859720FF1FE780E0CAA3
:10EC04002146630E0902CA8528089720FF1FE78062
:10EC1400C0C9A28650082C085285EF309055AA84AA
:10EC240022859730FF1FE780208BF250625426859F
:10EC34004259D254B259225A925A21618280814552
:10EC440028089720FF1FE78060CDE1B7411122C457
:10EC5400405926C206C6AA8429CC085409C597304F
:10EC6400FF1FE7806087285809C59730FF1FE7809A
:10EC7400A086685809C59730FF1FE780E085285CA7
:10EC840009C59730FF1FE7802085685C09C5973068
:10EC9400FF1FE78060840325040809C59730FF1F20
:10ECA400E780808322859730FF1FE780E08223AAD4
:10ECB4000402224483D50403B24092441755FF1F33
:10ECC4000345B55241016F608FCB411126C206C680
:10ECD40022C4AE84EFF03F9621C54C592A84A9C1C1
:10ECE40083A8C50703A88507FC59B85983C66500DE
:10ECF40003D6050083C525002685EF802F9722853E
:10ED0400EFF0DFF4EFF03FE201CD2244B240924451
:10ED14001755FF1F0345754D854541016F50FFFB96
:10ED2400B2402244924441018280011122CC06CE99
:10ED34002A842EC6EFF03F905C5991CF83D7070009
:10ED4400B245639A870085476397F5006244F240B1
:10ED540005616FF0BFEFF2406244056182804111AA
:10ED640006C622C426C2EFF0BFD429C54059AA84DE
:10ED740031C08347240095CB9757FF1F9387C7441F
:10ED84009C4389C7DC4399C3228582970347340097
:10ED94009307F0026310F702224403D52400B24023
:10EDA4009244814541016FF05FF29757FF1F9387AB
:10EDB4006741F9B7B2402244924441018280411133
:10EDC40026C24AC006C622C4AA842E89EFF0BF8692
:10EDD40031C1405961C083570400639D970A83473A
:10EDE400340013071002639DE70883472400C1C75A
:10EDF4007C540327040883D7470105E713F717005A
:10EE04000DC3185403574700058B01CF9307200205
:10EE1400A301F400B2402244924402490545410151
:10EE2400828013F7270009CB185403574700098B36
:10EE340001C793074002E9BF918B89CB1C5483D748
:10EE44004700918B81C793076002D9B79757FF1F7B
:10EE5400938787379C43DDDFDC43CDDF22858297B0
:10EE6400034734009307F0028145E315F7FA26853A
:10EE7400EFF0BFE545B79757FF1F9387A734D9BF76
:10EE84001307A0026398E700630409001309200331
:10EE9400CA85F1BF631C09002685EFF0CFF919C5B7
:10EEA4008347450093E707012302F500A6854A85B9
:10EEB400EF703F9085B7797126D29947231DB10031
:10EEC400AA842E858D4522D406D632C636C4231C88
:10EED400F100EFE0AF8D2ACE4D441DC13246A2466B
:10EEE400AA85328582962A8419E52C082685EFF0B6
:10EEF4008FA02A8411C572459720FF1FE780C05D4B
:10EF04002685EFF01FC72285B250225492544561E2
:10EF14008280411122C42E862E8497260000938677
:10EF24002696894506C626C24AC02A89EFF0BFF84C
:10EF340083450400AA844A85EFF03FD9B2402244B5
:10EF4400268502499244410182809757FF1F938787
:10EF540067279C4395CB9C4385CB1D71A2CC86CE61
:10EF6400984110082A843AC8D84185453ACA8297FC
:10EF740001C92306A100035524006C00EFF07FF9BA
:10EF8400F6406644256182808280AE8715C5785537
:10EF940005C7834607002380D50083461700A38056
:10EFA400D500834627012381D50083468701584B2A
:10EFB400A381D500D8C18280414681453E8517236F
:10EFC400FF1F6700A3959757FF1F9387E71F9C4375
:10EFD40091C703A38700630303000283094582806A
:10EFE4001757FF1F1307472A18431DC75843AA87FB
:10EFF40005450DC703A50708411106C6930605027A
:10F004001306050C93050506130505040297B24083
:10F014001375F50F410182800545828082804DC9B8
:10F02400357122CD2A840355050026CB4AC94EC723
:10F0340056C306CF52C55AC1DEDEB68AB2892E89BE
:10F04400EFF06FDFAA8439C50C182285EFF0FFF3C7
:10F0540083472400138A6400A9CBEF702FCF2A8B37
:10F06400014583CB5400EF702FCCAA840C100818F0
:10F07400EF10806208542C10EF10A062D288268A08
:10F0840056C05E88D2875A8714103010CE854A85C0
:10F09400EF20D01EFA406A44DA444A49BA492A4A5F
:10F0A4009A4A0A4BF65B0D618280EF702FCAAA8BD5
:10F0B400014503CB5400EF702FC72ACE08540C101F
:10F0C400EF10805D2C100818EF10A05DF2484DBFC2
:10F0D4008280C14709CD1455C14791CA785501CBE7
:10F0E40083C73600BD4663F4F600834787013E8537
:10F0F400828089476309051063870510411106C69C
:10F1040022C426C2834715002E842380F50083473A
:10F114002500A380F500834735002381F50083474C
:10F124004500A381F50083475500858B939687009E
:10F1340083D7450093F7F7EFD58F2392F5008346E5
:10F14400550093F7F7DFA20693F60620DD8E23928F
:10F15400D5000347550093F6F6BF220713770740FF
:10F16400558F2392E50083475500FD769386F67FFD
:10F174008D87858B758FAE07D98F2392F5008346D3
:10F184006500F99B858ADD8E2392D50003476500CF
:10F194009377270013F7D6FF5D8F2392E50083470B
:10F1A400650093F647009377B7FFD58F2392F50058
:10F1B40003476500DD9B4D45218BD98F2392F500D4
:10F1C400EF70BFC2AA845145EF703FC203473400B9
:10F1D40093F4F40FC947636297021375F50F636ED6
:10F1E400E500834604001147E1476368D70083467E
:10F1F400140005476363D7008147B2402244924418
:10F204003E85410182803E85828015C1AA870945D9
:10F214008DC141112E8541469385170006C697106E
:10F22400FF1FE7808068B2400145410182800945A3
:10F234008280828089471DC595C5411106C6034752
:10F244001500AE8719462380E50093052500138534
:10F2540017009710FF1FE7804065B24081473E8545
:10F26400410182803E85828015C1AA8709458DC1EE
:10F2740041112E8541469385170006C69710FF1F3E
:10F28400E780A062B2400145410182800945828045
:10F29400828089471DC995C9411106C603472500C7
:10F2A40083461500AE872207558F2390E50021463B
:10F2B40093053500138527009710FF1FE780E05E54
:10F2C400B24081473E85410182803E85828015C1DE
:10F2D400AA8709458DC141112E85414693851700A2
:10F2E40006C69710FF1FE780405CB240014541010C
:10F2F4008280094582808280894719C991C9034760
:10F304001500BD46E14763E5E6002380E50081473B
:10F314003E85828015C1AA8709458DC141112E857C
:10F3240041469385170006C69710FF1FE780E057F4
:10F33400B24001454101828009458280828015C125
:10F34400AA8709458DC141112E8541469385170031
:10F3540006C69710FF1FE7804055B24001454101A2
:10F3640082800945828082801DC1AA87094595C192
:10F3740041112E85130600049385170006C69710C5
:10F38400FF1FE7808052B240014541018280094558
:10F394008280828015C1AA8709458DC141112E85BD
:10F3A40041469385170006C69710FF1FE780E04F7C
:10F3B400B2400145410182800945828082801D71ED
:10F3C400A2CC2A84084586CEA6CA2306010083441B
:10F3D400050035479387F4FF93F7F70F636CF70C39
:10F3E400177701001307C7F68A07BA979C43BA97A1
:10F3F40082870C08EFF0FFCFC9476312F5029947E3
:10F404002306F100035524006C00EFF09FB0F64092
:10F414006644D644256182800C08EFF05FEB29C96D
:10F424008347C100E5F303552400EFF08FF4C5B71B
:10F434000C08EFF03FEEE5B70C08EFF0FFEBC5B7B3
:10F444000C08EFF09FDCE1BF0C08EFF09FE4C1BFB4
:10F454000C08EFF07FE1E1B70C08EFF0BFDDC1B7B6
:10F464000C08EFF0DFED65BF834715002308F100BA
:10F4740003552400EFF02F9CA14715C10347C50095
:10F48400631CF7029757FF1F938707D498439D4740
:10F4940019C7184309C71008A6850297AA87230627
:10F4A400F100BDBF0C08EFF03FEC95BF0C08EFF086
:10F4B4007FEEB5B79D47A9B79757FF1F938787D0AE
:10F4C400F1B7011122CC06CE26CA4AC84EC603475C
:10F4D4000500930720092A84631DF712834715004A
:10F4E40039476395E70A83564500096761078147F1
:10F4F4006399E6109759FF1F938909CE03A5090064
:10F50400CE84630005100C4403C90500631E090082
:10F514008347050085052146B9CB29059710FF1FB0
:10F52400E780A0389C40ADC34945EF502FB22A84F0
:10F534000DC5930710FC2300F500A30025018C40A2
:10F544000905414689059710FF1FE78000369C4056
:10F55400A28503C51700EF50CFBE88409720FF1F38
:10F56400E78080F79757FF1F23A807C631A809052E
:10F574009710FF1FE7806033EF30603F05495DF16E
:10F5840083A70900238027018547A5A81307E00363
:10F59400639FE7080347250095476310F704035565
:10F5A4004500EFF02FAB9147E310F5FE9757FF1F8F
:10F5B400938747C19C43E9DB03A38700E30603FC6D
:10F5C4000356E40003554400930564006244F2408A
:10F5D400D2444249B24905610283A147631EF70040
:10F5E40083456400035544006244F240D2444249D6
:10F5F400B24905616FF0AFFC930600038147E30154
:10F60400D7FEF2406244D2444249B2493E85056184
:10F6140082809306000A8147E315D7FEEFF03FDAB4
:10F6240008443DD19720FF1FE78000EBB1BF81471D
:10F63400C9BF011126CA06CE22CC89441DCD95CD61
:10F64400AA842E8468008D45EF609FBF8347E10044
:10F654002685228693F7F70393E707046C002307B4
:10F66400F100EF20A038AA8409E90D466C001305C7
:10F6740034009710FF1FE7804023F2406244268540
:10F68400D244056182805D714EDE86C6A2C4A6C2E4
:10F69400CAC052DC56DA5AD85ED6894945CD5DCA0D
:10F6A400138B4500420B135B0B01AE8A2A8A930528
:10F6B40030055A85B2849720FF1FE780C0D22A8480
:10F6C400CD4949C9EF60BFEA2A895686D285935A43
:10F6D4008900135A0901937BF90F1305440093FA27
:10F6E400FA0F137AFA0F135989019710FF1FE78055
:10F6F400E02DA301740123015401A300440123005C
:10F704002401EF601FE6AA85414608089710FF1FF1
:10F71400E780C02B214734005A86A2850808EF20D1
:10F724008053AA891DE121462C0023807401A38003
:10F73400540123814401A3812401138544009710BB
:10F74400FF1FE780A028EF607FE322859720FF1F3B
:10F75400E78080D8B64026444E8596440649F2593F
:10F76400625AD25A425BB25B6161828001114AC81B
:10F774002A892E8506CE22CC26CA2EC6EFE0BFEB00
:10F7840071C5405971C4834754000947B24593F683
:10F79400B70F6387E60011471305E00F6392E7088C
:10F7A400835704000945639DB706930484004146CA
:10F7B400CA8526859710FF1FE780200F4146CA851A
:10F7C400130584019710FF1FE780200E03473400C0
:10F7D40085469307F7FE93F7F70F63E9F6041306DC
:10F7E400C4033285C14532C6EF609FA532469306F5
:10F7F400C402A6852285EFF09F828347240089CB2B
:10F8040022856244F240D244424905616F1040109F
:10F8140003473400C947E305F7FEA301F40001459B
:10F82400F2406244D2444249056182809307100544
:10F834000145E317F7FE83472400FDD32285624484
:10F84400F240D244424905616F1000130945C9BF13
:10F854004945F9B729CD011126CA06CE22CCAA847E
:10F864000945A9C10D4628002E848D059710FF1F58
:10F87400E780A0038347A10070002C0093F7F703EF
:10F8840093E7070426852305F100EF20201619E9E4
:10F894000D46A28568009710FF1FE780400E7D1576
:10F8A4003335A000F2406244D244056182800945A8
:10F8B4008280011152C42A8A32854EC656C25AC069
:10F8C40006CE22CC26CA4AC82E8BB28AB689EFE06D
:10F8D4009FD609ED8944F240624426854249D244C8
:10F8E400B249224A924A024B056182805C592A89B4
:10F8F400C544F5F34D45EF704FCF1374F50F5145E3
:10F90400EF70AFCEE38809FC83C78901E3E487FC89
:10F914001375F50FE360F5FC9305300513054008F6
:10F924009720FF1FE78020AC232AA9022A84CD4414
:10F934005DD11306400881459710FF1FE78000FE44
:10F94400A301040023014401230264012310540190
:10F954002326340723240402A30204008144E30C75
:10F964000AF62285EF00D074AA8435D54A85EFF0D3
:10F97400EFAD95B7397122DC06DE26DA4AD84ED6C9
:10F9840052D456D25AD05ECE62CC66CA0944630BB6
:10F99400061063090710AA8B3A89368BB28A2E8C1B
:10F9A400EFE07FC92A8A5144630E050E93053005A2
:10F9B40041459720FF1FE78000A3AA894D447DC1DC
:10F9C4008344190083472900A204C207BE948347D5
:10F9D4000900BE9483473900E207BE9483278A0254
:10F9E40063E697007D5709446399E70A63070C00AF
:10F9F40083474A000544898BCDC3930C4B002146B1
:10FA040081450A85C20C9710FF1FE78020F193DC23
:10FA14000C019305300566859720FF1FE780A09CA5
:10FA24002A8C4D443DC95A86D68511059710FF1F6F
:10FA3400E780C0F91146CA8562859710FF1FE780E9
:10FA4400E0F8414693058A014E859710FF1FE78031
:10FA5400E0F721478A866686E2854E85EF20A01F5F
:10FA64002A841DE521468A8528009710FF1FE78018
:10FA7400E0F521469305490028009710FF1FE78011
:10FA840000F08547631EF502A6855E85EF70CFEB17
:10FA940062859720FF1FE78020A44E859720FF1FD3
:10FAA400E78080A32285F2506254D2544259B2595D
:10FAB400225A925A025BF24B624CD24C21618280F0
:10FAC4000544F9B779719397050122D406D626D255
:10FAD4004AD04ECEC1872E8463D507041745FF1F35
:10FAE4000345B570EF409FDD2AC605C1EFF07F9D49
:10FAF400B24509E91745FF1F0345256F9307F00F2A
:10FB0400631EF5002E85EF405FCF2165218DB25035
:10FB1400225492540259F24945618280EF407FE2B7
:10FB2400EDB793F7150091C7EFF06FA313451400D9
:10FB3400F9BFA1E10145E1BF850493F4F40FEFE0BF
:10FB44009FC9E3F9A4FE33959900131905011359CC
:10FB54000901B3772401EDD34A85EFE0DFF1C167F2
:10FB6400FD176305F500DD45EFF02F9633452401BD
:10FB740079BF85448549E1B79747FF1F23AE0764E2
:10FB84009747FF1F23A207649747FF1F23AC076211
:10FB94009747FF1F9387876417070000130727629F
:10FBA40098C31707000013072732D8C317F7FFFFBE
:10FBB4001307070098C79747FF1F938727611717F5
:10FBC40000001307A75A98C317170000130747101C
:10FBD400D8C3171700001307073E98C782809747BA
:10FBE400FF1F83C7A760A18B1747FF1F1307075F7A
:10FBF40091E301479747FF1F23A8E75C01458280F3
:10FC04009747FF1F83C7875E918B1747FF1F130713
:10FC1400E75B91E301479747FF1F23A5E75A014597
:10FC24008280011106CE2AC6EFF01FF532459945B0
:10FC34009747FF1FA38BA75AEFD06FB2F24017F577
:10FC4400FFFF1305C50E05616FE09FB91C5581C701
:10FC5400A1473E858280011122CC26CA2A84AE8423
:10FC6400130500049305300506CE9710FF1FE780A7
:10FC7400807708D46305051013060004A685971041
:10FC8400FF1FE78080C278548347270193F68700DB
:10FC9400638E0610145483C62600A18A6388061056
:10FCA40083270408E9EF9305300513050010971026
:10FCB400FF1FE78040732320A4088D4771C1A3026E
:10FCC4000400785483C714008346170081EF81EE43
:10FCD40083C72400918BDDEB83472701918BDDE7FC
:10FCE400854711A889C62147A302E40099C7834721
:10FCF400540093E70701A302F4006C5483C7250161
:10FD0400858B91CF1C54054783C727008D8B63983F
:10FD1400E7008347640093E717002303F400832775
:10FD2400040899C78347640093E787002303F4001A
:10FD34008347540005476398E70C930484004146C5
:10FD4400814526859710FF1FE78040BD41468145C8
:10FD5400130584019710FF1FE78040BC1306C403FA
:10FD64003285C14532C6EF60AFCD832704083246E1
:10FD7400BDC72285EF0050409307000525CDA1475C
:10FD8400F2406244D2443E850561828083C7040008
:10FD94008346070015473387E70297670100938777
:10FDA4006760BA97B69783C70700B1B783C61400D4
:10FDB40091C68346170099C2E14735BF83C6240024
:10FDC400D58F918B91DF83C70400834607001547C5
:10FDD4003387E702976701009387075BD9B72285CA
:10FDE4009306C402A685EFF08FA32285EF0050325C
:10FDF40059F5C14703550400A301F4008145EF7090
:10FE04006F9F8147B5BF13F7870149C3C18B930423
:10FE140084004146A9CB890526859710FF1FE780FA
:10FE2400C0A841468145130584019710FF1FE78050
:10FE3400E0AE834764001306C403328593E74700AA
:10FE44002303F400C14532C6EF608FBF8327040843
:10FE540032468DC32285EF0030329307200505F129
:10FE6400A301F40079BF814526859710FF1FE78021
:10FE7400E0AA45BF9306C402A6852285EFF02F9A17
:10FE84002285EF00F028CD4761DDD5BD09478545C2
:10FE94006388E70093F7D70F11476397E700894515
:10FEA40003550400EF700F958347640093E7470000
:10FEB4002303F4008327040881C7930710054DB773
:10FEC400C54779BF8347250063840726797122D407
:10FED40006D626D24AD083473500130750052A8414
:10FEE4006390E708034975001306C503C14593579A
:10FEF4003900AA97328583C4870032C6EF604FB4B5
:10FF04009747FF1F938747389C43A9C79C47B9C3AA
:10FF14000325040893767900B3D6D4403246858A03
:10FF240093050504180893E6060813050508829747
:10FF34001375F50F05E141460C081305C40297102B
:10FF4400FF1FE78080962285EF00901C93076005D1
:10FF5400A301F400B25022549254025945618280A4
:10FF6400130710026395E7021C550327050883D77E
:10FF7400470069EB13F7071071C77855035747011A
:10FF84001377071061C393077002A301F40083473A
:10FF9400340013077002639FE70C3C5885E3930514
:10FFA400300571459710FF1FE780E04328D819C535
:10FFB400714681459710FF1FE78040962458B9C8C1
:10FFC40083C7A40191E72285EFF0AF90238DA400AD
:10FFD4002858814541469710FF1FE78020942858F0
:10FFE4003D478345A5019387F5FF93F7F70F6364B6
:0CFFF400F700EF60EFA4EF407FAF3C5837
:020000021000EC
:10000000A1452398A70013852701EF60AFA32C58C3
:1000100003550400EF00D04193078002035504000C
:10002000A301F400EFE06FE1414611C58357E500FD
:1000300013D617003E96060685451745FF1F034554
:10004000151BEF409FE909BF13F7072011CB785428
:10005000035747011377072001C79307900205BF95
:1000600093F707409DD77C5483D7470193F7074008
:100070008DD39307B00221BF13078002639BE70271
:100080003C5889CB83D5070103550400138627010B
:10009000EF00903F1C5483D7470013F707202DC370
:1000A0007854035747011377072039CB9307900201
:1000B000B5B713079002639CE700EF600FCAAA85EB
:1000C00003550400EF00503B9307A00281BF1307C4
:1000D000A0026393E704EF60AFC7AA858547014597
:1000E0006384F500814505452EC6EF602FC42A863E
:1000F000B24503550400EF00B0341C5483D74700C9
:1001000093F707408DC77C5483D7470193F7074087
:1001100099CF9307B00219B71307B0026399E700AC
:10012000EF606FC4AA8503550400EF007039930790
:10013000F0020DB58280411122C4405926C206C684
:100140007C54AA8483D7470113F7071019C71854A2
:1001500003574700137707101DE313F7072019C74C
:100160001854035747001377072011EB93F7074004
:100170008DCF1C5483D7470093F707409DC7930743
:100180001002A301F4002285EFF01FD403473400CE
:100190009307F0026310F702224403D52400B24013
:1001A0009244814541016FE09FB29307F002A301A1
:1001B000F400DDB7B240224492444101828039719B
:1001C00022DC405926DA4AD84ED606DEAA89AE8409
:1001D00032896304043E0355250083570400638479
:1001E000A700A14429A08347240091EB9D44F2502D
:1001F000625426854259D254B25921618280938734
:10020000E5FF93F7F70F2D47E362F7FE176701004D
:100210001307471B8A07BA979C43BA978287B28510
:100220002285EFF0FFA2AA84D9B74146CA851305FB
:10023000C4049700FF1FE780806722853127AA84C6
:1002400011C1A14483473400130740056397E700B9
:1002500093079005A301F40059BF13076005639548
:10026000E7009307A005FDB7D147EDB79309C40593
:100270004E854146CA859700FF1FE78040630325EE
:1002800004085DC983473400130790056399E700AC
:100290002285B9279307E005A301F40061A813079D
:1002A000A0056395E7088347740013D737002297AA
:1002B000834687009D8BB3D6F6409747FF1F9387F1
:1002C000E7FC9C43858A93E606F893F6F60F91DBEC
:1002D0009C4781DB9305050818084E861305050425
:1002E00082979374F50FE39E04EE41460C081305C4
:1002F000C4049700FF1FE780C068834774004D4720
:10030000850793F7F70FA303F4006377F7002285BF
:10031000C12D9307E0053DBF85451745FF1F0345E8
:1003200015EDEF40DF9B930750052DB71307C00570
:10033000E380E7F6814465BD130984004E86CA85D3
:1003400022851408EFE0FFCD41469305C404080858
:100350009700FF1FE780E062E30B05E88A8613063B
:10036000C403CE854A85EF10F00515E12285EFE044
:100370009FD69747FF1F9387A7E62A879C47035579
:100380000400814601468A858297AA8411C1A1444E
:1003900093072002C1B583450600EFE05F9359BF84
:1003A0000347340093072002E312F7E47C5889EBFB
:1003B0009305300571459710FF1FE780000368D84B
:1003C0006858E30505E24146CA859700FF1FE780AC
:1003D000004E64582285EFE01FD0238DA4009307C0
:1003E00030025DBD0347340093073002E310F7E0AD
:1003F0008357060068582146930529002318F50005
:1004000049059700FF1FE780804A7C5483D7470146
:1004100013F7270035CB185403574700098B2DC716
:100420009307400295BD0347340093074002E31F42
:10043000F7DA3C5C81EB85455D459710FF1FE7804F
:10044000C0FA28DC285CE30705EE83470900414633
:10045000CA85230BF5009700FF1FE78040459307EF
:1004600050021DBD0347340093075002E310F7D834
:10047000285C19469305190041059700FF1FE78086
:1004800000437C5483D74701918B9DCF1C5483D765
:100490004700918B95CB93076002FDBB7C5C89EB99
:1004A0009305300551459710FF1FE78000F468DC85
:1004B000685CE30805D24146CA859700FF1FE780C4
:1004C000003F7C5C7D5798CB4E85EFF0DFC69DB535
:1004D0000325040813060004CA85130505049700C4
:1004E000FF1FE780C03C2285EFE0DFAF8347340089
:1004F000130700056395E7009307400571BB1307D9
:100500001005639CE70085451745FF1F034535CE61
:10051000EF40EFFC9307500541B313072005E39B21
:10052000E7E09747FF1F938767D69C43E38B07CA93
:100530009C47E38807CA83250408930484001808AD
:1005400093850508814626862E85829703550400EB
:100550001008A685EF603FB39307B00535BB03478E
:1005600034009307E005E313F7C8832504084146E8
:100570004A859700FF1FE780C040AD44E30905C6E8
:10058000032504084146CA859700FF1FE7802032F3
:100590002285EFE05FB49747FF1F938767C42A87E0
:1005A0009C472C5803550400814601468297AA8433
:1005B00011C1A1449307100271B9AD47E39CF5D670
:1005C0008346060083552500130665000345050094
:1005D000EF600FAF85B3894761C2DDCD2300A60070
:1005E00083C70500A300F60083C715002301F600AA
:1005F00083C72500A301F60083C73500A3020600C8
:100600002302F60083D74500A183858BA302F60061
:1006100003D745001377072009C793E72700A302F4
:10062000F60083D7450093F7074099C783475600E4
:1006300093E74700A302F60083D7450013974701CD
:10064000635807008347560093E78700A302F6002C
:100650002303060083C74500858B2303F60003D7D9
:100660004500098B09C793E727002303F60083D7CA
:100670004500918B99C78347660093E747002303A2
:10068000F60003D745008147218B19C70347660051
:10069000136787002303E6003E8582802E86AA85A5
:1006A00005456FF05FF32E86AA8509456FF0BFF20E
:1006B00089478DC505C5411106C6AE870D47AA8578
:1006C0002380E7001385170041469700FF1FE7804E
:1006D000001EB24081473E85410182803E85828076
:1006E00089478DC505C5411106C6AE871147AA8544
:1006F0002380E7001385170041469700FF1FE7801E
:10070000001BB24081473E85410182803E85828048
:1007100089478DC505C5411106C6AE871947AA850B
:100720002380E7001385170041469700FF1FE780ED
:100730000018B24081473E85410182803E8582801B
:1007400089479DCD15CD411106C61D472380E50083
:1007500003570500AE872146A380E5000357050037
:1007600021832381E5009305250013853700970039
:10077000FF1FE780C013B24081473E854101828060
:100780003E85828089478DC505C5411106C6AE8765
:100790002147AA852380E70013851700414697006B
:1007A000FF1FE780C010B24081473E854101828033
:1007B0003E858280894795C90DC9411106C62547E6
:1007C0002380E50003470500AE871946A380E500B6
:1007D00093051500138527009700FF1FE780200D64
:1007E000B24081473E85410182803E8582808947B3
:1007F0008DC505C5411106C6AE872947AA85238048
:10080000E7001385170041469700FF1FE780200A85
:10081000B24081473E85410182803E858280894782
:1008200095C50DC5411106C6AE873147AA852380FF
:10083000E70013851700130600049700FF1FE780E9
:100840000007B24081473E85410182803E8582801B
:1008500089478DC505C5411106C6AE873547AA85AE
:100860002380E7001385170041469700FF1FE780AC
:100870000004B24081473E85410182803E858280EE
:10088000894791C909C995472380F5008347050029
:10089000A380F50081473E858280894791C909C9B7
:1008A000AD472380F50083470500A380F50081470D
:1008B0003E85828015C55D718A8586C6A2C42A845C
:1008C000EFE0EFEC035504000A86970600009386DC
:1008D00026DD9D45EFE06FDEB640264461618280F3
:1008E0000545828015C55D718A8586C6A2C42A84A5
:1008F000EFE0EFE9035504000A86970600009386AF
:10090000C6DA9D45EFE06FDBB64026446161828028
:10091000054582805D71A2C49305C5022A844146C3
:100920000A8586C69700FF1FE78060F8035504001C
:100930000A86970600009386E6D7C545EFE0EFD715
:10094000B6402644616182805D71A2C49305C503EF
:100950002A8441460A8586C69700FF1FE78020F556
:10096000035504000A86970600009386A6D7C5455E
:10097000EFE0AFD4B6402644616182809747FF1F05
:100980009387C7909C43B1CB9C435D71A2C486C63C
:100990002A841305E00F95CF032504089305050C61
:1009A00013050508829783250408130600040A85A9
:1009B000938505089700FF1FE78060EF035504004B
:1009C000970600009386E6E50A8693051004EFE09B
:1009D000CFCEB6402644616182801305E00F82804D
:1009E000317122DD2A840355050026DB06DF4AD952
:1009F0004ED752D556D35AD15ECF62CDEFD0FFC37A
:100A00003C58AA8489EB9305300571459710FF1F68
:100A1000E780A09D28D82858CD471DC9714681453B
:100A20009700FF1FE780C0EF032904072285EFE04E
:100A30008FEA230DA900834724001749FF1F1309DC
:100A4000E984638A07128327090085E39307E00F8F
:100A5000FA506A54DA544A59BA592A5A9A5A0A5BCD
:100A6000FA4B6A4C3E852961828083AB0701E38F94
:100A70000BFC032B0408EF50BFAD2A8C0145EF504F
:100A8000FFAA83C754003858130B0B029309C40301
:100A9000130AC405938A64003AC0B337F0002A876A
:100AA000930801045688B33680015286CE855A8554
:100AB000829B1C5403C727002307E10203C71700CA
:100AC000A306E10283C707002306F102832709007A
:100AD000B5DF03AB4701E30B0BF683C75400B33715
:100AE000F0003ECEEF50DFA6AA8B0145EF501FA4C9
:100AF00003270408F2472AC03AC2B3387001568867
:100B00007810930684004E86D2858800029B7C5420
:100B100003C727012305E10203C71700A304E1026D
:100B200083C707002304F1028327090003A94701B3
:100B3000EF501FA22A8B0145EF505F9F83C85400DE
:100B40009C082A883EC2B3381001B33760013810C0
:100B5000930684015286CE8556C0880002990355BB
:100B60000400970600009386E6CE9008C545EFE0A6
:100B7000CFB4AA87F1BD83C6540083270900032B95
:100B80000408B336D00083AB070136CEEF505F9C2C
:100B90002A8C0145EF509F993C58F246130B0B02EB
:100BA000130AC4059309C403938A64002A8893082E
:100BB00001044E86D2853EC05687B33780015A85E0
:100BC000829B1C54130B010303C727002307E10278
:100BD00003C71700A306E10283C707002306F1023B
:100BE0008327090083AB470183C75400B337F00064
:100BF0003ECEEF50FF952A8C0145EF503F93F247D0
:100C00002AC0B338800156887810930684004E8637
:100C1000D2855AC28800829B8325040841465A85A2
:100C20009700FF1FE780E0D5AD47E31205EE0DB555
:100C30002E86970600009386E6ADC5456FE0EFA7C8
:100C40005D71B287A2C42300B1002A84BE8513055A
:100C50001100194686C69700FF1FE78040C50A8627
:100C6000228597060000938626B5A145EFE0EFA404
:100C7000B6402644616182802E86970600009386E6
:100C8000A6B0C5456FE06FA35D71B287A2C4231003
:100C9000B1002A84BE8513052100214686C697002F
:100CA000FF1FE780C0C00A86228597060000938652
:100CB00066A9AD45EFE06FA0B64026446161828031
:100CC0002E86970600009386C6B2C5456FE0EF9E5C
:100CD000797122D406D626D2834735001307300512
:100CE0002A846385E708130750056397E70893078D
:100CF000A005A301F50083477500C14513D7370050
:100D00002A97834687009D8B1305C503B3D6F6400B
:100D1000858A93E606F893F6F60F36C6EF508FD223
:100D2000B2469737FF1F938767569C439DCB9C47DE
:100D30008DCB0325040818081306C4039305050486
:100D40001305050882971375F50F01ED1305C4020D
:100D500041460C089700FF1FE78060B52285EFF041
:100D60007FBBB25022549254456182809307900514
:100D7000A301F500814675B7130710026396E702D9
:100D80007C550327050883D747016316070E13F721
:100D900017006302070E185503574700058B61CFF4
:100DA00093072002A301F4008347340013072002B5
:100DB000639DE70E3C5889EB93053005714597001C
:100DC000FF1FE780806228D82458C9C02285EFE041
:100DD0008FB0238DA4002858814541469700FF1FFE
:100DE000E78000B428583D478345A5019387F5FF68
:100DF00093F7F70F636DF7029737FF1F83C7074A13
:100E0000D5C34146814508089700FF1FE78040B1E0
:100E100019469735FF1F9385E52808089700FF1F9F
:100E2000E780E0A830580C082E85EF40201CEF30FA
:100E30003FCC3C58A1452398A70013852701EF50CC
:100E40006FC02C5803550400EFF09FDE930730026B
:100E500003550400A301F400EFD02FFE414619C151
:100E60000356E500060685451735FF1F034535384F
:100E7000EF40AF86FDB513F7270009CB1854035791
:100E80004700098B01C79307400229BF918BE38D6F
:100E900007F01C5483D74700918BE38707F0930733
:100EA000600209B7EF500FBA59B713073002639ABF
:100EB000E7023C5889CB83D507010355040013860C
:100EC0002701EFF07FDC7C5483D7470113F727001D
:100ED00021CF185403574700098B39C793074002A5
:100EE00085BF13074002639CE700EF500FE7AA8518
:100EF00003550400EFF05FD89307500291BF13072A
:100F000050026390E704EF50AFE40DE981450545D9
:100F10002EC6EF50AFE12A86B24503550400EFF02C
:100F20003FD27C5483D74701918B9DC71C5483D7F4
:100F30004700918B95C39307600219BF8545014512
:100F4000C1BF130760026399E700EF50CFE1AA85A4
:100F500003550400EFF0DFD67C540327040883D741
:100F6000470119EF13F7071001CF18540357470033
:100F70001377071011C793077002A301F400D5B3CC
:100F800013F7072011CB1854035747001377072096
:100F900001C793079002D5B793F7074091CB1C5434
:100FA00083D7470093F7074081C79307B002F1B793
:100FB0009307F002D9B7397122DC26DA4ED652D423
:100FC00006DE4AD8AE89328AAA84EFD00FE74059AC
:100FD000414681450A859700FF1FE780609425C838
:100FE0000359040063159906034734009307100260
:100FF000631FF7028327040899CF2C58A9C94A8593
:10100000EF1070180545F2506254D2544259B2594B
:10101000225A216182808A861306C4059305C4037F
:1010200013058400EF00103A1DE18A85C9BF2C58D2
:1010300099CD83D70501639C47012146C9054E859B
:101040009700FF1FE780E09319C12C584DBF2685FC
:10105000EFD0AFDE2A8405455DD44C54B9C583D7A3
:101060000501639447052146C9054E859700FF1F7A
:10107000E78020918547631AF50283C7F18791C7FE
:101080004C5483C7B501639EA70CBD452685EF1060
:10109000900A9737FF1F938727F99C5B0145A5D7D7
:1010A0001D45894582970145B9BF9737FF1F938733
:1010B000F71E03C707009739FF1F9389E9F63E899A
:1010C000058B31C3034754009737FF1F83C7471C65
:1010D000631BF70219469735FF1F9385751B130590
:1010E00064009700FF1FE780C0898547631DF500F6
:1010F00083A7090381C791451D458297BD45268574
:10110000EF10700301B71737FF1F0347271983A795
:10111000090331CB03470900098B09CB81C79545EA
:101120001D4582972685EF105006E9BD81C78D4584
:101130001D45829741468145080897F0FE1FE780CC
:10114000207E19469735FF1F9385C5F5080897F04F
:10115000FE1FE780C0750C082E850A86EF301069E7
:101160008A85268571BD8545C5FF6DBF797122D4FD
:1011700040594AD04ECE52CC06D626D2AA892E8AC3
:1011800032896300046C0355250083570400638C87
:10119000A700A144B2502254268502599254F24924
:1011A000624A456182808344240099C09D44DDB732
:1011B0009387F5FF93F7F70F3147E369F7FE17576A
:1011C0000100130727238A07BA979C43BA9782879F
:1011D0001C54E1F393053005130500049700FF1F2D
:1011E000E780A02008D455D503470900914763F450
:1011F000E7008D4445B7034719008547E3EBE7FE59
:1012000013060004CA8597F0FE1FE780406A0C545D
:101210007054A3020400D4415C4A858AFD8E835732
:101220004601F99BD58F231AF600D841544AF59B05
:101230000583058B8582F98E8606DD8E231AD600FE
:10124000DC41584AED9A8983858B09837D8F0A0793
:10125000558F231AE600D4415C4A5D9B8D82858AB6
:101260008D83F58F8E07D98F231AF600D841544A03
:1012700093F7F7EF2183058BA182F98EA206DD8E0D
:10128000231AD600DC41584AA583858B25837D8FA0
:101290009317970013F7F6DF5D8F231AE600D4410A
:1012A0005C4AA982858AA983F58F9396A7009377D4
:1012B000F7BFD58F231AF600D441584AAD82858AEC
:1012C0002D83758FFD769386F67F2E07F58FD98F48
:1012D000231AF6008347260103250408A18B6387A0
:1012E000071083C72500A18B63820710E31305EA6B
:1012F00093053005130500109700FF1FE780E00EEF
:101300002320A408E30705EE7C54A302040003474E
:10131000190083C6170089EA45C38347540093E741
:101320000701A302F40029A0A147A302F40075F766
:101330002285EFF02FDB6C5483C72501858B81CF8D
:101340001C5483C727008D8B99C78347640093E79C
:1013500017002303F4008327040899C78347640018
:1013600093E787002303F400834754000547639302
:10137000E70C414681451305840097F0FE1FE78086
:10138000205A414681451305840197F0FE1FE780EE
:101390002059C1451305C403EF40DFEA03270408C1
:1013A0009307000511E3C14703550400A301F400AE
:1013B0008145EF507FC4F9BB03C72701118B19E7A3
:1013C00003472900118B19E38547A1BF83C7070095
:1013D0008346090015473387E70297570100938733
:1013E000A7FCBA97B69783C7070025BF19C5970012
:1013F000FF1FE780A00E232004087C5403C71700BA
:1014000011C70347190019C3E14721BF03C72701CB
:10141000118B09E703472900118B5DD783C70700AC
:101420001547834609003387E702975701009387E2
:10143000E7F545BF13F7870131CFC18B1305840052
:101440004146A9C3890597F0FE1FE7804046414603
:1014500081451305840197F0FE1FE780604C8347A8
:101460006400C1451305C40393E747002303F40058
:10147000EF405FDD8327040881CF93072005A30198
:10148000F40009BB814597F0FE1FE7806049C1B7B2
:10149000CD47F5B7094789456386E700114763984B
:1014A000E700854503550400EF501FB521A01947FB
:1014B000E389E7FE8347640093E747002303F400D2
:1014C0008327040881C79307100555BFC54745BF4B
:1014D0004146CA851305C40497F0FE1FE780203DEE
:1014E0008347340013076005639CE7008545173583
:1014F000FF1F0345D5CFEF308FFE9307500541B74F
:1015000045476383E7029306C4021306C4039305A9
:1015100084002285EFD0FFB02285EFF0AFBFAA8410
:1015200011C1A144D147A1BFC94791BF9309C405C7
:101530004E854146CA8597F0FE1FE7804037032558
:10154000040871CD83473400130790056398E700C2
:101550002285EFF06FBF9307E00515B71307A005CD
:10156000639FE7069737FF1F938747D29C43E38F1C
:1015700007C203A88700E30B08C2834774009305E2
:1015800005084E8613D737002297834687009D8B28
:101590000A87B3D6F640858A93E606081305050444
:1015A000029841468A851305C40497F0FE1FE78020
:1015B000403D11E1D2842285EFF00FB983477400DA
:1015C000CD461307E005850793F7F70FA303F40053
:1015D00063E4F60013076005A301E40065BE13078A
:1015E000C005E399E7BA9737FF1F938727CA9C4343
:1015F000E38E07BA9C47E38B07BA930505081309E6
:1016000084000A8781464A862E8582970355040006
:101610000A86CA85EF503FA79307B0058DB58A8625
:101620004E86930584002285EFD0BF9F41469305E7
:10163000C4040A8597F0FE1FE780A0348547D28452
:10164000E31AF5B42285EFF02FB0AA84E31305B4B2
:10165000930710022DB50347340093077002E31778
:10166000F7B47C5889EB9305300571459700FF1F4F
:10167000E780A0D768D86858E30A05B2CA85414612
:1016800097F0FE1FE780A022032944072285EFD0B0
:101690009FA4230DA90093078002D5B3034734000C
:1016A00093078002E314F7B0835706006858214679
:1016B000930529002318F500490597F0FE1FE780E0
:1016C000001F7C5483D7470113F7072025CF1854F8
:1016D000035747001377072035C79307900245B398
:1016E0000347340093079002E312F7AC3C5C89EBAC
:1016F000930530055D459700FF1FE78000CF28DC8C
:10170000285CE30505AA4146CA8597F0FE1FE780DD
:10171000001A9307A002A5B3034734009307A00261
:10172000E316F7A883470600285C194693051900BD
:10173000230BF500410597F0FE1FE78040177C540E
:1017400083D7470193F70740B1C71C5483D747009D
:1017500093F70740A1C39307B00215B303473400C2
:101760009307B002E314F7A47C5C89EB9305300582
:1017700051459700FF1FE78040C768DC685CE30ABB
:1017800005A04146CA8597F0FE1FE78040127C5CA9
:101790007D5798CB03D529008145EFD04FD3DDBAD3
:1017A000034734009307F004E3F5E79E032504089C
:1017B000E301059E13060004CA851305050497F08E
:1017C000FE1FE780C00E2285EFF04F9BAA84228582
:1017D000EFD05F818347340013070005639FE70064
:1017E00003D6E90085451735FF1F034555A00606BA
:1017F000EF30AFEE9307300559B11307100563952D
:10180000E70093076005A5B913072005E394E7985F
:101810009307C005ADB1034734009307E005E31A11
:10182000F796032504084146CA8597F0FE1FE78016
:1018300000082285EFF0CF9AAA8419BD83450600DF
:10184000A9BF85478144E397F59403284600834761
:1018500036000347260083461600835525000346BD
:1018600006000145EF407FFC35B28147C146330792
:10187000F500B388F5000347070083C80800330864
:10188000F6008507334717012300E800E391D7FEF0
:1018900082800147BD471308F00F3306F5008346E9
:1018A0000600B388F500FD178606558F2380E800F3
:1018B0000347060093F7F70F1D83E39007FF82802D
:1018C0008147930800F8414893F6F70F3387F500F6
:1018D00063FCC600B306F50083C606002300D700EC
:1018E0008507E39307FF82806395C60023001701F5
:1018F000C5BF23000700EDB701114AC856C22E89A3
:10190000AA8A93053005414506CE22CC26CA4EC68A
:1019100052C4328A9700FF1FE78020ADAA84930546
:10192000300541459700FF1FE78020AC2A84CD4950
:10193000A5C431CD4146814597F0FE1FE78040FEAA
:101940002686A2855685EF30606AAA8929E18387B9
:10195000040063D30706A2852685EFF09FF34A862D
:1019600097550100938545AC2285EFF01FF0830762
:10197000090063D80704A2854A85EFF09FF15286DB
:1019800097550100938545AA2285EFF01FEE268525
:101990009700FF1FE78080B411C422859700FF1FC6
:1019A000E780C0B3F24062444E85D2444249B24916
:1019B000224A924A05618280CA852685EFF07FED32
:1019C0007DB7D2854A85EFF0DFECD1B7814741463C
:1019D000B306F5003387F5000347070003C8060088
:1019E0008507334707012380E600E393C7FE828023
:1019F000011126CA4EC6AE84AA8993053005130587
:101A000000034AC806CE22CC32899700FF1FE78028
:101A1000C09D2DC51306000381452A8497F0FE1F43
:101A2000E78000F04146CE85228597F0FE1FE780D3
:101A300020FAA6850D461305D40197F0FE1FE78016
:101A400020F913060402930504012285EF30005AA1
:101A5000AA840D469305D4024A8597F0FE1FE780BD
:101A600020F722859700FF1FE78040A7F2406244DD
:101A700026854249D244B24905618280CD44FDB7F2
:101A80005D714EDE62D4AE892A8C93053005130554
:101A90000003A6C2CAC052DC56DA5AD85ED686C641
:101AA000A2C4B28B368BBA84BE8A4289468A97001A
:101AB000FF1FE7808093630505101306000381452F
:101AC0002A8497F0FE1FE780A0E54146E285228543
:101AD00097F0FE1FE780C0EF414681450A8597F0E9
:101AE000FE1FE780E0E31D46DE850A8597F0FE1FB6
:101AF000E78000EE1D46DA851305710097F0FE1FA2
:101B0000E78000ED33392001B33490004146814530
:101B1000080823072101A307910097F0FE1FE78023
:101B200020E01946D685480897F0FE1FE78040EA76
:101B30001946D2851305A10197F0FE1FE78040E901
:101B4000930404014146CE85268597F0FE1FE78069
:101B500020E88A852685EFF07FE7930904024E8608
:101B6000A6852285EF3080482A890DE94146CE8539
:101B7000268597F0FE1FE78080D30C082685EFF0BE
:101B8000FFE44E86A6852285EF3040462A894645E9
:101B90004146CE8597F0FE1FE78080E322859700BF
:101BA000FF1FE780A093B64026444A859644064925
:101BB000F259625AD25A425BB25B225C6161828006
:101BC0004D49D5B7011126CA52C4AA842E8A1305DD
:101BD0000003930530054AC84EC606CE22CC328992
:101BE000B6899700FF1FE780408035C52A84A68507
:101BF000414697F0FE1FE780A0DD930404012146D3
:101C0000D285268597F0FE1FE78080DCCA852146B5
:101C10001305840197F0FE1FE78080DB130904029F
:101C2000A6854A862285EF30603CAA844146CA8553
:101C30004E8597F0FE1FE780A0D922859700FF1FF1
:101C4000E780C089F240624426854249D244B249C5
:101C5000224A05618280CD44F5B739715AD05ECEF3
:101C60002A8BAE8B41459305300506DE26DA52D429
:101C700056D262CC66CA6AC8368C328DBA8C22DCE7
:101C80004AD84ED697F0FE1FE7802076AA8A9305A1
:101C90003005414597F0FE1FE78020752A8ACD4424
:101CA000638E0A0859C52A86D6855A85EFF0DFC4A7
:101CB000AA8441E193053005414597F0FE1FE78076
:101CC000C0722A8993053005414597F0FE1FE780D1
:101CD000C071AA89630A090E6306050E1304FD008C
:101CE00011841376FD0049C07D144204418035EE15
:101CF000131544004E86D6855E95EFF01FB741461A
:101D000081454A8597F0FE1FE78080C1014D9317FA
:101D10000D01C18363F48708BDC04A8597F0FE1F9B
:101D2000E780C07B638709004E8597F0FE1FE78040
:101D3000E07A568597F0FE1FE780407A63070A0035
:101D4000528597F0FE1FE7806079F2506254268535
:101D50004259D254B259225A925A025BF24B624C07
:101D6000D24C424D216182800144131544008A8582
:101D70005E95EFF0FFB44E86D2850A85BDBF931500
:101D80004D000A86DE954A85EFF03FAE4A868A8589
:101D90005A85EF30A025AA84050D95BFBDFC0A86A3
:101DA000CE854A85EFF07FAC4A868A855A85EF302A
:101DB000E023AA846686CA85628597F0FE1FE780C5
:101DC00000AFA1BFCD4491BFCD44A9BF397162CC52
:101DD0002A8C594526DA4AD84ED652D456D25AD0F1
:101DE0005ECE06DE22DCAE8B328BB68A3AC63E8AE7
:101DF000C289468983440104EF209FA549C19167A8
:101E0000938717E92310F50085472301F5002A84FD
:101E100032472105630C0C0493071003A301F4005F
:101E20001946814597F0FE1FE78080AF23036401C8
:101E3000A3035401230A94002312740123174401BD
:101E40002318340123192401A2856254F250D2547C
:101E50004259B259225A925A025BF24B624C1725F0
:101E6000FF1F0345A53821616F20FFADA3010400CA
:101E70001946BA8597F0FE1FE78060A345BFF25070
:101E80006254D2544259B259225A925A025BF24BCE
:101E9000624C21618280011122CC2A84314506CE18
:101EA0002EC632C436C23AC0EF209F9A29C191672C
:101EB000938717E92310F5008D472301F500A3014F
:101EC0008500B2452246924602476244F240231200
:101ED000B5002313C5002314D5002315E500AA85FA
:101EE0001725FF1F0345853005616F20DFA5F240F0
:101EF00062440561828001114AC82A89394526CA8F
:101F000006CE22CC2EC6B284EF209F9431C1B245BA
:101F10009167938727E92310F5009147A3012501D5
:101F20002312B5002A842301F500A6851905214650
:101F300097F0FE1FE780A097A2856244F240D2444A
:101F400042491725FF1F0345652A05616F20BF9F82
:101F5000F2406244D24442490561828001114AC87C
:101F60002A89414526CA06CE22CC2EC6B284EF204D
:101F70003F8E29C19167B245938727E92310F50069
:101F800095472A84231225012301F50021461905CE
:101F900097F0FE1FE780A091A2852317940062446A
:101FA000F240D24442491725FF1F034555240561DD
:101FB0006F207F99F2406244D24442490561828099
:101FC000011122CC2A84394506CE2EC632C436C22F
:101FD0003AC0EF20FF8729C19167938717E9231043
:101FE000F50099472301F500B24522469246024783
:101FF000231285006244F2402313B5002314C50068
:102000002315D5002316E500AA851725FF1F0345D4
:10201000E51D05616F203F93F240624405618280B7
:10202000797122D406D62A842EC632C436C23AC06A
:10203000EFC0AFE01DC1B245224692460247231CC5
:10204000B100231DC1002C081306F00F2285231EAA
:10205000D100231FE100EFC00FCDB25022544561E3
:102060008280011122CC2A84394506CE2EC632C484
:1020700036C23AC0EF20CFFD29C19167938717E997
:102080002310F5009D472301F500B24522469246F4
:102090000247231285006244F2402313B500231443
:1020A000C5002315D5002316E500AA851725FF1FB7
:1020B0000345C51305616F201F89F2406244056125
:1020C00082805D712AC613052002CAC04EDE52DC32
:1020D00056DA5AD85ED662D466D26AD086C6A2C410
:1020E000A6C26ECE2E8CB28B368B3AC43E8DC28C7D
:1020F000C68A035A01058359410503498105EF202A
:102100002FF569C591663243938616E9A9472A845B
:102110002310D5002301F500930DE400210593045D
:1021200044012247630D030693071003A301F40043
:102130001946814597E0FE1FE780807E194681455C
:102140006E8597E0FE1FE780A07D194681452685B4
:1021500097E0FE1FE780C07C23037401A3036401A2
:102160002300240323128401231D5401231E440150
:10217000231F3401A2852644B64096440649F259ED
:10218000625AD25A425BB25B225C925C025DF24DB3
:102190001725FF1F0345850561616F20CFFABA85BA
:1021A000A3010400194697E0FE1FE7804070EA850E
:1021B0006E85194697E0FE1FE780606F1946E68539
:1021C000268597E0FE1FE780806E79B7B6402644EB
:1021D00096440649F259625AD25A425BB25B225C7B
:1021E000925C025DF24D61618280011122CC2A84F1
:1021F000214506CE2EC632C436C2EF206FE515CD7E
:10220000224692469167938717E92310F500B1475C
:102210002301F500A3018500B2452303C500A303F4
:10222000D5006244F2402312B500AA851725FF1F8E
:102230000345C5FB05616F200FF1F2406244056163
:102240008280411126C2AA84514506C622C4EF20CD
:102250002FE049C19167938717E92310F500B9472B
:102260002301F50083C714002A8493856400A30129
:10227000F50083C7340003C724002105A207D98FC6
:10228000231EF5FE83C744001946230FF5FE83C7BE
:102290005400A30FF5FE97E0FE1FE780406183C75F
:1022A000C400A2851725FF1F034545F42307F4004A
:1022B00083C7E40003C7D400A207D98F2318F40012
:1022C00083C7F4002309F4002244B2409244410140
:1022D0006F206FE7B2402244924441018280411155
:1022E00022C42A84194506C6EF208FD60DC59167F2
:1022F000938717E92310F500C1472301F500231246
:1023000085002244B240AA851725FF1F034505EE2C
:1023100041016F204FE3B2402244410182804111CC
:102320000D4506C6EF20CFD20DC5930710F9230047
:10233000F5009307E003A300F500C5472301F5006E
:10234000B240AA851725FF1F034545EA41016F20CA
:102350008FDFB24041018280011122CC2A842945BD
:1023600006CE2EC632C436C2EF208FCE15CDB24572
:1023700092469167938717E92310F500C947230216
:10238000B5002301F500A30185002304D5002246F2
:102390006244F2402313C500AA851725FF1F034599
:1023A000E5E405616F202FDAF24062440561828026
:1023B00001114AC82A892D4526CA06CE22CC2EC62E
:1023C000B284EF20EFC829C5B245930710F9230066
:1023D000F5009307E003A300F500CD47A301250115
:1023E0002302B5002A842301F500A68515051946A8
:1023F00097E0FE1FE780A04BA2856244F240D244E2
:1024000042491725FF1F034565DE05616F20AFD3E5
:10241000F2406244D244424905618280011122CCDB
:102420002A84214506CE2EC6EF208FC205C9B245AB
:102430009167938717E92310F500D1472303B5006F
:102440002301F500231285006244F240AA85172576
:10245000FF1F0345A5D905616F20EFCEF24062440E
:1024600005618280011122CC2A84214506CE2EC628
:1024700032C4EF20EFBD1DC522469307105923102B
:10248000F50023018500B2452303C5006244F240F4
:102490002312B500AA851725FF1F034525D5056121
:1024A0006F206FCAF240624405618280011122CC24
:1024B0002A84214506CE2EC632C4EF206FB91DC92D
:1024C00022469167938727E92310F500A14723014E
:1024D000F500B24523038500A303C5006244F24022
:1024E0002312B500AA851725FF1F034555D00561A6
:1024F0006F206FC5F240624405618280011122CCD9
:102500002A84314506CE2EC632C436C23AC0EF20E8
:102510002FB415CD22468567938717C92310F50080
:1025200023018500B2452303C50092460247624459
:10253000F2402312B5002314D5002315E500AA8527
:102540001725FF1F034585CA05616F20CFBFF240E5
:10255000624405618280011126CAAE844AC82A8974
:102560001385C40006CE22CC32C6EF206FAE1DCD3F
:102570008567B245938717E923019500231225014A
:102580002A842310F500310508C4268697E0FE1F33
:10259000E780E031A2856244F240D24442491725E7
:1025A000FF1F0345A5C405616F20EFB9F2406244E7
:1025B000D244424905618280011122CC2A84194506
:1025C00006CE2EC6EF20CFA805C98567938717F9D9
:1025D0002310F500854723018500A301F500B245CE
:1025E0006244F2402312B500AA851725FF1F034558
:1025F000E5BF05616F202FB5F2406244056182801E
:10260000411122C42A840D4506C6EF206FA405C5DA
:10261000930710F92300F500E947A300F500230113
:1026200085002244B240AA851725FF1F034505BC3B
:1026300041016F204FB1B24022444101828001111B
:1026400022CC2A84214506CE2EC6EF206FA00DC9CC
:102650009167938727E92310F5009307000323016F
:10266000F500B245230385006244F2402312B50011
:10267000AA851725FF1F034595B705616F20AFACED
:10268000F2406244056182800111214506CE2EC6CA
:1026900032C4EF20EF9B05C9856793870739231064
:1026A000F500B245224685472301F500F24023128A
:1026B000B5002313C500AA851725FF1F034585A96B
:1026C00005616F204FA8F24005618280397122DCDC
:1026D0001304F5FF4AD852D456D25ECE420406DE29
:1026E00026DA4ED65AD0894B2A8A3289B68A418058
:1026F00063957515938B819683C781965E8B89440C
:102700008DCF83C9160083C706009144A209B3E99F
:10271000F9009727FF1F83D72792F51763DFF9008A
:102720009307C6FF639DF90831452EC6EF204F92EF
:102730002A84B24519ED9304F00FF25062542685B5
:102740004259D254B259225A925A025BF24B216139
:1027500082804209135909012302B5002313250180
:10276000930700F91509A1652310F5002311450110
:1027700085054A8597F0FE1FE78020C708C415C964
:1027800083C70B009385EAFF13562900FD172384A6
:10279000F19697E0FE1FE78060151C44A28517257F
:1027A000FF1F0345259B89071CC4EF20CF99814457
:1027B00069B7228597F0FE1FE78040D2ADBF93072F
:1027C000D6FFE3CAF9F6B1473304F4029724FF1F9A
:1027D000938484989C40A29703C7A70019C7884395
:1027E00009C597F0FE1FE78060CF13854900A165FA
:1027F00042058505418103AA040097F0FE1FE7808A
:10280000C0BE9C40229A2320AA00A297884305D5E7
:1028100005472385E70083470B004A86D685FD17C9
:102820002384F19697E0FE1FE78060089C403E9469
:1028300023132401231234019DBF8547E39DF5EE48
:10284000B1473304F402172BFF1F130BEB908327C0
:102850000B00DA89A29703D76700884345CB83D75B
:102860004700B306C700910763C2D70A3A95D685D9
:1028700097E0FE1FE780A00303270B008144229707
:1028800083576700CA97C207C1832313F700035712
:1028900047001107E393E7EA3145EF107FFBAA8574
:1028A00021C1930700F92310F50083270B002302B1
:1028B000750123114501A29703D767009C43231399
:1028C000E5001CC51725FF1F0345C588EF20AF870E
:1028D00083270B003E942313040023050400B1BD9D
:1028E00083270B00A297884311C997F0FE1FE7804A
:1028F000E0BE83270B00A29723A0070083A709004F
:102900003E94231304002305040055B511C997F024
:10291000FE1FE780A0BC83A70900A29723A00700A1
:1029200083A7090085443E94231304002305040073
:1029300029B56F4090416F40D0426F50000E6F40FC
:10294000D045411106C6EF401042B2400145410159
:1029500082806F4030476F4050496F40704B6F40EE
:10296000504D6F40504F6F4030516F4030536F406B
:1029700030556F40D0568347160003460600A20725
:102980005D8E6F4010586F4050596F40105C6F4023
:10299000D05E6F40B0616F4090646F40B0666F4032
:1029A000D0686F40F06A6F40106D6F40306F034326
:1029B0000100030E4100834E8100034FC100834F8D
:1029C000010183424101834381017EC816CA1ECCA6
:1029D0007AC676C472C21AC06F40506E6F40507390
:1029E0006F4070756F4090776F40B0796F40D07BCB
:1029F0006F40F07D6F5000006F50E0026F50000597
:102A00006F60D0281307A5FF420785672A88418396
:102A10001385A7C7636CE502138707C80145636880
:102A2000B70263E605031307301F6362C70213870B
:102A300066FF42074183938767C763EAE70005069D
:102A40003306B6028E063325D60082800145828089
:102A5000411126C206C622C4AA84EFF0000019C59F
:102A60002A842685EFD0906B2324A418B2402244F8
:102A7000924441018280834665010D47AA876384A1
:102A8000E600054582800327451103464700A3055C
:102A9000C502034737006316D7020347B50075F335
:102AA00003470501930600026307D700930630022F
:102AB00001456317D700130760022388E70001452B
:102AC0008280BD466310D7020347050193060004C8
:102AD00001451377B70FE315D7FE1307500423887A
:102AE000E7008280B946631AD700834605011307C1
:102AF0000003E398E6F80547C9B7D1466317D70046
:102B00008346050113070005EDB7D9466318D702C0
:102B10008346050113075005E395E6F60327050AEA
:102B2000136707202320E50A05472308E50003C7AC
:102B30001701136707F8A388E70051B7E946631B3D
:102B4000D7008346050113075006E39CE6F21307FE
:102B5000A006A5B7FD46631BD700834605011307F2
:102B6000A007E390E6F2130710F881BF9306300246
:102B7000E319D7F08346050113075008E393E6F005
:102B800005472308E5000347A5021367170023053F
:102B9000E50271BF832705110947A30AE50095C324
:102BA0002381E70003474505A381E7008347A5028A
:102BB00093E787002305F502F1472308F500014557
:102BC00082801D4582808547A30AF5008327051171
:102BD00091CB15472381E7009307B0022308F50046
:102BE00001458280054582808547A30AF500832739
:102BF000051191CB19472381E7009307D0022308E1
:102C0000F50001458280054582808947A30AF500C9
:102C10008327051181CF1D472381E70083270511F5
:102C20000347D5020145A381E700828005458280E4
:102C30008547A30AF5008327051191CB2D472381F2
:102C4000E700930770032308F500014582800545DE
:102C500082809947A30AF500832705113147238114
:102C6000E7001717FF1F1307676B83564701A38100
:102C7000D7009716FF1F83C6C66B2382D70097160F
:102C8000FF1F83D6066BA182A382D70083468701EC
:102C90002383D70003479701A383E7008347E50217
:102CA00013F7070409CF9307A0032308F500834710
:102CB000E50293F7F7072307F50201458280858B2C
:102CC000FDD78327050AA30505022307050293E71D
:102CD00007042320F50AE1BF8947A30AF5008327EB
:102CE000051181CF35472381E7008327051103476D
:102CF000B5020145A381E7008280054582808D47AA
:102D0000A30AF5008327051191CF45472381E700EA
:102D10000347C502A381E7000347B50201452382AB
:102D2000E7008280054582808547A30AF500832756
:102D3000051185C349472381E7009307A0042308B1
:102D4000F5008347A50293E747002305F5020145F7
:102D50008280054582808547A30AF50083270511F7
:102D600091C74D472381E700014582800545828058
:102D700083270511D9C32547A30AE50051472381BD
:102D8000E7000347451B8355651B8566A381E70064
:102D90000347551B938686840356A51B2382E700B1
:102DA0000347851BA383E7000347951B2384E700A4
:102DB0002E8763F3B600368742074183A382E7007C
:102DC000856621832383E70093868684328763F3B5
:102DD000C600368742074183A384E7002183238509
:102DE000E7008347A50293E747002305F502930711
:102DF00000052308F50001458280054582800327F0
:102E000005118D47A30AF500D9472301F700834632
:102E10004514A301D70083475514918A2302F70074
:102E20000357A51CB1C69306F034814763FDE60045
:102E3000930787E80357851415CB8587938757FD3C
:102E40008D87C207C1830357851C63F3E7003E8764
:102E50008347A5022307E50493E747002305F5020E
:102E6000930750052308F500014582808D87F9B747
:102E7000858B99C7930707FB2147B3C7E702D1B7F3
:102E80009307C7FB1147D5BF032705118D47A30A39
:102E9000F500DD472301F70083474514A301F70040
:102EA000834655142302D7000347B514F98F93F6D0
:102EB00047000357A51CB1C69306F034814763FD54
:102EC000E600930787E80357851415CB858793871A
:102ED00057FD8D87C207C1830357851C63F3E70045
:102EE0003E87930780052308F5008347A502230743
:102EF000E50493E747002305F502014582808D87AD
:102F0000F9B7858B99C7930707FB2147B3C7E7023A
:102F1000D1B79307C7FB1147D5BF832605118D474E
:102F2000A30AF500E5472381F6008347751403469D
:102F300065140547B317F7003317C700D98FA3816E
:102F4000F600834715142382F6008347A50293E712
:102F500047002305F502930700062308F500014505
:102F600082808947A30AF5008327051175472381CD
:102F7000E7001717FF1F1307673A03473700A381BE
:102F8000E700930750072308F50001458280894731
:102F9000A30AF5008327051179472381E70003473A
:102FA000F502A381E7008327050A2167D98F232033
:102FB000F50A85472308F500014582809717FF1F12
:102FC0009387C735B84B9307800583464700B3877F
:102FD000F602145703270511BE96A547A30AF5006C
:102FE000930700022301F7000356A51C8357651CB5
:102FF000B297D05A9387C71263F3C700B287A30171
:10300000F70013D68700C1832302C700A302F7008D
:103010009C5E2303F70013D68700C183A303C70078
:103020002304F70083C7C601A304F70083C7D601B2
:103030002305F7009307C0072308F50001458280A8
:103040009147A30AF5008327051113073002238156
:10305000E70003478515118B05CF0347A51523828C
:1030600007009306F7FF05473317D700A381E70052
:1030700003473514A382E7008347A50293E747007F
:103080002305F502930750F82308F50001458280D7
:103090008346751405473317D700A381E70003471C
:1030A00055162382E700E9B79547A30AF500832761
:1030B0000511130740022381E700A38107000307DE
:1030C00035148306F5156395E6008946A381D7007C
:1030D0008306E5156398E60083C6370093E616007D
:1030E000A381D7008306D5152382D7000346C515D3
:1030F000A382E7002383C70083478515858B81CB97
:1031000099C68327050A4167D98F2320F50A01450F
:103110008280411126C28324051106C622C4B54708
:10312000A30AF500A9C091472A842381F4009305DE
:10313000851A21461385340097D0FE1FE78020773B
:103140001385B40011469305041B97D0FE1FE7803A
:103150000076930720022308F4000145B240224480
:103160009244410182800545D5BF83270511A1C73F
:10317000411122C406C62547A30AE5002381E700C2
:103180002A84032505119305840F21460D0597D048
:10319000FE1FE780C0718327040AA30504020145CE
:1031A00093E707022320F40A85472308F400B2407E
:1031B00022444101828005458280A547A30AF5008B
:1031C00083270511A9C3411122C406C639472381AB
:1031D000E7002A84032505119305840F21460D0578
:1031E00097D0FE1FE780A06C8347A402014593E7B8
:1031F00047002305F402930700032308F400B240BC
:1032000022444101828005458280E147A30AF500FE
:1032100083270511D9CF411122C406C63D4723811A
:10322000E700034745072A8493058506A381E70045
:103230000347550731462382E70003476507A3820A
:10324000E7000357650721832383E7000347A505AC
:10325000A383E7000357A50521832384E7000347E1
:10326000C505A384E7000347D5052385E700035779
:103270004506A385E700034765062386E700035755
:1032800065061385E7002183A386E70097D0FE1F1C
:10329000E780E0618347A402014593E747002305E7
:1032A000F402930700042308F400B24022444101D1
:1032B000828005458280E147A30AF5008327051136
:1032C000C9CB411122C406C641472381E700034709
:1032D00045072A8493058506A381E7000347550720
:1032E00031462382E70003476507A382E7000357BF
:1032F000650721832383E7000347A505A383E70030
:103300000357A50521832384E7000347C505A3844C
:10331000E7000347D5052385E70003574506A38546
:10332000E700034765062386E70003576506138514
:10333000E7002183A386E70097D0FE1FE780205790
:10334000930740042308F400B240224401454101A0
:10335000828005458280411106C6AD47A30AF5006B
:1033600083270511130790029305D5172381E700E2
:1033700013853700294697D0FE1FE7804053B2409F
:1033800001454101828083254511411126C206C6AF
:1033900022C483C7450003C735000568A207D98F3B
:1033A0001387A7FF420741839306A8C7F94463E246
:1033B000E60C03C7650083C65500130808C822073A
:1033C000558FF9446367E80A6365F70A03C6850009
:1033D00083C675002206558E9306301F63EBC60820
:1033E00083C6A50083C89500A206B3E616016362F2
:1033F000D808130816003308F80293983600635A69
:10340000180783C8B500139808011358080163848E
:103410000800636007078358A5038144639D170173
:10342000631BF7008358C5036397C8008354E50303
:10343000958C93B41400231DC504231AF506231B91
:10344000E506231ED5042312050783C7D50003C74D
:10345000C5002A84A207D98F2313F5063146B90582
:103460001305850697D0FE1FE78060449147A30EA1
:10347000F400B240224426859244410182804111E9
:1034800022C406C68547A30AF5002A84834535155C
:103490000327051103454515854693176500CD8F14
:1034A0002301F700ED47A301F7008347C40003465B
:1034B000241593E707022306F400EF101076930714
:1034C00070062308F400B240224401454101828085
:1034D000832745111303000E03C6470003C73700B7
:1034E0002206598E130756FE420741836367E3069F
:1034F00083C6670003C757001168A206D98E1387D9
:1035000086EB42074183130888146368E80403C705
:10351000870083C87700220733671701930857FE97
:10352000C20893D80801636A130383C8970083C74E
:10353000A700A207B3E71701938887EBC20893D8C7
:103540000801636C1801231EC51A231FD51A231006
:10355000E51C2311F51C6FC0B02B05458280834606
:10356000B5000547AA8705456395E60C83C6670144
:1035700031470545639FE60A03A747118346370095
:10358000A38AD7048346570003464700A206D18E7C
:10359000239BD7048345770083466700A205D58D1A
:1035A000239CB70403469700834687002206558E66
:1035B000239DC7048346B7000345A700A206C98E12
:1035C000239ED7040345C7000347D7002207498F2E
:1035D00003D5A703239FE7040147631BB50083D5E9
:1035E000C7036397C50003D7E703158F1337170089
:1035F0002391E70603C70701930600046304D7027B
:10360000930640046315D70005472388E70003C7E6
:1036100017019546A38ED700136717F8A388E70014
:103620000145828003C7A702136717002385E702BD
:10363000E1BF8280034765018947631DF700832747
:10364000451183C73700230AF504F5472308F50021
:10365000014582801D4582808347B5002A87D9EBCA
:1036600083466501B54705456397F608834607011C
:10367000930700026391F60883274711014583C62B
:10368000570003C64700A2064206B29603C667006B
:10369000B29603C637006206B2962320D70C83C6C3
:1036A000970003C68700A2064206B29603C6A7008B
:1036B000B29603C677006206B296232ED70A83C657
:1036C000C70003C6D700A2064206B29603C6B700DB
:1036D00083C7E700B296E207B6972320F70E834729
:1036E000170193E78700A308F70093073002230828
:1036F000F7008280054582808347B5009DE303473C
:1037000065018547631DF7008346050113073002F5
:103710006397E6009307C0022308F50081473E85C2
:1037200082808547EDBF834665010547AA87054529
:10373000639CE60203C707019306B002631AD70031
:103740001307E0022388E700A38507020145828072
:103750009306D00205456319D7001307E002A3853D
:1037600007022388E700DDB78280034765018947A8
:10377000631EF704E947A305F5028327451139477E
:1037800083C737006392E7020347050193070003ED
:10379000631EF7028327050A93E707022320F50A31
:1037A00085472308F50049A83D476393E70283272F
:1037B000851003470501F59B2324F51093070004AA
:1037C0006316F700930760042308F5000145828023
:1037D00049476391E704034705019307A004E317F2
:1037E000F7FE85472308F5008347A50293E71700F6
:1037F0002305F5028347150193E707F8A308F500B1
:1038000083270510C18BF9F383278510BD9B2324E3
:10381000F5106DBF51476398E70203470501930711
:103820000005E315F7FA85472308F5008327050A05
:1038300093E707102320F50A8347150193E707F85C
:10384000A308F50061B75947639DE70003470501E9
:1038500093075005E31CF7F68327050A93E7072033
:1038600035BF6947639FE70003470501930750068B
:10387000E31EF7F48327050A056713070780D98F2E
:1038800031BF7147E384E7F47547639CE700034762
:10389000050193075007E31BF7F28327050A216709
:1038A000F9BF13073002E393E7F2034705019307DB
:1038B0005008E31DF7F085472308F5008347A5026C
:1038C00093E717002305F50285BF0347B500854739
:1038D0006311F70203476501631BF7000347050106
:1038E0006317F700930760032308F50081473E85BF
:1038F00082808547EDBF834665010547AA87054558
:103900006393E60603C70701930670036315D702A6
:1039100003C7A702238607049376070499C6137783
:10392000F7FB136707012385E7021307800323884A
:10393000E700014582809306500305456315D702D1
:10394000130780032388E70003C7A7022386070421
:1039500001459376070481CA1377F7FB13670701C4
:103960002385E70282808280034765019947631EB1
:10397000F7080327451183473700A307F50483475A
:10398000570083464700A207D58F2318F5048347C5
:103990007700834667001307A003A207D58F8346ED
:1039A00005012319F5048347E5026395E604858B39
:1039B00099CB8327050AA30505022307050293E790
:1039C00007042320F50A8347A50293E71700230580
:1039D000F50285472308F5008347150193E707F8AB
:1039E000A308F5008347E50293F7F7FB2307F502E9
:1039F00001458280E207E187E3D007FE8327450A7D
:103A000093E707042322F50AC1BF054582800347D7
:103A1000650189476304F7000545828083274511C6
:103A20001307000483C73700A305F5028347050188
:103A300093F6B70F6397E600930750042308F50049
:103A400025A0130750056393E7028327050A93E730
:103A500007202320F50A85472308F5008347150131
:103A600093E707F8A308F500014582801307500685
:103A70006395E7009307A006D1B713075008639C2E
:103A8000E70085472308F5008347A50293E7170061
:103A90002305F502E1B70347B5003DFF1307000218
:103AA0006386E700130730026395E700930760021F
:103AB00071B71307A007E391E7F6930710F8BDBFAE
:103AC000834665010547AA8705456394E60403A775
:103AD00087100545418B15CF03C707016318A70061
:103AE0001307B0042388E700014582801306A00471
:103AF000631AC70003C7A7022388D70013671700FC
:103B00002385E70203A7870A1367070423A4E70AAC
:103B1000E1BF8280834665010547AA870545639317
:103B2000E60283C607011307A0040545639CE6006F
:103B300003C7A7022388A700014513671700238541
:103B4000E70282808280034765018D47631FF71873
:103B5000834715018D8B91EB8346050121479387A0
:103B600006FC93F7F70F6361F702D9472306F502C6
:103B70009307A002A305F5028327850A93E7270090
:103B80002324F50A014582808347B50003264511A9
:103B900063900714930750056398F600D9472306EE
:103BA000F50293073002F9B79707FF1F938707774E
:103BB0008345460003C7A70383C7B703834865143B
:103BC0006D8F2305E51403463600F18F0546A305E6
:103BD000F514331616016314C700230505140348B2
:103BE00075148545B39505016394B700A3050514C5
:103BF0000347A5148347B5145DCFD9CB9375270030
:103C0000B1C113F627001DCE930720202315F5140C
:103C10000347A5148547B39717016314F7002305DD
:103C200005140347B5148547B39707016314F700DC
:103C3000A305051485476398F608930760052308D4
:103C4000F50089B71376470001CA13F347006305EF
:103C50000300930740405DBF058B19C713F717009A
:103C600001C7930710105DB7094781E5114711E2BD
:103C700005472305E51413F7270009C78947A3055E
:103C8000F51479B7918B99C39147D5BF8547C5BFC7
:103C9000B3570741858B81C72305B51495BF93772B
:103CA000270089C789472305F5149DB7118B9147D4
:103CB0007DFB8547CDBFA9DF33D71741058B45DF96
:103CC000A305C514B1B78327850A93E707104DBD37
:103CD00085476397F60083474600A305F514B1BFF7
:103CE0008327850A93E7072061BD054582808346C7
:103CF00065010D47AA8705456394E61483C607014D
:103D0000130750050545639DE61203C7B700631905
:103D1000071283C6471403C7571403A6471133F588
:103D2000E6008345460019ED6396B600034536006C
:103D3000630AE50023950714130770052388E7003D
:103D400001458280ED8E2385D7140346360003C8D3
:103D50006714718F0546A385E71433160601639433
:103D6000C6002385071403C577148545B395A500C0
:103D70006314B700A385071483C6A71403C7B71439
:103D8000C5CA41C793F526009DC91376270005CA09
:103D9000130720202395E71483C6A714054733177C
:103DA00007016394E6002385071483C6B71405470B
:103DB0003317A700E392E6F8A3850714B5BF13F6FF
:103DC000460001CA93784700638508001307404006
:103DD000D1B7858A99C69376170081C6130710104C
:103DE00055BF894681E5914611E285462385D71462
:103DF0009376270089C60947A385E71471BF118B05
:103E000019C31147D5BF0547C5BF33D7A640058B9A
:103E100001C72385B71449B713F7260009C7094717
:103E20002385E71495BF918A1147FDFA0547CDBF59
:103E300025D7B3560741858AC5DEA385C714A9BF18
:103E400082808346B5000547AA870545639FE6063D
:103E500083C66701154705456399E60603C7070151
:103E6000930650056306D70093068005631FD704A9
:103E700003C7A70283A54711136717002385E7022D
:103E800003C645001147636EC70083C63500636AE9
:103E9000D7001307F6FF1385F6FF718F758D498FD5
:103EA00011C705472388E7000145828003C76500E5
:103EB00003C555002385C7142207498F2396E714AD
:103EC000A385D7141307A005F1BF82808347B500EF
:103ED00095E3834665010D478547639BE6000347ED
:103EE00005016317F700930710062308F5008147C3
:103EF0003E8582808547EDBF034765018947631092
:103F0000F706832745119705FF1F83C5C54583C75E
:103F1000370013F6F70113D767009707FF1F83C712
:103F2000774463EAC7008346E514A18A89C6B3D6FD
:103F3000E540858A9DE6E9472306F5028547B39764
:103F4000E700ED8F8D8B794799C313070002832714
:103F5000850AA305E50293E727002324F50A054512
:103F60008280230AE51403470501A309C514854788
:103F70006318F700930760062308F5000145828067
:103F80008327850A93E707402324F50AC5BF034723
:103F900065018947631CF702832745110347050123
:103FA00083C737002308F50285476318F700930796
:103FB00060072308F500014582808327850A05678D
:103FC00013070780D98F2324F50AF5B705458280AA
:103FD000834665010947AA870545639FE60283C6B4
:103FE00007011307500701456398E60203A747112D
:103FF000A166034737002388E70203A7070A558F06
:1040000023A0E70A05472388E70003C717011367C2
:1040100007F8A388E7008280828083466501154700
:10402000AA8705456399E60C83C607011307500864
:1040300005456392E60C03A7471183463700A38D1D
:10404000D71483064700A382D716030657002380A0
:10405000C716034767002382E71603C787159375C2
:104060004700B5CD8946A38CD71483A6070AC1653E
:104070006D9BCD8E23A0D70A238CE71403C7A71608
:104080009376170085C29306F0076306D600136780
:1040900027002385E71603A7070AB7060200558FF6
:1040A00023A0E70A1707FF1F130747270347370017
:1040B0000145A387E70203C74703A380E716054727
:1040C0002388E70003C7A702136717002385E702C9
:1040D00003C71701136707F8A388E7008280098BDD
:1040E00051DFC9DE03A7070AC166A38CA714558F49
:1040F00023A0E70A61B78280834665011547AA8736
:1041000005456390E60A83A64711014503C63600BC
:104110001377060F59E71707FF1F0347F723718F20
:1041200049C303C7660011482380E71683855600FC
:104130000147A382B716130517003357E640058BD6
:104140009378F50F15CF238D171503C74600A38D60
:10415000E71403C78715937647009DC68946A38C4D
:10416000D71483A6070A41666D9BD18E23A0D70A78
:10417000238CE71403C747030145A380E716828019
:104180002A87E31A05FBD1B7098B6DD7E5D505471B
:10419000A38CE71403A7070AC166558F23A0E70A7B
:1041A000D1BF8280834665011147AA870545639385
:1041B000E60A83C5B7000545639EA50883A6471197
:1041C00003C836006366050303C7460013051009DC
:1041D0001306B7FF1376F60F636CC50003C65600CF
:1041E0009306B6FF93F6F60F6364D5006371E6029B
:1041F0007947A385E702130780022386E70203A716
:10420000870A01451367270023A4E70A828083A653
:10421000C710014593F6060895CE83C64717631766
:10422000B80293E61600238AD7169306000AA38ADB
:10423000E7163307D70283D6A7033347D70283D6BF
:10424000070485063697239BE7168280D99A238A2E
:10425000D7168280828083270511DDC32547A30AF4
:10426000E50055472381E7000347451B8355651B40
:104270008566A381E7000347551B93868684035612
:10428000A51B2382E7000347851BA383E7000347A1
:10429000951B2384E7002E8763F3B6003687420719
:1042A0004183A382E700856621832383E700938609
:1042B0008684328763F3C600368742074183A3842E
:1042C000E70021832385E7008347C507A30505028F
:1042D00099C78327050A93E707102320F50A832748
:1042E000450A13974701635807007D771307F77F47
:1042F000F98F2322F50A85472308F50001458280BE
:104300000545828003476501AD476318F7024111F7
:1043100006C68347451783254511294693E70701BC
:10432000230AF5168D051305D51797C0FE1FE780E4
:104330000058B24001454101828005458280834793
:10434000B500EDE7411122C406C603476501E14708
:104350002A8405456318F70C0347040193070004FA
:104360006312F70C8325441105659306A5C703C79F
:10437000450083C7350022075D8F9307A7FFC2075B
:10438000C18363ECF60883C7650083C65500130537
:1043900005C8A207D58F6362F50863E0E70803C686
:1043A000850083C675002206558E9306301F63E68E
:1043B000C60683C6A50003C89500A206B3E606019B
:1043C000636DD504130516003305E5021398360016
:1043D0006345A80403C8B5001315080141816304AF
:1043E000080063ECA702231DC4042312A406231AA9
:1043F000E406231BF406231ED40483C7D50003C799
:10440000C5003146A207D98F2313F406B905130559
:10441000840697C0FE1FE780804993077004230835
:10442000F4000145B240224441018280054582806A
:10443000411126C206C622C403476501E1478544EF
:104440006318F704832785102A848544898BA9C3C0
:104450008347B50063919706EFE0FFF283470401BD
:10446000A305A40263979700930710042308F400A0
:1044700039A8130700046393E70293071004230885
:10448000F4008347A40293E717002305F402814454
:10449000B240224426859244410182808327040A47
:1044A00093E727002320F40A8347140193E707F8D2
:1044B000A308F400E9BF834715018D8B99CF9307BB
:1044C000A002A305F402BD472306F4028327840A51
:1044D00093E727002324F40A5DBF83470501639710
:1044E0009700EFE05FEAA305A402BDBF1307000237
:1044F0006390E702EFE03FE9A305A402814449F994
:104500008327440A37070080D98F2322F40A49B74A
:1045100013070004E39EE7F6930730025DB74111ED
:1045200026C206C622C48347B5008544A5E70347D3
:104530006501A5478544631FF7048327850FA18B79
:10454000B1CB832545112A8421468D05130505101D
:1045500097C0FE1FE780A03583270410B736780880
:104560009386060DDD8E8327441013E7070183270A
:10457000840FF58F2324F4108327C40FF98F23268B
:10458000F41083470401639D9700930710032308E9
:10459000F4008144B2402244268592444101828045
:1045A0008327840A93E707012324F40ADDB7411126
:1045B00026C206C622C403476501A5478544631A7F
:1045C000F706034705019307000385446313F706C5
:1045D000832545112A8421468D051305051097C0B2
:1045E000FE1FE780C02C83270410B7367808938617
:1045F000060DDD8E8327441023089400A3050402D2
:1046000013E707018327840F8144F58F2324F410D7
:104610008327C40FF98F2326F4108327040A93E716
:1046200007022320F40A8347140193E707F8A3083D
:10463000F400B2402244268592444101828083479F
:10464000B50005476395E708411122C406C68346B5
:10465000650125472A8405456390E6060347040162
:104660006310F706832544112146130504108D05B8
:1046700097C0FE1FE780A02383270410B736780871
:104680009386060DDD8E8327441013E707018327E9
:10469000840FF58F2324F4108327C40FF98F23266A
:1046A000F410930710032308F40083471401014515
:1046B00093E707F8A308F400B24022444101828046
:1046C0008327840A93E707012324F40AF9BF0545E9
:1046D00082800347B5008547631CF704411122C45B
:1046E00006C626C203476501A1472A840545631C07
:1046F000F702832444111305841215469385340070
:1047000097C0FE1FE780A01A83C7940003C78400E8
:104710000145A207D98F2317F4128347140193E7A9
:1047200027F8A308F400B240224492444101828059
:10473000054582800347B50085476310F716834619
:1047400065015D47639CE614011126CA8324451167
:1047500022CC21462A84938534001305F51806CE11
:1047600097C0FE1FE780A01483C7C40003C7B4002E
:10477000A207D98FA30BF418A183230CF418EF0020
:104780002FB72AC4EF00CFB62AC62C001305841A0F
:10479000214697C0FE1FE780801183C7F40003C73E
:1047A000E4001305041BA2074207BA9703C70401DC
:1047B0002C001146BA9703C7D4006207BA97232486
:1047C000F40C83C7340103C72401A2074207BA9738
:1047D00003C74401BA9703C714016207BA9723229B
:1047E000F40C0347941A8347A41A4207A207BA9706
:1047F0000347B41ABA970347841A6207BA9723206B
:10480000F40C0347D41A8347E41A4207A207BA9765
:104810000347F41ABA970347C41A6207BA97232EBC
:10482000F40AA247374703001307D73FB387E702CD
:1048300037A72600130737ECBA973EC497C0FE1F70
:10484000E780E00683C7640103C77401A20742073B
:10485000BA9703C75401BA9703C784016207BA978E
:10486000232EF40C0347241B8347141B4207A20783
:10487000BA970347041BBA970347341B6207BA97DA
:104880002320F40E930710022308F400F240624440
:104890008147D2443E850561828085473E8582807E
:1048A000034765019147631EF712411126C2832415
:1048B000451106C622C403C7340001CB9307F7FF96
:1048C000F98F81E79377070F8DC793070002A30540
:1048D000F502930730022306F5028327850A93E742
:1048E00027002324F50AB2402244924401454101A5
:1048F000828083C554009306E00781471146639781
:10490000D500F947E9B7B687638CC60093861700D0
:10491000B357F740858B93F5F60FF5D7230DB514F4
:10492000838744002A84ADC7A30EF514030535140C
:104930003387A7001375F50F635AF0008307F4154A
:1049400063DAE700898FA30EF41429A08307E41526
:10495000E34AF7FE8347D4153E9562056185EF0073
:1049600090122301A414EF00700A83473414A301AA
:10497000A414B307F540A30EF414EF00D01083473E
:10498000A415034734142301A414A297A382E716A5
:104990008307440383062416014763D5F600958FE9
:1049A00013F7F70F230EE41483C7540005472300C1
:1049B000F416834704016397E700930760F8230820
:1049C000F40015B7130750086396E700FD57230E50
:1049D000F414E5B78327840A0967D98F2324F40ADE
:1049E00019B70545828003476501A547631EF70493
:1049F000411122C406C683460501130700052A8417
:104A000085476397E602EFE0BFAC05E98327040A18
:104A1000A305040293E707102320F40A8347140137
:104A200093E707F8A308F40085472308F4008147BB
:104A3000B24022443E85410182808347A40293E72D
:104A400017002305F402D9BF85473E8582800347BE
:104A50006501A5476309F700054582800545B24019
:104A600022444101828083278510411122C406C659
:104A700093F707022A84FDD3EFE09FA58547E30F54
:104A8000F5FC034704016318F7009307100523089A
:104A9000F4000145E9B78327840A93E70708232434
:104AA000F40AC5BF054582800545828005458280A0
:104AB00005458280054582800545828005458280C6
:104AC000054582808347C500A30A0500F19B93E753
:104AD00017002306F5000325051113351500828004
:104AE00017F7FE1F034777729547630BF70097F799
:104AF000FE1F9387277183C777000D47631FF70059
:104B000097F7FE1F83C79770639F07109307601086
:104B100017F7FE1F231CF76E8280411197F7FE1FC7
:104B20009387C77F194522C426C2E05F06C64AC0E4
:104B3000EF00B02697F7FE1F9387876C944337C723
:104B4000898E130767ED98C63757550013075755D9
:104B5000D8C2034724029306F00FBE846307D70030
:104B6000FD57A300E4022301F40203451402894720
:104B70006303F500014517F9FE1F1309296B03278D
:104B8000090001469305F00F5C4393E717005CC3EF
:104B9000930710FA2305F400994717F7FE1FA306A1
:104BA000F76697F7FE1F238F076497F7FE1F238D85
:104BB0000764EF00E07D97F7FE1F9387676C9443CF
:104BC000DC56F59BDCD69C40034794001376F70730
:104BD0009843137707F8518F98C398431377F7CF0B
:104BE00098C398431377F7CF1367072098C39C4661
:104BF00037073300B240D98F032709009CC6B70797
:104C00000300938787153CCB97F7FE1FA38E075EA3
:104C100097F7FE1FA388075E224485471CC3924472
:104C200002494101828082804111B7E700E026C23B
:104C300084433707200006C622C4F98C23A0E71856
:104C40000F10000017F7FE1F0347575C97F7FE1F72
:104C50009387475B01CF97F6FE1F83C6265B094704
:104C60006396E60017F7FE1FA302075A03C77700F3
:104C7000A1466387E60003C777009D46639DE60073
:104C800083C7770017F7FE1F2302F758854717F7EA
:104C9000FE1FA30DF756EF00100897F7FE1F93872E
:104CA000E767E05F6840231504002304040097D001
:104CB000FE1FE780A08291452310040423220404F0
:104CC0002324040417F5FE1F0345B530EF006FCB16
:104CD000A14517F5FE1F0345D52FEF008FCA0345E9
:104CE00014039307F00F6307F500EF00CFD0FD57D3
:104CF000A308F402034504039307F00F6307F500CC
:104D0000EF006FCFFD572308F402B2402244B7E70B
:104D100000E023A09710924441018280011126CA2D
:104D200097F4FE1F9384845F22CC03A4040C4AC82A
:104D30004EC652C456C206CE2A898149130A25009E
:104D4000854A29E893057025314597C0FE1FE78005
:104D5000C0692A8401453DC083471900194693055F
:104D60002900A300F4001305240097C0FE1FE7806C
:104D700000B483A7040CA1EF97F7FE1F23A087665A
:104D80002324040083C7C40B850717F7FE1F2305E0
:104D9000F76425A003471400834719006305F70053
:104DA000A289004479BF1946D2851305240097C013
:104DB000FE1FE78000BDE31555FF0545F240624444
:104DC000D2444249B249224A924A05618280E3892B
:104DD00009FA23A489006DB797F7FE1F938707543C
:104DE00003A5070C11E997F7FE1F23A9075E97F7A4
:104DF000FE1F2383075E8280411106C622C4004540
:104E000097C0FE1FE780806D228575F8B24022446E
:104E100097F7FE1F23A4075C97F7FE1F238E075A00
:104E20004101828097F7FE1F9387474F23A0070C0D
:104E3000238E070A828017F7FE1F1307273C1C43A7
:104E40009306001094C301000100010001001C43FF
:104E500023A007008346150003482500A206420848
:104E6000C29603480500C296034835006208C29600
:104E700094D78346550003486500A2064208C296AF
:104E800003484500C296034875006208C296D4D70D
:104E9000834695000348A500A2064208C29603482F
:104EA0008500C2960348B5006208C29694DB83462B
:104EB000D5000348E500A2064208C2960348C50093
:104EC0000345F500C2966205AA96D4DB83C6150099
:104ED00003C52500A2064205AA9603C50500AA96A9
:104EE00003C535006205AA9694CF83C6550003C555
:104EF0006500A2064205AA9603C54500AA9603C509
:104F000075006205AA96D4CF83C6950003C5A50097
:104F1000A2064205AA9603C58500AA9603C5B50058
:104F20006205AA9694D383C6D50003C5E500A20600
:104F30004205AA9603C5C50083C5F500AA96E205F9
:104F4000AE96D4D3D443F59AD4C3D44393E6160093
:104F5000D4C3944393E6160094C3BA879443D842CB
:104F6000058B59E3984E01452300E6009843184FFE
:104F70002183A300E6009843184F41832301E600F4
:104F80009843184F6183A301E6009C43D84F230246
:104F9000E600D84F2183A302E600D84F41832303C4
:104FA000E600D84F6183A303E60098532304E6008C
:104FB00098532183A304E600985341832305E60018
:104FC00098536183A305E600D8532306E600D8531F
:104FD0002183A306E600D85341832307E600DC5370
:104FE000E183A307F600828001008DBF011122CC6E
:104FF0002A84354506CE2EC632C4452397F7FE1FB8
:105000009387C722984322853C4B93E707083CCB04
:105010002246B245EFF03FE2F240624401450561AD
:10502000828097F7FE1F9387672098433C4B93E756
:1050300007083CCB010001000100010097F7FE1FAB
:105040009387C71B9C4303A7450E160513650508E8
:1050500088C398CB03A7850E0145D8CB03A7C50B02
:1050600098CF03A7050CD8CF03A7450C98D303A767
:10507000850CD8D303A7C50C98D703A7050DD8D79F
:1050800003A7450D98DB03A7850DD8DB03A7C50D46
:1050900098C703A7050ED8C798431367070498C39A
:1050A000828097F7FE1F9387671898433C4B93E7DE
:1050B00007083CCB010001000100010097F7FE1F2B
:1050C0009387C7139C4303A7C50E160513650508F0
:1050D00088C398CB03A7050F0145D8CB03A7C50B01
:1050E00098CF03A7050CD8CF03A7450C98D303A7E7
:1050F000850CD8D303A7C50C98D703A7050DD8D71F
:1051000003A7450D98DB03A7850DD8DB03A7C50DC5
:1051100098C703A7050ED8C798431367070498C319
:10512000930700F817F7FE1F2301F70E828097F709
:10513000FE1F9387E70C9C43B7068000B7050082EB
:105140009843FD15558F98C31307F00F98DF130789
:105150000005D8DBD857B7060080558FD8D7D4576D
:1051600017F7FE1F034787ED131687011377F70321
:10517000ED8E6607558FD8D7618617F7FE1F130788
:1051800027109306A003184363DCC600744F37064C
:105190000007D18E74CF370702001307C72099A0EC
:1051A0009306200263DAC600744F370600F97D16B5
:1051B000F18E37060005F1BFB70600F99385F6FFBB
:1051C000744F6945ED8E6355C50037060003D1B7AE
:1051D000B7050001CD8E74CFE35F06FA37070200F2
:1051E00013070721D8DF984B137707FC1367E700F5
:1051F00098CB37E700E0D147A309F70497C7FE1F14
:10520000938747DC93E717007CD78280931785014B
:10521000E18763C807061377050499472DE3130751
:10522000A0039147636DA7041307A0028D4763682D
:10523000A7041307200289476363A70469478547CA
:10524000636FA70251478147636BA7024947FD5728
:105250006367A7023947F5576363A7022947ED57EC
:10526000636FA7001947E157636BA7001147D95730
:105270006367A7000947B1576373A700C5573E8509
:105280008280A547EDBFB557634DF50449578D475B
:105290006347E5045D5795476343E50465579D47BC
:1052A000634FE5027157AD47634BE5027957BD4740
:1052B0006347E502CD4763440502D5470DC1054765
:1052C000ED47630EE5000947930730026309E500E7
:1052D0000D479307B0036314E5009307B0023E85C2
:1052E00082808547EDBF9387C1969C4399CB944BB1
:1052F000D04B9842518F98C294439C479842D98F83
:105300009CC297F7FE1F9387A7EF17F7FE1F03476F
:1053100007F017F6FE1F130666F105489C431307B6
:10532000E7091442631E050388431365050888C313
:10533000C8468177FD17E98FDCC60F1000001C42BC
:10534000B7060200AD0594C7930600F817F6FE1FD6
:10535000230CD6EA8A05BA958605ECD3C8C78280A5
:1053600088431375F5F788C3C8468177FD17E98F21
:10537000DCC60F1000001C42B7060200A90594C746
:10538000930600F817F6FE1F2300D6E88E05E1B756
:105390009387C1969C4389CFD44303A88700984242
:1053A0003367070198C2D447DC4B9842D98F9CC21F
:1053B00097F7FE1F9387C7E405479C439505631E37
:1053C000E50298438E051367070898C3984F137733
:1053D00007C01367A71398CF13078007A389E700B7
:1053E0009385C50397F7FE1F23A6B7E211C60606ED
:1053F00097F7FE1F23A0C7E2828098439205137798
:10540000F7F798C3984F137707C01367271398CF00
:105410001307F007A389E700E1B711C93717004068
:10542000835787012168B3E70701231CF7008E0526
:1054300097F7FE1F238DB7DC97F7FE1F938747DC96
:1054400022069C43498E4D8EB70510004D8EB0D775
:10545000B85713674700B8D7B85791C6B7060400C6
:10546000558FB8D78280B706FCFFFD16758FD5BF64
:10547000411106C617F7FE1F034747D9A14763111D
:10548000F70497F7FE1F83C7A7DA858B17F6FE1F71
:10549000034636DC97F6FE1F83C6A6DBBDC797F72B
:1054A000FE1F9387E7DAC8432DC183451500090520
:1054B000EF00500C11C5854717F7FE1FA308F7D45E
:1054C00017F7FE1F034787D49947631CF70097F728
:1054D000FE1F9387A7E4FC5F83C7B70095CBEFF06F
:1054E0002FE017F7FE1F034767D29D476312F702AD
:1054F00097F7FE1F938787E283A7070983C7770083
:1055000081CBB24041016FC0102F814501454DB79D
:10551000B2404101828017F7FE1F130727D11C43B9
:10552000B44B93F6F68FB4CB944393E6860094C3C2
:105530009C438D83858B89C7010001000100010018
:1055400097F7FE1F9387C7CB94439C4293F7F7CFFF
:1055500093E707109CC297F7FE1F938767D290438B
:10556000B706CEFFFD161C46F58F1CC61C43370739
:105570000300B8CB9387C1969C4399CBD443904703
:105580009842518F98C2944BDC4B9842D98F9CC261
:1055900097F7FE1FA38B07C6828097F7FE1F93879E
:1055A000E7C89C439C438D8B638307104111B7E789
:1055B00000E04AC003A9070026C23707200006C63C
:1055C00022C4AA843379E90023A0E7180F10000051
:1055D00017F7FE1F034777C38D4717F4FE1F130409
:1055E00064C2631BF70097F7FE1F938767C49C4B49
:1055F00001468145454582971947639CE40497F726
:10560000FE1F83C7B7C099CB97F7FE1F83C707C09C
:105610006396970097F7FE1FA38A07BE834774001F
:1056200021476318F7009307801017F7FE1F231F09
:10563000F7BC97F7FE1F2382079EEFF0DFEDB24025
:105640002244B7E700E023A0271192440249410118
:1056500082809D47639FF40097F7FE1F83C717BBA7
:10566000D5DF17F7FE1F034767BA8D47E318F7FA30
:1056700055B783467400630BD700034774006387F4
:10568000E700834774002147E315F7FA97F7FE1FF9
:1056900083C7D7B7D9FF8347740017F7FE1F2307C7
:1056A000F7B6854717F7FE1FA302F7B659B78280F2
:1056B0005D7156DA97FAFE1F938A8AB403A70A002F
:1056C00086C6A2C4A6C2CAC04EDE52DC1C4317FA6C
:1056D000FE1F130AEABA97F9FE1F938929B593F7BB
:1056E000F7CF93E707101CC383260A003707CEFFC6
:1056F0007D179C463709030013068002F98F9CC66C
:1057000083A709002A84AE8423A8270593051008DF
:10571000280097B0FE1FE780A0203545EFF0FFE797
:1057200083A70A009376F41F3706330023A40700EB
:10573000984B13098915617F1367F70398CBF84FCE
:10574000CE88130510F8137707E0558FF8CF9843EC
:10575000D68552881367070898C317F7FE1FA3055D
:1057600007AA83A6090017F7FE1FA30D07A8054780
:1057700098C29843A1629303401F1377F7CF98C351
:1057800098437D1F85491377F7CF1367072098C388
:1057900003270A00930F80021C47D18F1CC723A840
:1057A00026050147340011491353370026938347D8
:1057B000030013767700B3D7C740858BDDCF9C41BC
:1057C000832E080023AC070423A0070603AECE02F5
:1057D000137EDEFF23A6CE0383AE0700137EF707FA
:1057E00093FE0EF833EECE0123A0C70103AE4702AD
:1057F000336E5E0023A2C70383AE0800014E23A2CE
:105800007E0603AA070663074E0303AE0703038A57
:105810000600135EFE00620E135E8E416358CA01DD
:1058200003AE0703135EFE002380C60103AE070626
:10583000137EFE0F03AA4E0663060A0003AA87051D
:10584000E37F49FB03AE4702337EEE0123A2C70389
:1058500083870600635CF400034E03003396C9009F
:105860001346F6FF3376C6012300C3003E8663D39A
:10587000A7002A8613158601618505071377F70FA0
:105880008506E313F7F398411C4B93F707FC93E766
:10589000E7001CCBB640264496440649F259625AAA
:1058A000D25A61618280011122CC2A8411452EC610
:1058B00032C436C206CEEFF05FCE97F7FE1F938755
:1058C00027949C43B7083300D857719B1367170080
:1058D000D8D717F7FE1F13076795084313078007EC
:1058E00078D198431377F7CF98C398431377F7CFBE
:1058F0001367072098C317F7FE1F1307679818430D
:10590000B2459246032887002246336818012324B3
:105910000701370803001308882523280505CDC192
:105920004C5713640404F5994CD71377F40780435C
:10593000137404F8598C3747767180C31307971294
:1059400098C7375755001307575517F4FE1F130410
:10595000648BD8C31C50B6853CDD97F7FE1F2384AB
:10596000078A97F7FE1FA380078A97F7FE1F238DEC
:1059700007885C41F99B5CC19147014517F7FE1F01
:10598000A305F78897C0FE1FE780808A9387C1969A
:10599000984311C7544318479C42D98F9CC28347F0
:1059A0003400858B91CB97F7FE1F83D7A797850788
:1059B00017F7FE1F2318F796F240624405618280B4
:1059C0004C57F5994CD71377F4078043137404F8B8
:1059D000598C37C7898E80C3130767ED95B70111BE
:1059E00026CA4AC84EC6C1643709006AB70900AC66
:1059F00022CC52C406CE0544FD141309690E9389C6
:105A0000E90C130A000205E49305000F4145EFF08D
:105A1000DEDEB7B7006A4205938767CE5D8DF24040
:105A20006244D2444249B249224A05618280A68535
:105A30000145EFF0DEDE9317850013F7071033E51D
:105A4000270119C333E5370181470147E145B356C3
:105A5000F50085073356F500858A058A6307D60069
:105A600005071377F70F63E4E504E39247FF8147E7
:105A70001306F003ED463357F5001377F70305CB14
:105A80006307C7028507E398D7FE1357850093770E
:105A9000F50F1377F70FE394E7F813570501137722
:105AA000F70FE39EE7F613578501E39AE7F605043F
:105AB0001374F40F89BF17E7FE1F0347177591474B
:105AC0006309F70C97E7FE1F938747739843B7C79F
:105AD000004093870730631EF70A0111354506CE53
:105AE00022CC26CA4AC84EC6EFF03FAB97E9FE1F4C
:105AF000938909711D2AEF003039EFF04FE383A736
:105B0000090017E9FE1F1309A977B7063300984368
:105B100097E4FE1F9384847137040300136707081A
:105B200098C398431377F7CF98C398431377F7CF69
:105B30001367072098C3032709001C47D58F1CC78C
:105B40009C4013078455B8CBEF00304CEF10B01ECB
:105B5000EF00D03EEF00D04703A709001C4393F7A6
:105B6000F7CF93E707101CC3832609003707CEFF42
:105B70007D179C46F2404249F98F9CC69C40B24931
:105B8000D244A0CB624497E7FE1FA380076805615B
:105B900082808280B7C700401387073097E6FE1FD8
:105BA00023AEE66413870720411197E6FE1F23AF5B
:105BB000E6669387071037D7004022C497E6FE1F9A
:105BC00023A0E66C17E4FE1F1304C46317E7FE1F4F
:105BD0002328F7628547A303F40097E7FE1F938706
:105BE000A7449C4306C65CD0938707111CD097B787
:105BF000FE1F9387873D23A8F196EFF0DFEBB7E711
:105C000000E0A305040003C7574113670708A38AF0
:105C1000E740B24037071000224423A0E7103707BF
:105C2000200023A0E7104101828017E7FE1F130721
:105C3000A73F0307470197E7FE1F9387275F9C4312
:105C40006358070413074008D8CBD8D3D8DBF8C370
:105C500013076007D8CF9306E006D4D7D4DFF8C780
:105C6000130780072393E700F84BB7060080558F92
:105C7000F8CB5147F8CB17E7FE1F1307A758585327
:105C8000F8DF7D5798C737071F003D07D8C78280C8
:105C90001307C00855BF97E7FE1F9387675E9843B9
:105CA00017E6FE1F1306C65897E7FE1F9387475552
:105CB00094438347160013F8F707D9C588425C421E
:105CC000137505F83365050188C213F5150001C980
:105CD00093F5050341456386A506938787C14C5715
:105CE0004168130808A093E525004CD7B3D50703F6
:105CF000B70810FEFD18B3F70703FD89139545019A
:105D00006C43B3F51501C98D6CC39305A00F37051E
:105D1000FCFFAA07B3D7B7026C43E98DBA07B98372
:105D2000CD8F7CC383470600898B99CB9C4293F728
:105D3000F70713E707049C4293F707F8D98F9CC233
:105D400082809387078361BF5C57F59B5CD79C4239
:105D500093F707F8B3E707019CC2E9B7411106C6FC
:105D600097E7FE1F238D074EEFF0EFFAB240014593
:105D7000410182807971B7E700E026D2844337077A
:105D8000200006D622D44AD04ECE52CC56CAF98C28
:105D900023A0E7180F10000017E4FE1F1304444966
:105DA000184409EF23A097100545B250225492548D
:105DB0000259F249624AD24A4561828017E7FE1FC2
:105DC0001307C7550327470A09C723A0971009459A
:105DD000E9BF83470400328AB689858B2E86AA8A5A
:105DE000BDC717E9FE1F1309A9468327490095E39C
:105DF00017E5FE1F034595452EC60905930590043A
:105E000097B0FE1FE780605E324697E7FE1F23A330
:105E1000A7448327490099E7B7E700E023A097103C
:105E20000D4561B717E7FE1F0347A7422380E70030
:105E300083274900638F0A0429CEA380C700032566
:105E40004900D685090597B0FE1FE78040A617E7F1
:105E5000FE1F0347973B9547630CF70097E7FE1F2C
:105E600083C7C73A19476385E7000D476396E70282
:105E700097E7FE1F83C7973999E79307801017E7C5
:105E8000FE1F2315F738B7E700E023A09710014560
:105E900029BFA380070065BF17E9FE1F1309093951
:105EA0008327090098430D8B0DC717E7FE1F2306B4
:105EB0000716B84B1377F78FB8CB98431367870053
:105EC00098C39C438D83858B89C701000100010025
:105ED0000100832709003707020097EAFE1F938A13
:105EE0002A3723A2070698C797E7FE1F238E07309D
:105EF00097E7FE1F83C78736918B89EB97E5FE1FD7
:105F000083C5053393F70504639C0712814517E5A4
:105F1000FE1F0345F531EFF01FD817E5FE1F0345BF
:105F200025311185014697E5FE1F83C525320D8970
:105F3000EFF00FC617E7FE1F1307872C14441C430E
:105F400094C75444D4C383260900834704003A8489
:105F500013F61700DC42F99BD18FDCC283A74A00FD
:105F6000BCDE97E7FE1FA386472F97E7FE1F23821D
:105F7000372F83C7EA0093E7470097E6FE1F238089
:105F8000F62E9307000497E6FE1F238DF62697E76B
:105F9000FE1F238B0726A14797E6FE1FA387F62641
:105FA00097E7FE1F938747089C5791CB1306006421
:105FB000C14517E5FE1F0345A52AEFE01EF2832722
:105FC00009001705000013052533DC43858B89E79D
:105FD000170500001305C507EFF0CEC1184097E67E
:105FE000FE1F9386E629370633001C4393F7F7CF4D
:105FF0001CC31C4393F7F7CF93E707201CC39C42B5
:106000009847518F0326090098C7370703001307E5
:10601000871538CA17E7FE1FA308071E17E7FE1FDC
:10602000A302071E054718C2D8431377F7EFD8C35A
:106030000100010098425C4393E707105CC3A1B5DF
:1060400093F5050393E515004840F1B5011197E775
:10605000FE1F83C7371B06CE22CC26CA4AC8858BB3
:1060600017E7FE1F1307071A6386072497E7FE1F2B
:10607000A38A07183A84A30701004453EFF01FCE08
:1060800097E7FE1F83C7871D918B97E6FE1F9386B8
:10609000261C17E9FE1F1309A919638A071A83C76B
:1060A0001400A69703C7070093070008631AF700B8
:1060B0008347090093E7870017E7FE1F230AF716B7
:1060C0005C4C0D47637FF710F11717E7FE1F23297C
:1060D000F7145C4C984663EDE7103387E74083C7BD
:1060E000140003C6C600A69783C717006206618620
:1060F0008E076350061263F4E7101D8F93060002AB
:1061000063EBE600584C636FF70EB307F74017E7F1
:10611000FE1F2323F714894517E5FE1F0345451489
:10612000EFE0FEBB83470900A18B638D071097E763
:10613000FE1F9387A70F94439307800C1307F00F5C
:10614000FCD21C5037063300014598C397E7FE1F69
:10615000238B070A97E7FE1FA387070A97E7FE1F0F
:106160002384070A97E7FE1FA380070A97E7FE1F0D
:106170009387070998431C4393F7F7CF1CC31C432D
:1061800093F7F7CF93E707201CC397E7FE1F93878A
:10619000270F984397E5FE1F83C5850991851C4706
:1061A0008D89D18F1CC7B707030093878725BCCA89
:1061B000054697B0FE1FE780A00783470900DD9BD7
:1061C00017E7FE1F2306F70697E6FE1F83C666083D
:1061D00017E6FE1F0346F60781450145EFF09FB91C
:1061E000E1A017E7FE1F1307E7E85843BA97E9BD98
:1061F00017E6FE1F130606E85042B297F9BD338733
:10620000E740EDBD97E6FE1F9386C6E6D44236977B
:10621000EDBD584C6361F702B307F74017E7FE1F67
:10622000232CF70283C7C60093E7070817E7FE1F72
:106230002306F702CDB517E6FE1F1306A6E350426C
:106240003297D9BF83C71400F917A380F4004850D0
:10625000814681451306F10097B0FE1FE78020F4C8
:106260005C50931585019306F00F03C70700E18585
:10627000630CD70097E7FE1F83C7B7FD6386D7007F
:106280006304F70093E525008307090063C707004F
:1062900089E58347F1002380F400832709015050EA
:1062A00093F5F50F0D458297F2406244D24442497E
:1062B0000561828097E7FE1F938747F79C43FC5355
:1062C00099EFEFF0BFA997E7FE1F9387E7D59C5B97
:1062D000E38C07EE8545130510088297F5B58347D3
:1062E00077002147E312F7FC854717E7FE1F2306D7
:1062F000F7D25DBF797197E7FE1F83C7A7F006D677
:1063000022D426D24AD04ECE52CC858B17E7FE1F20
:10631000130747EF638407260329470281461306C4
:10632000F10081454A853A84A307010097E7FE1FE3
:10633000238A07EC97B0FE1FE78060E6131A8501F9
:10634000135A8A4163120A0297E7FE1F83C777F048
:106350009306F00F638AD700585003470700630580
:10636000D7006303F700094A97E4FE1F938444ECC7
:106370008387040097E9FE1F938989ED63C607149C
:1063800063160A148347F1002300F90083C7C9008C
:10639000918BD1CB5C4C0D47637DF716F11717E756
:1063A000FE1F232FF7E65C4C03A7890063EAE7167C
:1063B0003387E7408347190083C6C900CA9783C75C
:1063C0001700E206E1868E0763DD061663F1E71625
:1063D0001D8F9306000263EBE600584C636CF714C4
:1063E000B307F74017E7FE1F2328F7E6894517E5AF
:1063F000FE1F0345E5E6EFE09E8E83471900330755
:10640000F90083460700130700086395E6161C5041
:106410001307F00F98C383C7040093E7870017E7BB
:10642000FE1F2307F7E097E7FE1F938767E5984372
:106430005C578583858BA1C3DC40C165938505A02E
:10644000B3D6B702370510FE7D15B3F7B702FD8A44
:10645000139646017443E98ED18E74C39306A00F40
:106460003706FCFFAA07B3D7D7027443F18EBA07E9
:10647000B983D58F7CC383A7490017E5FE1F034569
:1064800025DB118583C517000D89EFE0DFE51705D2
:10649000000013056513EFE0FEF597E7FE1F9387F5
:1064A00027D69C43B70680009843558F98C3D8578A
:1064B000719BD8D783C70400A18BA1E79C4850509B
:1064C00081450D45829735A8E3020AECEFF0AF84D1
:1064D0009C4850500D459375FA0F829703A54900CB
:1064E00017E6FE1F0346F6D697E6FE1F83C666D65E
:1064F00009C583451500090519A081450145EFF03F
:106500007F87B250225492540259F249624A45613F
:10651000828017E7FE1F1307E7B55843BA97BDBD42
:1065200097E6FE1F938606B5D442B69751B53387DA
:10653000E74045B597E6FE1F9386C6B3D44236972B
:1065400045B5584C6361F702B307F74017E7FE1FE4
:106550002324F7D083C7C90093E7070817E7FE1F76
:10656000230EF7CE61B597E6FE1F9386A6B0D44200
:106570003697D9BFF917A300F90075B597E7FE1F45
:106580009387C7CA9C43FC539DE3EFF02FFD97E729
:10659000FE1F938767A99C5B89C78945130510086F
:1065A000829797E7FE1F9387A7CAC84315BF834703
:1065B00077002147E317F7F4854717E7FE1F230EFF
:1065C000F7A481B7411197E7FE1F83C7B7C306C67B
:1065D00022C4858B8DCB97E7FE1FA38507C2EFF002
:1065E000EFF797E7FE1F9387A7C403C707003E8412
:1065F000218B21E703A30701014681451145224470
:10660000B2404101028397E7FE1F938727C29C4354
:10661000FC53ADE797E7FE1F238807BE97E7FE1FF1
:10662000938707C103C707003E84218B19E703A3A3
:106630000701014681455145D9B797E7FE1F93876A
:1066400027C1C84317E6FE1F0346B6C097E6FE1FE4
:1066500083C626C00DC1834515000905EFF08FF1F3
:1066600083470400DD9B17E7FE1F2303F7BCB240FE
:1066700022444101828081450145CDB7854717E716
:10668000FE1F230CF798E5B797E7FE1F938747BFD8
:106690009C4313070048B70600F998D7D85FFD164A
:1066A000758FB7060002558FD8DFD85FB706004058
:1066B0000E070D83558FD8DFF84BC576FD16419B2D
:1066C00013679700F8CBD85F758F9566558FD8DF25
:1066D000985B9D661367077098DB985B558F98DB16
:1066E000985BB7060700558F98DB985BB70600905C
:1066F000FD16758FB7060010558F98DBF847B70663
:10670000F9FFFD16619BF8C7F84F758FF8CFF84F6A
:10671000B70690FFFD16758FF8CF17E7FE1F0347EA
:10672000E7911377070C19C7B847B7060080558F54
:10673000B8C78280B84706070583DDBF17E7FE1F8D
:10674000130707B41C4341767D16B44BF18EB4CBCE
:10675000944737062000D18E94C7D44793E60601AC
:10676000D4C7D447BD9AD4C701000100010001007D
:1067700014430566DC4693E70701DCC6DC42D18F93
:10678000DCC297E7FE1F938767AA904393074006F2
:106790007CD27C5291C783A7C609A183858BF5DB88
:1067A00001000100010001001C43416603A7C70965
:1067B000B44BD18EB4CB9376F701B84B019B558F78
:1067C000B8CB9847B706E0FFFD16758F98C7828053
:1067D00097E7FE1F9387C7AA9C4341777D17B44F65
:1067E0004166F98EB4CF9447D18E94C7D44793F6BF
:1067F000F6EFD4C7D443758FD8C3D44793E60610B9
:10680000D4C7D843518FD8C38280397122DC17E4B2
:10681000FE1F1304E4A61C4006DE26DA4AD84ED634
:1068200052D456D25AD05ECE62CC66CA6AC86EC600
:10683000D843FD76FD161377F7EFD8C39857758FB9
:1068400098D7D857B70602003D9BD8D79847558FA1
:1068500098C7D84313670701D8C317E7FE1F13076C
:10686000A7A114433757341213078767E38FE64A0B
:10687000D84381749384F40F799BD8C3985FB16631
:10688000938606F0658F558F98DFD84313671700FE
:10689000D8C397B0FE1FE780A0B11C4003A707092B
:1068A0001377F703238AE19603A747092983137710
:1068B000F707A38AE196D843B96693860670799B59
:1068C000D8C3985F658F558F98DFD843136717003B
:1068D000D8C397B0FE1FE780A0AD1C4003A70709EF
:1068E0001377F70397E6FE1FA38EE69803A74709E1
:1068F00029831377F70797E6FE1F2381E698D8438D
:10690000B56693860630799BD8C3985F658F558F9F
:1069100098DFD84313671700D8C397B0FE1FE780EE
:1069200020A918408327070993F7F70397E6FE1F6E
:10693000238AF69483274709A98393F7F70717E774
:10694000FE1F2309F7921C4017ECFE1F034C8C938B
:1069500083C6419703A7070AB386864113F6F6005C
:10696000419B518F23A0E70A130760023387E60299
:106970001306700283A5070A7D7E130EFE0F93F5A2
:10698000F5F01305400245737D13130430023347BD
:10699000C702B708F1FFFD1813082002930E10027A
:1069A0007D4FF94FF542F1436D4DD14B454BBD4401
:1069B0003949314AAD4AB5493D8B12074D8F930590
:1069C000500223A0E70A3387B60283A5070AB3F56E
:1069D000C5013347C7023D8B22074D8F23A0E70A2D
:1069E0003387A60283A5070A370500F17D15B3F5A5
:1069F00065003347C7023D8B32074D8F23A0E70A5E
:106A00003387860283A5070A6144B3F5150133472E
:106A1000C7023D8B42074D8F23A0E70A3387060349
:106A200083A5070A370810FF7D18B3F50501334722
:106A3000C7023D8B52074D8F23A0E70A3387D60349
:106A400083A5070AB70E0010FD1EE98D3347C70264
:106A50003D8B62074D8F23A0E70A139756003347FB
:106A6000C7029315C70103A7070A3377D7014D8FD4
:106A700023A0E70A3387E6035D4F3347C7029375C8
:106A8000F70003A7470A419B4D8F23A2E70A3387EC
:106A9000F60383A5470AD94F93F5F5F03347C702AC
:106AA0003D8B12074D8F23A2E70A3387560283A539
:106AB000470AD542B3F5C5013347C7023D8B2207CC
:106AC0004D8F23A2E70A3387760283A5470ACD4379
:106AD000B3F565003347C7023D8B32074D8F23A2C4
:106AE000E70A3387A60383A5470A494DB3F5150185
:106AF0003347C7023D8B42074D8F23A2E70A694700
:106B00003387E60283A5470AB3F505013347C70279
:106B10003D8B52074D8FE54523A2E70A3387B60226
:106B200083A5470AE98D3347C7023D8B62074D8F26
:106B300023A2E70A338786020D443347C702931521
:106B4000C70103A7470A3377D7014D8F23A2E70A6E
:106B50003387E603254F3347C7029375F70003A732
:106B6000870A419B4D8F23A4E70A3387F60383A549
:106B7000870A9D4F93F5F5F03347C7023D8B120707
:106B80004D8F23A4E70A3387560283A5870A9942CB
:106B9000B3F5C5013347C7023D8B22074D8F23A4B0
:106BA000E70A3387760383A5870AB3F56500334781
:106BB000C7023D8B32074D8F23A4E70A3387760245
:106BC00083A5870A9543B3F515013347C7023D8B6B
:106BD00042074D8F23A4E70A3387A60383A5870ABC
:106BE000294DB3F505013347C7023D8B52074D8F41
:106BF00023A4E70A3387660383A5870AE98D334711
:106C0000C7023D8B62074D8F93954600B3C5C50201
:106C100023A4E70A03A7870A3377D701F2054D8F2C
:106C2000B385960223A4E70A03A7C70A419BB3C50D
:106C3000C502BD894D8F23A6E70A3387260383A5A6
:106C4000C70A93F5F5F03347C7023D8B12074D8F06
:106C5000B3C5860223A6E70A03A7C70A3377C7018D
:106C6000BD89A2054D8F23A6E70A3387460383A576
:106C7000C70AB3F565003347C7023D8B32074D8F16
:106C800023A6E70A3387560383A5C70AB3F5150180
:106C90003347C7023D8B42074D8F23A6E70A338750
:106CA000A60383A5C70AB3F505013347C7023D8B89
:106CB00052074D8F23A6E70A3387E60383A5C70A49
:106CC000E98D3347C7023D8B62074D8F93953600A0
:106CD000B3C5C50223A6E70A03A7C70A3377D701BE
:106CE000F2054D8FB385F60323A6E70A03A7070B2A
:106CF000419BB3C5C502BD894D8F23A8E70A3387E1
:106D0000560283A5070B93F5F5F03347C7023D8B79
:106D100012074D8F23A8E70A3387760283A5070B56
:106D2000B3F5C5013347C7023D8B22074D8F23A81A
:106D3000E70A139726003347C70283A5070BB3F56D
:106D400065003D8B32074D8FB3C5360323A8E70A94
:106D500003A7070B33771701BD89C2054D8F23A801
:106D6000E70A139716003347C70283A5070BB3F54D
:106D700005013D8B52074D8FB3C5C60223A8E70A14
:106D800003A7070B698FBD89E2054D8F23A8E70A8A
:106D900003A7070B930580023377D70123A8E70ADF
:106DA00017D7FE1F0347174E3307EC40B34DB7020A
:106DB00083AC470B93FC0CFFB34B770393FDFD00B3
:106DC000B3ECBC0123AA970B83AC470BCD4D93FCCE
:106DD000FCF093FBFB00920BB3EB7C0123AA770B37
:106DE000B30B870283AC470BB3FCCC01B3CBBB0224
:106DF00093FBFB00A20BB3EB7C01B34CA70323AACC
:106E0000770B83AB470BB3FB6B0093FCFC00B20C1E
:106E1000B3EB9B0123AA770BA14BB34B770383AC56
:106E2000470BB3FC1C0193FBFB00C20BB3EB7C01D3
:106E300023AA770BB30B570283AC470BB3FC0C01AF
:106E4000B3CBBB0293FBFB00D20BB3EB7C0123AAB9
:106E5000770BB30BF70383AC470BB3FCAC00B3CB9E
:106E6000BB0293FBFB00E20BB3EB7C01B34C77025C
:106E700023AA770B83AB470BB3FBDB01F20CB3EB1D
:106E80009B01B30CE70323AA770B83AB870B93FB20
:106E90000BFFB3CCBC02B30A570393FCFC00B3EB6B
:106EA0009B0123AC770B914B83AC870B93FCFCF0DD
:106EB000B34B7703330A470393FBFB00920BB3EB0F
:106EC0007C0123AC770B83AB870BD54CB3FBCB0199
:106ED000B3CABA02B309370393FAFA00A20AB3EAB3
:106EE0005B0123AC570B83AA870BD94BB3FA6A001B
:106EF000334ABA0233092703137AFA00320A33EA13
:106F00004A0123AC470B03AA870BE14A337A1A01E3
:106F1000B3C9B902B304970293F9F900C209B3697E
:106F20003A0123AC370B83A9870B654AB3F90901F2
:106F30003349B902B3C4B4021379F900520933E9F1
:106F4000290123AC270B03A9870BE9493379A90051
:106F5000330B6703BD88E204B3649900131947003B
:106F600023AC970A83A4870BB3F4D4013349B90245
:106F7000334BBB027209B3E4240123AC970A83A408
:106F8000C70BC198137BFB0033EB6401C944B30406
:106F9000970223AE670B03A9C70B5D4B1379F9F07A
:106FA000B3C4B402BD889204B364990023AE970AB7
:106FB000B304B70303A9C70BF54D3379C901B3C4B3
:106FC000B402BD88A204B364990023AE970A894431
:106FD000B344970203A9C70B33796900BD88B20493
:106FE000B364990023AE970AB304970303A9C70BB0
:106FF000F94C33791901B3C4B402BD88C204B36437
:10700000990023AE970AB304770303A9C70BFD4B7E
:1070100033790901B3C4B402BD88D204B3649900C2
:1070200023AE970AB304670303A9C70B130B10021F
:107030003379A900B3C4B402BD88E204B3649900F3
:1070400023AE970AB304570303A9C70B930A200280
:107050003379D901B3C4B402F204B364990023AE06
:10706000970AB304470303A9070C130A30021379E4
:1070700009FFB3C4B402BD88B364990023A0970C80
:10708000B304370303A9070C930940021379F9F0FD
:10709000B3C4B402BD889204B36499006D4923A0BF
:1070A000970CB304270303A9070C3379C901B3C4B0
:1070B000B402BD88A204B364990023A0970CF144E4
:1070C000B304970203A9070C33796900B3C4B4026F
:1070D000BD88B204B364990023A0970CB304B7032E
:1070E00003A9070C33791901B3C4B402BD88C204E3
:1070F000B364990023A0970CB304970303A9070C6A
:1071000033790901B3C4B402BD88D204B3649900D1
:1071100023A0970CB304770303A9070C3379A900C4
:10712000B3C4B402BD88E204B364990023A0970CF1
:1071300093145700B3C4B4021399C40183A4070C79
:107140003306C702B3F4D401B3E4240123A0970C9F
:1071500003A9470C137909FFB3046703B3C4B4024E
:10716000BD88B364990023A2970CB304570303A905
:10717000470C1379F9F0B3C4B402BD889204B36428
:10718000990023A2970CB304470303A9470C337952
:10719000C901B3C4B402BD88A204B364990023A298
:1071A000970CB304370303A9470C33796900B3C4C0
:1071B000B402BD88B204B36499001309500223A23B
:1071C000970CB304270303A9470C33791901B3C4FF
:1071D000B402BD88C204B364990023A2970C93043F
:1071E0006002B304970203A9470C33790901B3C4C1
:1071F000B4023346B602BD88D204B364990023A218
:10720000970C83A4470CE98C3D8A6206458E23A225
:10721000C70C03A6470C9314C7013376D601458EDD
:1072200023A2C70C130690023306C70283A4870C5F
:10723000C1983346B6023D8A458E23A4C70C130677
:10724000A0023306C702B345B60203A6870C137625
:10725000F6F0BD899205D18D23A4B70C97D5FE1FFA
:1072600083C5450117D6FE1F034646013386C54038
:10727000B304A60303A9870C3379C901B3C4E4029C
:1072800093E48400BD88A204B364990023A4970CFE
:10729000B304E60303A9870C33796900B3C4E4029D
:1072A00093E48400BD88B204B364990023A4970CCE
:1072B00093143600B3C4E40203A9870C337919018F
:1072C00093E48400BD88C204B364990023A4970C9E
:1072D000B304F60303A9870C33790901B3C4E402AC
:1072E00093E48400BD88D204B364990023A4970C6E
:1072F000B304560203A9870C3379A900B3C4E4028E
:1073000093E48400BD88E204B364990023A4970C3D
:10731000B304760203A9870C3379D901B3C4E4021C
:1073200093E48400F204B364990023A4970C9314AB
:107330002600B3C4E40203A9C70C137909FF93E440
:107340008400BD88B364990023A6970CB304860219
:1073500003A9C70C1379F9F0B3C4E40293E48400E1
:10736000BD889204B364990023A6970C9314160069
:10737000B3C4E40203A9C70C3379C9013347E60259
:1073800093E48400BD88A204B364990023A6970CFB
:1073900003A6C70C33766600136787003D8B320760
:1073A000518F23A6E70C03A7C70C3377170123A639
:1073B000E70C03C751970D8F3346D70293F5F507B6
:1073C000E2053D8A9314460103A6C70C33048702E5
:1073D00033760601458E23A6C70C1316170083A427
:1073E000C70CE98C3346D6023D8A6206458E23A639
:1073F000C70C03A6C70C3344D402B37ED6011316C0
:107400002700B3037702720433E48E0023A6870CAF
:107410003346D602B3025702937EF60003A6070D49
:10742000419A3366D60123A8C70C03A6070DB3C340
:10743000D3021376F6F0B3C2D20293F3F3009203B1
:10744000B363760023A8770C03A6070D337EC6012D
:10745000B30FF70393F2F200A202B3625E0023A817
:10746000570C03A6070D3373660013163700B3CF0E
:10747000DF02330FE70393FFFF00B20FB36FF30197
:1074800023A8F70D03A3070DB37813013346D602E3
:10749000330DA7033D8A420633E6C80023A8C70C74
:1074A00003A6070D33780601334FDF02B346DD0232
:1074B000137FFF00520F336FE80123A8E70D03A7E6
:1074C000070D798DBD8AE206C98E23A8D70CD84353
:1074D00085663D9BD8C3D843799BD8C39857558FB1
:1074E00098D7D857B7060081FD1613670701D8D77C
:1074F0001377FC0303AC8703137C0CFC336CEC00A8
:1075000023AC8703985F758FD98D8CDF6254F2505E
:10751000D2544259B259225A925A025BF24B624CEF
:10752000D24C424DB24D2161828097D7FE1F23A5D8
:1075300007D46FF04FC197D7FE1F938767D4984346
:107540005C4393E707105CC38280411106C6EF00DD
:10755000806F93056040EF20A002B24001454101D9
:1075600082806F00007419C591C509C68357060053
:1075700001459DE301110565C9471306F100130597
:1075800055C3854506CEA307F100EF10307FF240CA
:107590000345F100056182808280011197D7FE1FAB
:1075A0002384A7DC05651306F100130595C4854502
:1075B00006CEA3070100EF10707CF2400345F100F6
:1075C0000561828001111305910006CEEF00E06F86
:1075D0002304A1000565300025059D45EF10107AB4
:1075E000F240034581000561828001111305D1003D
:1075F00006CEEF00C06F2306A100096570000905E3
:107600009145EF10B077F2400345C10005618280DB
:10761000011106CE0127A307A10009651306F10099
:1076200015058545EF109075F2400345F1000561A1
:107630008280011106CEEF00E078A307A100096562
:107640001306F10029058545EF105073F2400345FC
:10765000F10005618280011106CEEF003006A3071C
:10766000A10009651306F10039058545EF10107179
:10767000F240014505618280011106CEEF00503FC6
:10768000A307A10009651306F10041058545EF1028
:10769000F06EF2400345F10005618280011106CED3
:1076A000EF00301DA307A10009651306F100450591
:1076B0008545EF10B06CF2400345F1000561828012
:1076C000411106C622C4EF0090238965CD052A84A6
:1076D000EF10106B2285B2402244410182800111DB
:1076E0001305510006CEEF00F03D2302A10009650D
:1076F00050006105A545EF107068F2400145056135
:107700008280411106C6EF00503F8965E505EF1004
:107710003067B240014541018280011106CE22CC82
:107720002A84EF00B0522306A1000965A306810058
:107730007000218069058D4523078100EF101064DA
:10774000F2406244014505618280011106CE22CCDF
:107750002A84EF0070622306A1000965A306810058
:10776000700021806D058D4523078100EF101061A9
:10777000F2406244014505618280011106CE22CCAF
:107780002A84EF0020762306A1000965A306810064
:1077900070002180130505028D4523078100EF103D
:1077A000F05DF2406244014505618280011106CE20
:1077B00022CC2A84EF00F0072306A1000965A30666
:1077C000810070002180130515028D45230781007B
:1077D000EF10D05AF24062440145056182800111E8
:1077E00006CEEF00705EA307A10009651306F10045
:1077F000130575028545EF107058F2400345F100FE
:1078000005618280011106CEEF005067A307A10039
:1078100009651306F100130595028545EF10105612
:10782000F2400345F10005618280011106CEEF00B0
:10783000B069A307A10009651306F1001305D5027D
:107840008545EF10B053F2400345F1000561828099
:10785000011106CEEF00506DA307A10009651306C4
:10786000F1001305E5028545EF105051F240034544
:10787000F10005618280011106CEEF00D06FA307F1
:10788000A10009651306F100130515038545EF10E6
:10789000F04EF2400345F10005618280411106C6B9
:1078A00022C4EF00D0718965938525032A84EF10E7
:1078B000304D2285B2402244410182803971130348
:1078C000D1021ACE0343810506DE1ACC03434105DB
:1078D0001ACA034301051AC80343C1041AC6034365
:1078E00081041AC4030341041AC2034301041AC0E9
:1078F000EF0070742306A10209657010130565037B
:107900008945EF10B047F2500345C10221618280E2
:10791000011106CEEF10001FA307A1000965130691
:10792000F100130575038545EF105045F2400345FE
:10793000F10005618280011106CEEF106035A307CA
:10794000A10009651306F100130585038545EF10B5
:10795000F042F2400345F10005618280011106CE3C
:10796000EF10E04EA307A10009651306F10013050F
:1079700095038545EF109040F2400345F100056105
:107980008280011106CEEF100067A307A1000965F0
:107990001306F1001305E5038545EF10303EF24074
:1079A0000345F10005618280011106CEEF100070E1
:1079B000A307A10009651306F1001305F50385452A
:1079C000EF10D03BF2400345F100056182800111C8
:1079D00006CEEF109003A307A10009651306F1007E
:1079E000130505048545EF107039F2400345F10099
:1079F00005618280011106CEEF101012A307A100CD
:107A000009651306F100130525048545EF101037AD
:107A1000F2400345F1000561828097D7FE1F239F46
:107A2000A79201458280011106CEEF10B019A3077D
:107A3000A10009651306F100130515058545EF1032
:107A4000F033F2400345F10005618280011106CE5A
:107A5000EF109020A307A10009651306F10013059C
:107A600025058545EF109031F2400345F100056191
:107A7000828097D7FE1F83D7078B99E79307F01F64
:107A800017D7FE1F2311F78A97D7FE1F83D7A78921
:107A9000A146014513F707108607C2073357D740A1
:107AA000C183598D13D6574013D79740318F058B1B
:107AB000FD161375F50FD98FF1FE17D7FE1F23148E
:107AC000F786828097D7FE1F83D7078681EBE17701
:107AD00093C7F7FF17D7FE1F2318F78497D7FE1F0A
:107AE00083D78784B94601451168194633F70701E2
:107AF0008607C2073357D740C183598D13D7E74054
:107B000093D5F700058B2D8FFD161375F50FD98FC3
:107B1000E39EC6FC17D7FE1F2318F7808280011151
:107B200026CA4AC84EC656C297C7FE1F9387876D9E
:107B300006CE22CC52C45AC0AE893289B68A84534A
:107B400035C9AD472A8463EEA7021304F5FF137409
:107B5000F40F631D0906268A338B990063124B07C5
:107B60001379F9009386FAFF228523802401A380EC
:107B7000340193F6F60F4E868545EFD0DFD20145EE
:107B800005A0B147630BF5029307600263E5A70008
:107B90001304E5FF6DBF930770024945E30BF4FA48
:107BA000F2406244D2444249B249224A924A024BCC
:107BB000056182801304500269BF1304600251BF43
:107BC000EFF03FEB2301AA00050A49BF8547631C7C
:107BD000F9004E869305000F138524009790FE1F31
:107BE000E78000D4B5BF89476316F9004E86930538
:107BF000A00ADDB78D47631DF900268A338B9900F3
:107C0000E3004BF7EFF01FEC2301AA00050ACDBFFC
:107C100091476316F9004E869305F00F75BF95479F
:107C20006315F9004E86814545BF99476315F900F4
:107C30004E86BD4555B79D474945E313F9F64E8637
:107C40009305500551BF011106CE9317450163D42A
:107C50000702EF80C01E894719C9834605001147F6
:107C6000B1476396E60095472300F500C947F24007
:107C70003E85056182802EC6EF90305EC94765D98A
:107C80000347A500418B65D7B2458347B500230A5A
:107C9000B50491E7E9472308F5008147C9BFED47DF
:107CA000DDBF011106CE22CC2EC6EF90105B01CDB8
:107CB000B2452A84EF80B048A305A4020145F240F2
:107CC0006244056182804945DDBF17C7FE1F130767
:107CD000E764814799468345870E3306F50085079B
:107CE0002300B6000507E398D7FE0145828097C7B9
:107CF000FE1F9387673303D707012300E50003D7EF
:107D000007012183A300E50083C7F7002301F500E5
:107D10000145828019E14945828097C7FE1F9387FC
:107D2000E75FF84B411122C406C62A8409C70347FE
:107D3000C700314525E3F85F09C70347B700314560
:107D400031EB83A7070989C783C777003145B9E3BA
:107D500085471946A28517C5FE1F1305056B17C772
:107D6000FE1F230EF75A9790FE1FE78040B483470B
:107D700054001307000C93F7070C6391E7021946B0
:107D8000A28517C5FE1F1305A5689790FE1FE78003
:107D900000B20145B24022444101828081EB194684
:107DA000A28517C5FE1F13050567C5B71307000495
:107DB0004945E391E7FE1946A28517C5FE1F130545
:107DC000E565E1B7411126C297C4FE1F93840455AF
:107DD00022C4E04806C611C47C4813974700634B91
:107DE000070CFC5099E74945B240224492444101B6
:107DF000828009ED1305000FEF70803E6DD583473B
:107E0000C500F5D3EF70005F0145F9BF0547E31CDE
:107E1000E5FC15EC014582972A8459CD8567938747
:107E200007802310F502930700702317F5008D4794
:107E3000230CF500A30A0502194697C5FE1F93857A
:107E4000655C130565039790FE1FE78040A6034716
:107E5000C4008547E309F7F88347E400B98B95C36D
:107E60000347E40085476317F70289472310F402AC
:107E7000224403A38406B24092441305000F41013B
:107E80000283EF80404F97C7FE1F83C7A71DE319EA
:107E9000F5FC91BF8357040211676375F700231047
:107EA000E402F9B7930600023E87E3FAD7FE130710
:107EB0000002F5B731450DBF1D453DB797C7FE1F01
:107EC0009387C74583A70709314581CF83C77700CB
:107ED00089CB411106C6EFA0A02DB240014541015A
:107EE00082808280011126CA4AC84EC652C456C238
:107EF0005AC02E89368BBA89BE8A06CE22CCB2846D
:107F0000428AEF9090351307A9FF420785674183A6
:107F10009386A7C763EDE610938707C82A8449456F
:107F200063E7970A63E5240B1307301F6361670B50
:107F300063EF370993071B00B38797021397390044
:107F400063D7E70849C48347140113F747003DC7C7
:107F5000ED9BA308F4008347B400231A2407231BD6
:107F60009406D5EF03578406C167FD17630BF70628
:107F7000631999068357A403231BE404231CF40408
:107F800097C7FE1F83D787448D46114763E5F600E8
:107F9000850713F7F70FA30AE4042285EF80C03F9B
:107FA00083570404A907231FF4048327440A93E793
:107FB00017002322F40AC547A30EF400231C54071C
:107FC000231D4407231D6405231E34050145F2408B
:107FD0006244D2444249B249224A924A024B056164
:107FE00082808357440691CFB3D4F4024A87B38783
:107FF0009702C207C1836373F9003E87231CE40420
:1080000041B7B305990085814A85EFD05E81231C75
:10801000A404930584052685EF40D02B95B78327CC
:10802000840A93E707022324F40AC14771B749453C
:1080300079BF01112EC606CEEF903022B24509E578
:108040004945F2400561828083471501A305B502C9
:1080500013F7470075D7ED9BA308F500BD4723062E
:10806000F5028327850A93E727002324F50A0145B3
:10807000C9BF17C7FE1F1307672A7C4B81CB83C676
:10808000C70089C683C6D700C947A1E27C5F89CBF8
:1080900083C6B70091C683C60701C947858A95E69E
:1080A0008327070981CB03C7770009C703C7D70018
:1080B000C94701EF17C7FE1F0347073297C7FE1FC7
:1080C00083C79731636AF7009D473E8582809D474D
:1080D000F2403E85056182800111A304A10019468A
:1080E0001305A10006CE9780FE1FE780407C280084
:1080F000EFC0DFC28547E31CF5FC8147D1BF797132
:1081000026D24AD04ECE06D622D42E89B28936C681
:108110003AC43EC242C0EF905014C94455C99305B9
:10812000A9FFC20505662A84C1811305A6C7C944F3
:108130006360B50A130606C8636C360963EA290949
:10814000B2469305301F63E5D50822476362E6080F
:10815000138616003306260393153700635AB606B6
:1081600003461401B144058A25E60326440A137622
:10817000162039EE92470248231EE4040347B40058
:10818000231CF406231A2407231B3407231D04078A
:10819000231DD4048347D401814459EF95EB8327F1
:1081A0000410898B95CF31469305F00F1305840693
:1081B0009780FE1FE780C0768327440A23140406B5
:1081C00093E707202322F40AC947A30EF400814451
:1081D000B2502254268502599254F2494561828058
:1081E00063093905B385290185814A85EFD02EE3DE
:1081F000231CA404930584054E85EF40B00D97C75A
:10820000FE1F83D7A71C8D46114763E5F60085073F
:1082100013F7F70FA30AE4042285EF80E0178357D2
:108220000404A907231FF4048327440A93E71700D3
:1082300051BF231C2405E1B7C1FF83278410898B1C
:1082400095C731469305F00F130584069780FE1FEE
:10825000E780006D8327440A2314040693E7072070
:108260002322F40ACD47A30EF4009DB7E9448DB74D
:1082700097C7FE1F9387870AF84B01CB8346C70039
:1082800089C60347D70049450DEFF85F09CB834600
:10829000B70091C6034707014945058B1DE383A736
:1082A000070981CB03C7770009C783C7D7004945B2
:1082B00089EB411106C6EFC03FB2B2400145410112
:1082C00082808280411122C426C24AC006C62A8901
:1082D0000144A1449305F00F0545EFD00ED2B3073A
:1082E00089002380A7000504E31694FEB2402244CF
:1082F00092440249014541018280011122CC4AC8C1
:1083000006CE26CA2EC632893684EF900075630DDC
:1083100005128347B500AA84B2450945DDEB214625
:108320001385F4189780FE1FE7806058A38B2419EB
:1083300013598900238C24198347E4000346D40091
:108340008345F4008346C400A207420603C5C40463
:10835000B297AE97E20603A7440AB69749C123A68F
:10836000F40A8347A4008346940013670702A20718
:10837000C206B6978346B400B69783468400E206E9
:10838000B69723A8F40A8347640083465400A207E3
:10839000C206B69783467400B69783464400E20649
:1083A000B69723AAF40A8347240083461400A20741
:1083B000C206B69783463400B69783460400E206A9
:1083C000B69723ACF40A8547A386F40423A2E40AF3
:1083D0000145F2406244D24442490561828023A6AD
:1083E000F40C8347A4008346940013678700A20718
:1083F000C206B6978346B400B69783468400E20669
:10840000B69723A8F40C8347640083465400A20760
:10841000C206B69783467400B69783464400E206C8
:10842000B69723AAF40C8347240083461400A207BE
:10843000C206B69783463400B69783460400E20628
:10844000B69723ACF40C59B7094561B7011106CEB4
:108450002EC6EF908060630F05108346B500054778
:10846000AA87B24505456391E60A83C6070113074B
:1084700040020145639AE60803C7E50083C6D500BC
:108480002207C206369783C6F500369783C6C50015
:10849000E206369783C6D704BDCA23A6E70A03C7F8
:1084A000A50083C695002207C206369783C6B5008D
:1084B000369783C68500E206369723A8E70A03C7E6
:1084C000650083C655002207C206369783C675002D
:1084D000369783C64500E206369723AAE70A03C704
:1084E000250083C615002207C206369783C63500CD
:1084F000369783C60500E206369723ACE70A1307D2
:10850000A0022388E7000145F2400561828023A68E
:10851000E70C03C7A50083C695002207C20636975D
:1085200083C6B500369783C68500E206369723A832
:10853000E70C03C7650083C655002207C2063697BD
:1085400083C67500369783C64500E206369723AA90
:10855000E70C03C7250083C615002207C20636971D
:1085600083C63500369783C60500E206369723ACEE
:10857000E70C71B7054549BF411106C6EF90E04DC4
:1085800031C18346B5000547AA8709456399E602CC
:1085900083C60701130740026393E6020D47238653
:1085A000E7021947A385E702130750022388E70073
:1085B00003C7A7020145136717002385E702B240EE
:1085C000410182800945E5BFAA8717C8FE1F0348FD
:1085D000F8D417C5FE1F130565D42A87630808025F
:1085E000684911C50348C500314563180808685F2C
:1085F00011C50348B5003145631108080325070973
:1086000011C50348750031456319080697C8FE1F58
:1086100083C808DD17C8FE1F034898DC1D4563FEAC
:1086200008050327870D49451377070439C75D718E
:10863000A6C22800B284194686C6A2C4A303F100CC
:1086400036849780FE1FE7808026A6851305E10209
:1086500041469780FE1FE7808025A2851305E10132
:1086600041469780FE1FE78080244800EFA04063CA
:10867000B6402644964461618280828097C6FE1F80
:1086800083C6D6C98DCA17C7FE1F130727C9BA8765
:10869000784B09C70347C700494515E7F85F09C785
:1086A0000347B700494505E383A7070989C783C77F
:1086B0007700494589EB411106C6EFA02074B2400E
:1086C000014541018280828097C7FE1F938707C5BD
:1086D00097C6FE1F83C696C43E8785C6FC4B89C7D6
:1086E00083C6C700C94785EE7C5F89C783C6B700CC
:1086F000C94795E68327070989C783C67700C94715
:1087000099EE97C7FE1FA38BA7C08327070E11C939
:1087100093E7076017C7FE1F2322F7CE81473E85E8
:10872000828093F7F79FFDB7130700643305E502D6
:10873000411197C7FE1F938767BE22C403A4870C0D
:1087400026C24AC006C6BE841309F00F17C7FE1F13
:108750002320A7C001E8B2402244924402490145C7
:10876000410182800345040063052501CC58EFC018
:108770008EE0405CC5B797C7FE1FA38DA7BC93775B
:10878000150017C7FE1F130767B981EF8347C7039B
:10879000ED8F6384B7004945828097C6FE1F238C06
:1087A000F6BA93772500014591EB8347D703F18F04
:1087B000E393C7FE97C7FE1FA38FC7B8828001113E
:1087C00006CE2EC632C436C23AC0EF90002935C15B
:1087D000B2450247924693F7150099EB22468D4722
:1087E00063F6C7004545F240056182802302C51447
:1087F000898991E58D47E3E7D7FEA302D51401CF20
:1088000097C7FE1F83D7A7B57D8F0D8B8547631F45
:10881000F7002314E5148547230FF5008327450A45
:108820000567D98F2322F50A014575BF2314051466
:10883000DDB749454DBF5D714EDE97C9FE1F938977
:10884000E9AD03A34905CAC062D486C6A2C4A6C2C4
:1088500052DC56DA5AD85ED666D26AD06ECE030C97
:108860004105834E81050349010663090300032E78
:108870004305314313145E00634D04000D4E49431C
:108880006369FE0093FC050163850C02054E638756
:10889000CE07B640264496440649F259625AD25A47
:1088A000425BB25B225C925C025DF24D1A856161B3
:1088B000828013FF35004943E30DCFFD13FF850090
:1088C000E3190FFC6393CE0303CEC9033143137E38
:1088D0004E00E3000EFC6303D903094363106902F1
:1088E00003CEC903137E2E0039A0E318C9FF03CEBF
:1088F000C903137E4E003143E30D0EF8468BC28B45
:108900003EC6BA8A368DB28DAE842A8AEF60500D8B
:108910002A8411E983A74906054582972A841D43C5
:108920002DD923044501930700026311FD028D47F1
:10893000631CF9040356C4019307900F13035004FA
:10894000E3E9C7F40356E401E3E5C7F493F5F40F54
:108950002300B40663880C12BD889547639EF40219
:10896000930710F82307F4004543E364BDF3FD4784
:108970004543E3F0B7F39167E3EDA7F1EA9D93DD9B
:108980001D002310B40315A08547E311F9FC03561D
:10899000C4019307D02E5DB7B547639BF40C8547A0
:1089A0002307F40089472310F402A3075401639EB0
:1089B0000A108547230CF40093F5050281E5B247C0
:1089C000A30AF402194681455A859780FE1FE78065
:1089D000A003631D05108547230EF402A30E740344
:1089E0001946DA851305E4039780FE1FE78020EC23
:1089F00083470105A306F4009307F007631BFC0EF1
:108A000097B7FE1F9387476283C7470136572300F6
:108A1000F70003055401EFC01F872304A406EFC02D
:108A2000EFFEB657A30AA4002380A7008347C10521
:108A300023020406A302F40683470406C18B91EBCC
:108A40007D191379F90F89474943E3E427E5A30129
:108A5000240783474106370700080143A300F406B3
:108A600083478106A303F4067C48D98F7CC815B5DB
:108A700089476394F4009947F5B5E38504EE23072D
:108A80000400DDB59D472307F40013F6150093F7A6
:108A9000450011CA114691C30546A30FC40485477A
:108AA000230FF404D1B513F6250001CA094691C37A
:108AB0001546A30FC4048947E5B70D4691C319466F
:108AC000A30FC404230F040445B5230C04008147FD
:108AD0000D46B3D6FA40858A91C683468401850641
:108AE000230CD4008507E396C7FEF9B5230E0402D4
:108AF00001B7994763C58701A30A840119BFA30A77
:108B0000F40001BF97C7FE1F93874781F04B011107
:108B10004EC606CE22CC26CA4AC852C4BE8911C649
:108B20007C4A13965700634E06003A8AB6842E8913
:108B3000EF60006B2A8419ED83A749051305200413
:108B400091C33145F2406244D2444249B249224A7B
:108B5000056182800347E500854701453D8BE303BE
:108B6000F7FE03470406418B55C78D476304F900A0
:108B70004945C9BFFD47E3ED97FE231E04008D471D
:108B80006314F90EF1C88357C40117C7FE1F0357BA
:108B900087801D45B3869700E346D7FA0347C40094
:108BA00015C783560402130700026391E6020347C8
:108BB00034068D466318D70C1307900F1305500425
:108BC000E362F7F88357E401E36EF7F68D471D453E
:108BD000E31AF9F637E900E083290900B707200016
:108BE0002320F918B3F9F9000F1000009305800C49
:108BF0000545EFC09EC08357C406120523244403D5
:108C00008507BD8BC98F2316F406231E94002320ED
:108C1000391189A81377D90FE301F7F611476315C6
:108C2000E904784893167700E3C406F40347C400C8
:108C3000E310F7F48357C40185DF9DF89305800C9A
:108C40000545EFC09EBB8357C40612058507BD8B43
:108C5000C98F2316F40639A07C48370700FF7D171B
:108C6000F98F7CC80145F9BD9307D9FF93F7F70F3A
:108C70000547E37AF7F0E38D04EE8347C400E394FD
:108C8000E7F0C1B58546E313D7F41307D02E3DB7FF
:108C900097B7FE1F93878768F04B01114EC606CE2B
:108CA00022CC26CA4AC852C4BE8911C67C4A139631
:108CB0005700634E06003A8AB6842E89EF60405210
:108CC0002A8419ED83A749051305200491C3314572
:108CD000F2406244D2444249B249224A056182804C
:108CE0000347E500854701453D8BE303F7FE034756
:108CF0000406418B69CF8D476304F9004945C9BF1C
:108D0000FD47E3ED97FE231F04008D47631BF91019
:108D1000638104108357E40117B7FE1F0357A76749
:108D20001D45B3869700E345D7FA0347C40015C72E
:108D300083560402130700026391E60203473406D8
:108D40008D46631ED70E8356C4011307900F13057B
:108D50005004E36FD7F6E36DF7F68D471D45E31931
:108D6000F9F65C548DC783476406898B8DC3085818
:108D700019CD8347A50081CFEF90B06C0C581946F0
:108D800013056403B1059780FE1FE78040B237E901
:108D900000E083290900B70720002320F918B3F960
:108DA000F9000F1000009305800C0545EFC0FEA4EC
:108DB0008357C4061205232644038507BD8BC98F3C
:108DC0002316F406231F94002320391189A8137752
:108DD000D90FE30AF7F211476315E90478489316AF
:108DE0006700E3CD06F00347C400E319F7F08357AB
:108DF000E40189D781F49305800C0545EFC0FE9FFF
:108E00008357C40612058507BD8BC98F2316F40648
:108E100039A07C48370700FE7D17F98F7CC80145D3
:108E200045BD9307D9FF93F7F70F0547E374F7EEB6
:108E3000E38604EC8347C400E39EE7EC49BD854626
:108E4000E31DD7F08356C4011307D02E09B75D7117
:108E5000A6C297B4FE1F9384644C03A8440586C63B
:108E6000A2C4CAC04EDE52DC56DA5AD85ED662D4EC
:108E700066D26AD06ECE6308080283274805139431
:108E80005700635204023145B640264496440649D1
:108E9000F259625AD25A425BB25B225C925C025D2A
:108EA000F24D616182803AC632C493771500B6896B
:108EB00089C7639105104945C1BF91E9A04C19E0EC
:108EC0000145D9B72285EF60E0520040CDBFE309EC
:108ED00008FE4285EF600052E5B77849B707000306
:108EE0007D8F55F30347F5056304870163159701EB
:108EF00003D7EA0149DB03C75A036301270903C704
:108F0000EA0063192701131714004E97035707004F
:108F1000E3E3EDFAB8547D141374F40F45CB9316C4
:108F20001A00B69903D70900B2479305800C23971E
:108F3000EA063E9A03470A00054523980A06A384D9
:108F4000EA06EFC09E8B03D7CA0612052644050722
:108F50003D8B498F2396EA0603A3840603C50B00C5
:108F6000B64096440649F259625AD25A425BB25B05
:108F7000225C925C025DF24D61610283138B8A0573
:108F8000194681455A859780FE1FE780E0A763193F
:108F900025011946EA855A859780FE1FE7802091B2
:108FA000194681455A859780FE1FE780E0A5E318A2
:108FB00025F511B7FD1513F4F50F094C954C05492E
:108FC00017BDFE1F130D6D44930D00089307F00F9E
:108FD000E303F4EEA247228AB38B870003C50B009C
:108FE000EF600020AA8AE31A05EEFC48130520046E
:108FF000E39B07E851BD97B7FE1F93872732FC4BD1
:1090000095C3FC4B13975700635E0700B1473E853D
:109010008280B147F2406244D2444249B2493E851F
:1090200005618280011122CC26CA4AC84EC606CEEE
:109030003689B289AE84EF60A01A2A84930720048F
:1090400071D9C947E3E899FC1547E37597FC0347D5
:109050000506137737035DFF8347E505DDFB7C4994
:10906000918BC5FBEF30601B79479D47E374A7FAEE
:109070008347340681EF035744089307D02E63F7E4
:10908000E700194793075004E37637F97C48834695
:109090000406CE9493E7270085843369D9007CC801
:1090A00023139408230024078147ADB797B7FE1F09
:1090B0009387C726FC4B81CBFC4B13975700635417
:1090C000070031458280011122CC26CA4AC84EC60B
:1090D00006CE52C4B6893289AE84EF6060102A840D
:1090E00013052004630404107C48898B8DC38347D7
:1090F000340691EF035744089307D02E63F9E70035
:109100000357640899471305500463F1E70E93F77A
:10911000D40F05476394E70EB7E700E003AA070002
:109120003707200023A0E718337AEA000F10000069
:109130000325840A19C59780FE1FE780203A23245F
:10914000040A23120408B7E700E023A04711630CC8
:1091500009067C48918BD9E38D476398F408930501
:1091600050104A859780FE1FE78020282324A40AF8
:109170002DCDB7E700E084433707200023A0E71890
:10918000F98C0F1000007C4893F7074091CF9305AE
:10919000800C0545EFC06EE68357A40812058507CD
:1091A000BD8BC98F2315F4080325840A4A86CE8512
:1091B0009770FE1FE780A06FB7E700E02312240935
:1091C00023A0971011A88D4749456391F4027C486C
:1091D00023120408F99B7CC8014509A89387D4FF92
:1091E00093F7F70F0547E379F7F63145F24062440C
:1091F000D2444249B249224A05618280E31B09F404
:1092000091474945E387F4F4D5B797B7FE1F938795
:10921000E710F84B411126C24AC006C622C4AA84F0
:109220003E8909CF7C4B139757006359070031459E
:10923000B240224492440249410182802E85EF507F
:10924000307A2A841305200465D413F714007C486F
:109250004DCB13F7170061FF03470406137737035D
:1092600079F78988B5CC0327C90D454593E70740B1
:10927000418B5DDFC1657CC8FD150145EFC02EDA6D
:109280002314A408EFC0AFF5B70500012326A408F6
:10929000FD150145EFC0EEDA9304040A15462328B4
:1092A000A40897B5FE1F9385C51726859770FE1FE6
:1092B000E780E05FA685130500FBEFC06FBF268542
:1092C000EF8090487C480347C400A300A408DD9BBE
:1092D00093E747007CC885476307F700014589BFCE
:1092E00093F7F7BF41BF9305800C0545EFC0EED063
:1092F0008357C40612058507BD8BC98F2316F40654
:10930000F1BF0345D407CD9B7CC89307F00FE3075B
:10931000F5FCEFB05EEED9B717B7FE1F13070700D5
:109320007C5F411106C622C426C24AC099C703A861
:10933000C70113141801634004080327070825CF49
:109340003684B2842E8909ED81EB4945B24022442E
:109350009244024941018280EFB01F8D0145FDB763
:109360008546E314D5FEB9E30297AA8731C91147B0
:10937000A3060504231BE500231CE50083C6B700F4
:109380000547E384E6FC95C8239C9702239D87024A
:1093900001C41E04E3DB84FA238927012244B2407E
:1093A0009244024903A3870641010283D84F9316D2
:1093B0001701E3D506FC314551BF23AC0702E9BFD5
:1093C0000D4569B7011106CE2EC632C436C23AC069
:1093D000EF5010613DCD83284505AA87314513F82C
:1093E000082063150806B24517B8FE1F034898F712
:1093F0004545636DB80403C8C70A22463358C840C0
:10940000137818006304080417B5FE1F130505F14F
:109410000328850D45451317C80063590702024705
:1094200017B8FE1F034808F46362E80292462387D8
:10943000C70AA386B70AA387D70A11E2014793E8B0
:1094400008102388E70A23AA17050145F2400561A1
:10945000828013052004DDBF011106CE2EC6EF5019
:1094600030581307200401CD7C49314793F627007B
:1094700099C6B24589C993E707207CC90147F240E4
:109480003A850561828093F7F7DFC5BF01114AC8AD
:109490004EC652C406CE22CC26CAAE89328A36893E
:1094A000EF80A05B61C5631E0A008547238BF196A0
:1094B0000145F2406244D2444249B249224A056120
:1094C000828003C7619785472A846315F700238B41
:1094D00001968949B7E700E084433707200023A0BD
:1094E000E718F98C0F1000004165130545F5EF8072
:1094F000A05821CD8347A5002315F50083278411AB
:10950000A9E3232CA410232EA410930710F8791993
:109510002320050023164501A304F500230435018B
:10952000232225018347940285450145B395F50023
:10953000C205C181EFB0AEFAB7E700E023A09710F3
:1095400085BF8327C41188C37DBF97B7FE1F93874C
:10955000A7AD9C5B91C79565938555550545829749
:10956000B7E700E023A097101D45A1B7094591B7C3
:109570006F805FEF6F809FF36F805FF86F80BFFD3C
:109580006F908F836F904F906F908F876F902F8B1E
:1095900082806F90AF93034301001AC06F801F83D6
:1095A0006F807F8F6F803F956F805F9B6F805FA123
:1095B0006F801FA76F80FFAA03530100035E410065
:1095C000834E81001AC072C276C46F809FAF6F80D5
:1095D000DFC16F801FC76F809FD06F805FD46F80A7
:1095E000BFD76F80FFDC6F807FE3828082801307AC
:1095F000050383570500110593C7F7FF231EF5FEEA
:109600008347E5FF93C7F7FF230FF5FEE313E5FE5E
:109610008280411119469305F00F06C622C42A84A0
:109620009770FE1FE780C02F13056400194693054D
:10963000F00F9770FE1FE780A02EB24023160400A3
:109640002328040023070400224441018280994713
:109650003305F50279717000D14506D61305052052
:10966000EFC0AEC211E503458101B2504561828071
:109670000145E5BF011122CC26CA4AC84EC606CE16
:109680008144014417B9FE1F130909C1D14983C799
:10969000B197636AF400F240624426854249D2449D
:1096A000B2490561828033053403832709001946D6
:1096B0009305F00F3E959770FE1FE780E03401E5BB
:1096C000850493F4F40F05041374F40FC9B7411122
:1096D00022C426C24AC006C6014497B4FE1F938422
:1096E000A4BB514983C7B197636AF4003E842285C5
:1096F000B24022449244024941018280330524034E
:109700009C4019469305F00F3E959770FE1FE78029
:10971000A02F71FD05041374F40FE9B793878199A5
:10972000884305C1411106C6EFB06E8D23AC019888
:109730009387B19783C70700B240A38CF19641018C
:1097400082809387B19783C70700A38CF1968280AC
:109750001971A2DC86DEA6DACAD8CED6D2D483C7E7
:1097600091972A84639EA700854503C5C197EFB0F2
:10977000AEDB894503C5C197EFB00EDBEFF01FFAF2
:1097800093140401C1801949338924030A86D14501
:10979000930909204E85EFC04EAF19C901442285B7
:1097A000F6506654D6544659B659265A09618280F5
:1097B00019469305F00F0A859770FE1FE780C024B5
:1097C00071FDD1473304F40217BAFE1F130ACAAC65
:1097D00003250A002295EFF0DFE348087146930560
:1097E000F00F9770FE1FE780A01308181306000300
:1097F0009305F00F9770FE1FE780801203260A0082
:10980000D1454E852296EFC02ED750082A84F145C7
:1098100013051920EFC04ED65008498CF1451305A9
:109820002920EFC06ED51374F40F5008498CC14540
:1098300013053920EFC04ED41374F40F5008498C2F
:10984000C14513054920EFC02ED31374F40F5008FF
:10985000498C914513055920EFC00ED21374F40FB3
:10986000498C1D651018930500032695EFC0CED0D6
:109870001374F40F498C03C581871374F40FEFC080
:109880000ECA31BF411122C406C60145014483C737
:10989000B1976373F40009C5B2402244410182804C
:1098A00022850504EFF0DFEA1374F40FCDB7011140
:1098B00022CC26CA4EC606CE4AC80144EF90AF8AD3
:1098C000D14997B4FE1F9384249D83C7B1976369E0
:1098D000F400F2406244D2444249B24905618280B8
:1098E00033093403884019469305F00F4A95977061
:1098F000FE1FE780601119E58C40CA9503C5F5008D
:10990000EF90AF8605041374F40FC1B7397122DCF0
:1099100026DA4ED652D406DE4AD80144EF90EF87BD
:10992000D14997B4FE1F93842497194A83C7B197EE
:10993000636AF400F2506254D2544259B259225A26
:109940002161828033093403884019469305F00F62
:109950004A959770FE1FE780200B15E533054403F9
:109960000A86C14513053520EFC02E921008C14567
:109970000945EFC08E918C4014080A86CA9503C52C
:10998000F500EF904F8105041374F40F45B70111F2
:1099900006CEEFF03FCE0547A9476373A70089477E
:1099A0001306F10085451545A307F100EF00AFD47C
:1099B000F24005618280011122CC26CA4EC652C4F3
:1099C00006CE4AC80144D14997B4FE1F9384C48C83
:1099D000194A83C7B1976365F40283C7819799C316
:1099E000EFF0FFEC83C7719799C3EFF03FF2624449
:1099F000F240D2444249B249224A05616FF03FF930
:109A0000330934039040D145330544034A96130586
:109A10000520EFC08E8709C588404A95EFF07FBFCB
:109A200005041374F40F75B70355250083C5C1975A
:109A30006F00FFEF9947B385F502397122DC26DA12
:109A40004AD806DEA147AA8432891384252063847C
:109A5000F600138415207146814548083AC6977070
:109A6000FE1FE780E0EB5008F1452285EFC0EE8154
:109A70000DE18347E102A5463247E51793F7F70F5B
:109A800063E9F600BA865008937519002685EFD071
:109A9000AEABF2506254D254425921618280797146
:109AA00022D426D24AD0AE842A8932848145130634
:109AB00000020A8506D69770FE1FE78060E693874E
:109AC000D18783C7070023102101230EF10083579C
:109AD00081015DC41387919803470700F99B4146B4
:109AE0002302E1001387B1980347070097A5FE1FE3
:109AF0009385C54C13056100A302E10003C7A1983B
:109B000093761700D58FF59B93762700D58FED9B25
:109B100093764700D58F9316470093F6061093F778
:109B2000F7EFD58F9316470093F6062093F7F7DFEC
:109B3000D58F12071377074093F7F7BFD98F231CF0
:109B4000F1009770FE1FE78080D683C7819813F7D6
:109B5000170001CB99C40357810113672700231C09
:109B6000E10003476101A2850A85D98F230BF1002B
:109B7000EFD0AE8FB2502254925402594561828088
:109B80001387F19703470700F99B41462302E10041
:109B9000138711980347070097A5FE1F938505417A
:109BA00013056100A302E10003C701989376170033
:109BB000D58FF59B93762700D58FED9B9376470045
:109BC000D58F9316470093F6061093F7F7EFD58FCE
:109BD0009316470093F6062093F7F7DFD58F120709
:109BE0001377074093F7F7BFD98F231CF1009770C5
:109BF000FE1FE780C0CB83C7E19791BF011122CC44
:109C000026CA4AC84EC606CEAA84014417A9FE1F1A
:109C100013098968D14983C7B197636BF4003E8407
:109C20002285F2406244D2444249B24905618280B1
:109C300033053403832709001946A6853E9597709E
:109C4000FE1FE78000D469FD05041374F40FE1B72B
:109C50001D71A2CC138481991C40CEC6D2C486CE7D
:109C6000A6CACAC8D6C2DAC05EDEAA892E8A8DE329
:109C700019E10545B9A2F5DDEFF05FF8A38CA196D7
:109C800083C7B1976366F500EFF07FA4A38CA1961C
:109C900003C5919783C7B197E37DF5FC1C40639D95
:109CA000071281447D590144D14B97AAFE1F938A24
:109CB000AA5E2DA86389E402338B740303A50A000E
:109CC00019469305F00F5A959770FE1FE780C0D391
:109CD00019E983A70A00DA979C4B6373F4003E846A
:109CE00063F327013E89850493F4F40F83C7B1978A
:109CF00003C79197E3E0F4FC33092441635B090453
:109D000081440144514B17A9FE1F1309E95825A8A6
:109D10006388E402B38A64030325090019469305A6
:109D2000F00F56959770FE1FE78000CE11E983274C
:109D30000900D6979C4B63C507006373F4003E840B
:109D4000850493F4F40F83C7B19703C79197E3E1B8
:109D5000F4FC994703C591973305F50205044E8637
:109D6000D14523A8890013050520EFC0EE80130616
:109D700000039305F00F0A859770FE1FE78040BA35
:109D80009D6703C591970A86930500033E95EFB042
:109D9000BEFE83C791975145B387A70217A7FE1F41
:109DA0001307874F08435146CE853E959770FE1F97
:109DB000E780E0AF23AC419903C58187EFB03EF661
:109DC0000145F6406644D6444649B649264A964A75
:109DD000064BF25B256182809047814709CE994707
:109DE0003305F502F14513051520EFB0FEF81C40D0
:109DF00023A4070085471840104B19CE994703C587
:109E000091973305F502F14513052520EFB0DEF6F5
:109E10001C4023A8070085471840504B19CE99478E
:109E200003C591973305F502C14513053520EFB001
:109E3000BEF41C4023AA07008547184050471DCA9E
:109E400003C59197994433059502C14513054520F3
:109E5000EFB09EF203C59197330595021C409145E2
:109E6000D047410613055520EFB01EF11C4023A634
:109E7000070099B7B1F383C7819799C3EFF03FA368
:109E800083C7719799C3EFF07FA8EFF05FB0D5B3A8
:109E9000797122D406D626D283C7B1970944637656
:109EA000F50285C599473305F502AE847000D145AA
:109EB00013050520EFB07EBD2A8401E919466C0028
:109EC00026859770FE1FE780809E2285B25022541F
:109ED000925445618280011122CC06CE2A842EC67E
:109EE00032C4EF408FF505C90347C500A14722469C
:109EF000B245631FF7009387C1999C4389CF03A3A1
:109F00004700630A030022856244F2400561028330
:109F10009387019ADDB7F2406244056182807971CE
:109F200022D419443304850226D27000AE84D14570
:109F300006D6130404202285EFB03EB501C9814442
:109F4000B250225426859254456182801946930569
:109F5000F00F68009770FE1FE78000AB6DF10357AC
:109F600081019377D70F89C49377F70F93E7270081
:109F7000C207C1838544E305F7FC7000D145228503
:109F8000231CF100EFB05EDF03C58187EFB03ED93F
:109F900045BF1D71A2CC2A8419453305A402A6CA67
:109FA000CAC8B2842E897000D14586CE130505201B
:109FB000EFB0BEAD01C90145F6406644D6444649FE
:109FC0002561828019469305F00F68009770FE1F87
:109FD000E78080A36DF19D673E9410109305000308
:109FE0002285EFB09EAA19C10545F9B70810EFF018
:109FF0000FE06314090413060003814508109770ED
:10A00000FE1FE78060A06DF1130600038145081074
:10A010009770FE1FE780C090854708102388F1984D
:10A02000EFF0EFDC1010930500032285EFB0DED4D3
:10A0300003C58187EFB0BECE45BF1C109008BE8619
:10A0400083D506003687638125039106E31AD6FE81
:10A050000145BDD083D607003E8789C69107E31B23
:10A06000F6FE91BF2390270183472700E38E97F6E2
:10A0700023019700D5F02310070079BFFD57238EE9
:10A08000F196A38D019697A7FE1F23A70720D1471E
:10A0900017A5FE1F034525FA3305F50201119305A7
:10A0A000200406CE22CC26CA4AC84EC69770FE1F90
:10A0B000E780A03397A7FE1F23A0A71E15C997A46A
:10A0C000FE1F938464F683C7E400014417A9FE1FB2
:10A0D0001309891CA38DF196D14983C7B197636297
:10A0E000F40C9C44638A070C97A7FE1F2388071A69
:10A0F0009387B19783C7070005444146814517A55B
:10A10000FE1F1305A5EBA38CF196238F818623AC4C
:10A110000198A3840198A38501989770FE1FE7809A
:10A120002080930470074146814517A5FE1F130543
:10A13000E5E723859198A38D81862384019823A642
:10A140000198238F0196A38F0196A38001989760B1
:10A15000FE1FE780E07C2380919823A20198A38EC4
:10A1600001969547A38CF186C147A38EF18623887B
:10A1700001988947238DF186F240238C8186A38F35
:10A180008186238E8186624423A0019A23AE0198A2
:10A19000238C0196238D0196D2444249B249056130
:10A1A0008280B30734030325090005041374F40FF8
:10A1B0003E95EFF00FC615B7930700F817A7FE1FDF
:10A1C000230EF70C35B71971A2DCCAD8D6D2DAD073
:10A1D000DECE86DEA6DACED6D2D40144D14A17A985
:10A1E000FE1F1309690B194B9D6B83C7B197636FF2
:10A1F000F400F6506654A38CF196D6544659B659DD
:10A20000265A965A065BF64B09618280330A54033C
:10A21000032509009319040193D909010504137456
:10A22000F40FB38469035295EFF0AFBE7146930506
:10A23000F00F48009760FE1FE780806E1306000352
:10A240009305F00F08109760FE1FE780606D0326EE
:10A250000900D145138504205296EFB0FEB150009D
:10A26000F14513851420EFB03EB15000F145138540
:10A270002420EFB07EB05000C14513853420EFB0EC
:10A28000BEAF5000C14513854420EFB0FEAE500074
:10A29000914513855420EFB03EAE10109305000396
:10A2A00033857901EFB05EAD03C58187EFB03EA77E
:10A2B0002DBF930705C04111C20722C406C6C18342
:10A2C000130720022E846361F70E17C700001307DF
:10A2D000A7228A07BA979C43BA9782879387E18718
:10A2E00083C707002300F4002DA083C781988987C6
:10A2F0000DA893879198EDB79387B198D5B741464C
:10A3000097A5FE1F938585CB22859760FE1FE7806A
:10A31000005A8147B24022443E854101828083C772
:10A320008198858BC1B79387A1985DBF9387C198AA
:10A330009C431CC0F9BF9387B1875DB783C7E19782
:10A340007DB79387F19769BF9387119851BF4146B5
:10A3500097A5FE1F938585C545BF83C7E197D1B7F4
:10A3600093870198B5BF93874198D9B79387D197C1
:10A3700085BF93879187ADB79387D18795B793872B
:10A380008197B9BF93877197A1BFEFF0AFAE23005C
:10A39000A40041B783C7C187B1B783C781988D87B0
:10A3A00049B783C7E197E5BF130700048947E36313
:10A3B000A7F6EFC0DEA32310A400A1BF011106CEB3
:10A3C00022CC26CA4AC84EC652C4EFC0BEED3DE1FB
:10A3D00003C7A19785470144630FF702D14997A4AA
:10A3E000FE1F938464EB054A83C7B1976379F40237
:10A3F0003309340398404A978347E700639947013C
:10A400002285EFF0EFB49C40CA972387070005042C
:10A410001374F40FD1BFEFF0EFC6238D0196EFB0A8
:10A42000DEC26244F240D2444249B249224A056146
:10A430006FF06FD8F2406244D2444249B249224A96
:10A4400005618280797126D24AD006D622D44ECEBA
:10A4500052CC89472E89B2846309F5066360F50200
:10A460008D476305F50C03C4B1972285B250225481
:10A4700092540259F249624A456182802E85EFF07A
:10A48000EFF783C7B1972A84E371F5FEF9DC19462B
:10A49000CA8526859760FE1FE7806041F9B73305BE
:10A4A000440383A709001946CA853E95190597609C
:10A4B000FE1FE780004D2DE105041374F40F83C7E0
:10A4C000B197E36EF4FC3E844DB7014497A9FE1F9B
:10A4D000938989DC514AE5B705041374F40F83C7E7
:10A4E000B197E372F4FE330534030A86C1451305C0
:10A4F000352042054181EFB04ED979FD41469305A3
:10A50000F00F0A859760FE1FE780005071F5CA853D
:10A510000A85EFC0BE9569F183C7B197E377F4F47C
:10A52000A9D4A6852285EFF0BF9681B70144994949
:10A530007DB7797126D206D622D4AA8402CC231EF6
:10A540000100EF408F8F05CD03C7B18789476308AE
:10A55000F702930565002A84034555003008EFF0A3
:10A560007FEE83C7B1976371F5022AC6EFF02F8E95
:10A57000B2452A860547A1462685EFF0AFCBB250FB
:10A58000225492544561828083C7B18791E79545F3
:10A590002685EFC09ECEE5B70547E392E7FE8345EB
:10A5A000540001462685EFF08FCFD1BF4111C1671E
:10A5B0004AC006C622C426C2FD172E896309F506C5
:10A5C000EF40AF872A84D14421CD93056500034530
:10A5D00055000146D544EFF0FFE683C7B197637697
:10A5E000F500CA85EFF0BF938144630B0902228511
:10A5F000EFF08FC335A0CA852285EFF05F9211C1BD
:10A60000814405041374F40F83C7B197E365F4FE26
:10A610006308090017F5FFFF13054541EF40CFAA76
:10A62000B24022442685024992444101828001447D
:10A63000D544D9BF0111C1674AC84EC606CE22CC47
:10A6400026CAFD172E89B289630EF504EF30FFFE8E
:10A65000D14429C193056500034555000146D54401
:10A66000EFF05FDE83C7B1976376F5024E86CA8549
:10A67000EFF03F92814439A84E86CA852285EFF0DB
:10A680005F9111C1814405041374F40F83C7B1971E
:10A69000E364F4FEF240624426854249D244B24962
:10A6A000056182800144D544D5B7411122C4138489
:10A6B000C1978345040023A0A19A614506C6EFC057
:10A6C0009EC7034504002244B24041016F10DFDD04
:10A6D000411106C622C426C29DE9AA85AA8437452F
:10A6E0000F00130505243375A602EFC04EF22A842D
:10A6F00009C99307E00F6306F50085452685EFC07D
:10A70000DEB72285B2402244924441018280EFC0EC
:10A71000DEB60144FDB71387E1878347070083C591
:10A72000819893E707F82300F7006FC0DEA95971FD
:10A73000A6D2B2845000CAD0D2CC86D6A2D4CECE75
:10A740002A89368A02C223140100EFF0BFCF83C7E3
:10A75000B197637AF50E2A84EFE07FEF9147AA89DB
:10A76000631CFA0C03C7E18779171337170091466A
:10A77000A285420441801949330924034E86268567
:10A78000EFF04FAB5146814568009760FE1FE780B0
:10A7900020197000C14542091359090113054920C8
:10A7A00042054181EFB06EAE05E941469305F00FD9
:10A7B00068009760FE1FE780202519ED13055920DA
:10A7C0004205700891454181EFB02EAC700093F5C1
:10A7D00019002685EFC0DEA31D65229542051010E5
:10A7E000930500034181EFB04EAA15E10810EFE098
:10A7F0001FE00010130901058355040091C50346AD
:10A8000024002685EF00DF821104E31789FE93F907
:10A8100029006387090083C5C1972685EF002F9122
:10A8200091476314FA0403C7E1878947631FF7025E
:10A830002685EFF05FEE15A803C7B18779171337A8
:10A840001700D28635B7A147E31CFAFC03C7B187CE
:10A850008947631CF7000146CA852685EFF02FA4BF
:10A86000014681452685EFF00FE7B65026549654F1
:10A870000659F649664A014565618280011106CE96
:10A880002AC6EFF0AFFF3245F240238EA196056154
:10A890006FF06F921D7186CEA2CCA6CACAC8CEC672
:10A8A000D2C4D6C2EF806F8F83C7F18781CF0144B6
:10A8B000514A17A9FE1F1309299E994A83C7B197C8
:10A8C000636BF400F6406644D6444649B649264ACE
:10A8D000964A25618280B30944030325090019467D
:10A8E0009305F00F4E959760FE1FE780E01121E978
:10A8F000B30454035010F1451385142042054181DF
:10A90000EFB0AE980DED0347F1039307F00F631816
:10A91000F7021385342042055000C1454181EFB054
:10A92000CE965008C1450945EFB02E968325090003
:10A9300054085000CE9503C5F500EF80CF8505047F
:10A940001374F40FA5BF930705C05D71C207A6C2BB
:10A95000CAC086C6A2C44EDE52DCC18313072002E1
:10A960002A89B2846360F75217C70000130787C1B2
:10A970008A07BA979C43BA97828785476384F50014
:10A98000614409A8834706000947E36BF7FE238F5C
:10A99000F18601442285B640264496440649F25980
:10A9A000625A616182808547E39CF5FC034706009B
:10A9B000E3E8E5FC83C7819811C793E74700238448
:10A9C000F198C1BFED9BE5BF8547E39BF5FA83474F
:10A9D00006001147E366F7FAA384F1985DBF854747
:10A9E000E390F5FA83470600E3ECF5F8A385F198C8
:10A9F0004DB7C147E396F5F84146A6851795FE1F6A
:10AA00001305C55B9760FE1FE78060EA59B785476D
:10AA1000E398F5F603470600E3E4E5F683C781987B
:10AA200001C793E7170061BFF99B51BF8547E399C1
:10AA3000F5F4834706002385F198A1BF9147E39180
:10AA4000F5F41842B7470F009387F723E3EAE7F2DC
:10AA500023A6E1983DBF8547E394F5F283470600BE
:10AA60000947E36FF7F0A38DF18625B78547E39992
:10AA7000F5F003470600E3E5E5F083C7E19711C76A
:10AA800093E74700238FF19629B7ED9BE5BF8547F4
:10AA9000E398F5EE834706001147E363F7EEA38FD3
:10AAA000F196C5BD8547E39DF5EC83470600E3E9D4
:10AAB000F5ECA380F198F1BDC147E393F5EC414675
:10AAC000A6851795FE1F1305654E2DBF8547E39993
:10AAD000F5EA03470600E3E5E5EA83C7E19701C726
:10AAE00093E7170045B7F99B71BF8547E39AF5E8EF
:10AAF000834706002380F19869BD9147E392F5E80A
:10AB00001842B7470F009387F723E3EBE7E623A24A
:10AB1000E19841B5E39605E6EFC0CEF801E9EFE034
:10AB20007FD6EFB08ED2EFE01FE9A5B58547238D24
:10AB3000F19685B59D47E395F5E493851400194694
:10AB400068009760FE1FE78080D603C504005008A8
:10AB50006C00EFF03F8F83C7B197AA840944E37B71
:10AB6000F5E24808EF307FB609E52685EFE05FBEE5
:10AB70004DBF5147B384E4029797FE1F9387C77177
:10AB80009C435944BE9485472387F40021B59D47D3
:10AB9000639BF50A19469385140068009760FE1FB1
:10ABA000E780E0D003C5040001466C00EFF09F8908
:10ABB00083C7B1976377F5049944B30495025008AD
:10ABC000F14593841420C204C1802685EFA0FEEBDA
:10ABD0002A8415E51307A04185476304E90093071C
:10ABE000F00F5008F1452685A307F102EFB0CE988B
:10ABF00003C58187EFB0AE92EFF0DFC961BB0944B6
:10AC0000E5BF9797FE1F83C767690944E38407D8A8
:10AC10001307A0419797FE1F83C75768631FE9007A
:10AC200093E717001797FE1FA30AF7661D46A68530
:10AC30001795FE1F1305C565F1B3F99B1797FE1F06
:10AC4000A30EF764B9B38547E39CF5D21307A0417F
:10AC50009797FE1F83C797646315E50093E7270066
:10AC6000F1BFF59BE1BFA38F0186EFF0BFC215B323
:10AC70008547A38FF186014419499309F00F7D5A46
:10AC800083C7B197E373F4FEB30424035008F1457E
:10AC9000938414202685EFA05EDF05E18347F1024F
:10ACA000638D37015008F1452685A3074103EFB0B6
:10ACB000AE8C03C58187EFB08E8605041374F40F44
:10ACC000C1B78547E39EF5CA83470600E3EAF5CAA4
:10ACD000A38EF1967DB98547E394F5CA83470600B4
:10ACE0002547E36FF7C8A38CF18665B18547E399E3
:10ACF000F5C803470600A546930797FF93F7F70F9C
:10AD0000E3E0F6C8A38EE18669B18547E39AF5C60C
:10AD10008347060003C781970144238CF196E31B08
:10AD200007C6E399B7C6EFE01FC9ADB18547E39900
:10AD3000F5C48347060003C77197A38BF19609E713
:10AD40006394B700EFE03FC703C57197EF703FC54D
:10AD500089B18547E396F5C2834706000D47E36155
:10AD6000F7C2238DF18635B18547E39BF5C0834754
:10AD70000600238CF18631B90545EFA05EFA11B9C2
:10AD80008547E39FF5BE83470600238EF18611B108
:10AD900093074002E396F5BE03C514000146938570
:10ADA0002400EFF02FEA83C7B197E37BF5BC194489
:10ADB0003304850203C70400A1471374F40F631022
:10ADC000F70409041374F40F420441805008F1455C
:10ADD0002285EFA09ECBE31505BA93858400480831
:10ADE0006D469760FE1FE78080AC5008F1452285D4
:10ADF000EFA09EF803C58187EFA07EF251B605044F
:10AE0000D1B71797FE1F03572723930740046D44BC
:10AE1000E3F2E7B88547E395F5B683470600E3E13B
:10AE2000F5B691CF9797FE1F938747469C435544AD
:10AE3000E38207B683C7819893E7870049B683C743
:10AE4000819893F7770FA5BE1797FE1F0357C71E6C
:10AE5000930740046D44E3FFE7B28547E392F5B200
:10AE600083470600E3EEF5B0F9DB9797FE1F938763
:10AE7000E7419C435544E38F07B083C7E19793E7CD
:10AE8000870009B1930700040944E3E527B1E39380
:10AE900085B083D504004A85EFC0EEC92A84DDBCA5
:10AEA0001D7186CEA2CCA6CACAC8CEC6D2C4D6C28E
:10AEB000DAC05EDE62DC834725005147E91793F76D
:10AEC000F70F636BF70217B70000130767748A0761
:10AED000BA979C432A84BA9782878354A500034675
:10AEE000C5008346D500268532C636C4EF30EFF460
:10AEF000AA87A246324619E18544A9A203C7C70022
:10AF0000A14713053400631AF7029387C1999C4344
:10AF1000A68589C79C4399C38297F9BF93874198B7
:10AF20008843EFB0DEEE69D99307E00FE306F5FC46
:10AF300085452685EFC06EB4C1B79387019A9C43BF
:10AF4000A68599C39C43E9FB9387C198D1BF8355DC
:10AF5000A5002E852EC4EF304FEEAA8751DD03C722
:10AF6000C700A147130534001306C4009306C401AB
:10AF7000A245631AF7009387C1999C43B5DF9C47AC
:10AF8000A5DF829795BF9387019AC5BF0349150036
:10AF90006319091C83476500858B6385071C9387AC
:10AFA00081999C436390071C8145514668089760CE
:10AFB000FE1FE780E0964C48DDC183C76501194656
:10AFC000C105A305F10268089760FE1FE780208E87
:10AFD000834764000357810268088987858BD98F6E
:10AFE0002314F102EFE09FC1A38CA19683C7B19710
:10AFF0006366F500EFE0AFEDA38CA19683C9B1972E
:10B0000083C7919763E3370383C7C18791C7054718
:10B010006395E706EFF02F9B9797FE1F9387C70076
:10B020009C5B81C7854521458297A2856808EFE032
:10B030003FC2AA84554963170512894503C5C197C4
:10B04000EF90FEC9F640664426854649D644B64987
:10B05000264A964A064BF25B625C25618280035564
:10B0600044008544EF306FDD71DD8347550019469C
:10B0700093056500A305F102B9B70947E39EE7F818
:10B080008144FD5A014A514C179BFE1F130BCB20E4
:10B0900025A8B38B840303250B0019469305F00FF5
:10B0A0005E959760FE1FE780209601ED83270B00D9
:10B0B000DE979C4B6373FA003E8A63F45701BE8AA5
:10B0C000A689850493F4F40F83C7B197E3E3F4FCF6
:10B0D000330A5A4163590A04FD54514B179AFE1F13
:10B0E000130A8A1BB70B00801DA8B30A6903032546
:10B0F0000A0019469305F00F56959760FE1FE780EA
:10B10000A09019E983270A00D6979C4B63F6FB00B1
:10B1100063F49700BE84CA8905091379F90F83C7C0
:10B12000B197E364F9FC83C7B197E3F7F9EED14433
:10B13000B38499021799FE1F130909160325090004
:10B140002695EF308FD819E54E85EFE06FE0EFE000
:10B150009F86D9B583270900BE9485472387F400CD
:10B1600065BD014903461400035544008545EFE0E1
:10B170009FD6E30309D84A868D4503554400EFE086
:10B180009FD59DBB034715009947631AF7020355E6
:10B190004500EF308FCAAA841DC183C7A187094724
:10B1A0006389E7020D476380E70205476399E7007B
:10B1B00083455500035544000146EFE05F8E03468A
:10B1C000140089455DBF0146814513050041EFF03C
:10B1D0008FF78355440003C504001546EFC0CE8C9D
:10B1E000F9BF93054500034535000146EFF08FA5F3
:10B1F00083C7B197E372F5D099473305F50213067B
:10B20000C40091451305552042054181EFA0DEB6EB
:10B2100003C58187EFA0BEB0C5B183C7D1970355E1
:10B22000450081C783C5918731B383C7E18799E31F
:10B23000954509B3EF306FC0AA84E30F05CA834771
:10B24000A400858B85CB03455500854763F4A70291
:10B250008357C40093F7072091EF7008938564002B
:10B26000EFF04F9E83C7B1976396A7008D450355B6
:10B270004400C9B183C5540003554400130684003B
:10B28000EFE0FF8101468145CDBD03554500EFF05C
:10B290004FAA9DB103554500EFF04F9283C7E18758
:10B2A00093F7F707238FF18681B979719397050199
:10B2B00022D406D626D24AD04ECEC1872E8463DE53
:10B2C000070803C5C197EF90AEDFAA8431C5834755
:10B2D00005001307100B638BE7041307000D63874A
:10B2E000E7021307000B6396E70203474500F9479F
:10B2F0006317F700035525008145EFF02FAB83C599
:10B30000440013858400EFF0EE9F21A0EFF05FB9B9
:10B3100001C52685EF90AECEA164A18CB250225417
:10B32000268502599254F24945618280834745003F
:10B33000EDF30356850083556500035525002388EA
:10B340000198EFF02FAF83C70199E1D703C581873B
:10B3500023880198EFA0BE9C6DBF93F7250085C39D
:10B3600081450145EFE0DF8E9344240083C7C197F8
:10B37000854511E189453E85EF907E9645B793F767
:10B3800015006384070C138981998327090093842E
:10B39000419983D947009C4099EFC1651387419A31
:10B3A000894617B6000013062671FD150545EFF016
:10B3B0003EF023AAA1988C40134414009DE98327F2
:10B3C00009000146854503D5470093140401C18057
:10B3D000EFE07FB08327090001468D4503D5470084
:10B3E000EFE07FAF03C58187EFA07E93EFE00FB35F
:10B3F00035B79308F00F094881471307E10074003F
:10B4000003D6419A4E85EF00EFC011ED0346D100FF
:10B410008347C10022065D8E19C69C404E8583D5A8
:10B42000A700EFF02FA18840C165814603D6419A5D
:10B43000FD15EF000FB29314040123AAA198C18057
:10B440003DDD854503C5C19705BF93F745008144A0
:10B45000E38607EC93C44500D1B503472500F147C7
:10B4600063ECE73017B600001306C61F93162700DB
:10B47000B2969C42411122C406C626C2B2972A84C3
:10B48000828783471500C5EF41469795FE1F938538
:10B4900025E61795FE1F130565E39750FE1FE7800D
:10B4A000404E3DED1796FE1F130646E2C145094585
:10B4B000EFA09E8C1796FE1F130646E2C1450D4570
:10B4C000EFA09E8B03C58187EFA07E859305340096
:10B4D0001795FE1F130505E319469750FE1FE780D9
:10B4E000003D854785451795FE1F034535E01797B5
:10B4F000FE1F2329F7DCEF908EFE9797FE1F9387A0
:10B5000067DC88439387819A9C43BDCB03A30700E4
:10B5100063080306A2852244B2409244410102839B
:10B5200041469795FE1F9385A5D81795FE1F1305D5
:10B53000E5DA9750FE1FE780C0442DD541BF9947FB
:10B540001797FE1F2320F7D84DBF034715008347E9
:10B55000350039E70947639AE7029797FE1F9387FB
:10B5600067D69C438145014593F7F7F093E70702BF
:10B570001797FE1F2328F7D4EFD09EDBA300A4006B
:10B58000B2402244924441018280054781450145F1
:10B590006395E700EFD0BEC9D5B7EFD03EB9F9BF8C
:10B5A0000947E38FE7FC9797FE1F9387A7D188434E
:10B5B0004199136565009797FE1F23A5A7D099B7FA
:10B5C000834715009794FE1F9384C4CFADEF8D473A
:10B5D000631DF7049797FE1F83C7C7CC1397870196
:10B5E0006187635F070093F7F70789451795FE1F8B
:10B5F0000345D5CF1797FE1F2306F7CAEF902EEE0F
:10B600009C40914613F7F700631AD700C19B93E75C
:10B6100057001797FE1F2327F7CA85A88946E3011D
:10B62000D7F6C19B93E72700EDB798409797FE1F89
:10B63000238807C69546937707FF3D8B6311D7068E
:10B6400093E74700F9B79C40C19B93E76700D1B7E8
:10B650001797FE1F130707C71C4383461500BA84BC
:10B66000C19B95E693E747001797FE1F232CF7C46D
:10B670000356A50093054500034535009146EFF0BC
:10B680000F8B9797FE1F238D07C08840A5BD13071A
:10B690001003E39CE6FA1797FE1F230307C093E706
:10B6A000370085BFEFF0CFFF9797FE1F938787C1C5
:10B6B0009C43154793F6F700C19B13E53700E39CC5
:10B6C000E6EE13E52700C5BD9796FE1F938686BF5D
:10B6D0009C4203461500B68493F7F7F021EECD4661
:10B6E0006313D70493E707011797FE1F232CF7BCBA
:10B6F0009797FE1F83C777C1139787016187635FA1
:10B70000070093F7F70791451795FE1F034515BEF0
:10B710001797FE1FA30BF7BEEF906EDC9C4037051A
:10B7200000015D8DC5B393E707021797FE1F232B1A
:10B73000F7B8EDB793E70703CDBF9796FE1F938643
:10B7400066B89C427D761306F60FF18F034615000E
:10B750000DE26D46631CC70093E707101797FE1FA5
:10B760002322F7B69C423705000265BF93E7072006
:10B77000F5B793E70730DDB78280034705009306EE
:10B7800010096307D7009307000D6305F704828053
:10B790008346150039476391E604835645000567E3
:10B7A00013075740639AE60218459307F00783058D
:10B7B00037006383F5029387819A9C4391CF03A35B
:10B7C0004700630B03008347270003451700A207C8
:10B7D0005D8D02836FF07FC8828001119397050110
:10B7E00026CA06CE22CCC187AE8463DB070C179530
:10B7F000FE1F0345B5AFEF90AE8C2A8419C9979709
:10B80000FE1F83C717AA89EFEFF03FF72285EF806D
:10B810001EFF2165258DF2406244D244056182807D
:10B82000834705001307000D6390E7068347250053
:10B8300081E7EFF09FF409A81547639FE7000347EE
:10B84000C500A147E392E7FCA2851795FE1F0345BB
:10B85000C5ABEF904E8F75BF2147E38CE7FC99464F
:10B860006395D70083477500F1BF1D47E39EE7F856
:10B8700003554500EF207FDC51D90347C500A147A0
:10B880002285E313F7F8C9B71307200AE38EE7F61A
:10B8900013071009E39FE7F803471500B947E31AB8
:10B8A000F7F803574500856793875740E313F7F888
:10B8B00018458347270003451700A2075D8D5DBF2C
:10B8C0009397150163DE07001386C19A91451145D0
:10B8D000EFA08ECA03C58187EFA06EC411651DBF9E
:10B8E00093F71500C5CF9797FE1F83C7679BA5CB1E
:10B8F000EF302F839787FE1F83C7C7766364F506F3
:10B900008D472302F1009797FE1F9387779983C78E
:10B9100007004C001795FE1F0345559D2306F100B7
:10B920009797FE1F9387C79D83C70700A306F10063
:10B93000EFD0AECA0DC59797FE1F9387A79888438F
:10B940004199136565009797FE1F23ADA7969387CE
:10B95000819A9C4389C79C4399C38145829713C5AB
:10B96000140055BD9797FE1F9387A79383C70700C1
:10B9700019469795FE1F938525932302F10097970B
:10B98000FE1F9387679483C7070013056100A30216
:10B99000F1009750FE1FE78080F1B5B793F72500BF
:10B9A000A1C79797FE1F83C7E78F858B9DCB179500
:10B9B000FE1F0345B593EFD06EF105C59797FE1FA7
:10B9C0009387479088431375F5F09797FE1F23AB35
:10B9D000A78E9387819A9C4389C79C4399C38145CD
:10B9E000829713C5240005BD93F745000145E38404
:10B9F00007E29797FE1F83C757918DCF1795FE1FBC
:10BA00000345D58EEFD02EF015C59797FE1F93876F
:10BA1000678B8843FD779387F70F7D8D9797FE1F80
:10BA200023A2A78A9387819A9C4389C79C4399C381
:10BA30008145829713C54400F9BB397122DC06DECB
:10BA40002A842ECE32CC36CA3AC83EC6EF20FFBE7C
:10BA500005C9F2456246B247D24642472314B102B5
:10BA60002315C1022C103E8622852316D1022317EE
:10BA7000E102EF205FAB0145F25062542161828008
:10BA80005145DDBF011106CE9787FE1FA382A77621
:10BA900091C52E8532C6EFE05FC132469797FE1FF3
:10BAA000938747829C4395EF19C223A4C19AF24021
:10BAB0001786FE1F0346267F9795FE1F83C50583C5
:10BAC0001795FE1F034595829387C19A1797FE1F0E
:10BAD0001307C7809786FE1F9386467F05616FE038
:10BAE000AED5F2404545056182809787FE1F83C72A
:10BAF000675781EB614582806145B2402244410134
:10BB00008280411122C406C61784FE1F0344147E9E
:10BB10009307F00FE312F4FE17050000130525CC80
:10BB2000EF90BEA21787FE1FA302A77CE30685FC49
:10BB300023A4019A9787FE1F23A6077891471787AA
:10BB4000FE1F2305F77AEFB0CEB141468145178538
:10BB5000FE1F1305A5779750FE1FE78060DC414666
:10BB600081451785FE1F130565779750FE1FE780F7
:10BB700020DB23A6019A9787FE1F238407729787ED
:10BB8000FE1F238307749D471786FE1F1306067446
:10BB9000C14509451787FE1FA304F7709787FE1F4D
:10BBA00023800776EF907EEE1786FE1F130606733E
:10BBB000C1450D45EF907EED41469785FE1F93856B
:10BBC000E5701785FE1F1305A5729750FE1FE780CD
:10BBD00000CE41469785FE1F938545701785FE1F51
:10BBE0001305056D9750FE1FE78060CC1386C19A40
:10BBF00091451145EF907EE9014501B7FD57178743
:10BC0000FE1FA305F76E1787FE1F1307275EA3020B
:10BC1000F7002303F7001787FE1F2309076C05476A
:10BC20009786FE1F238EE66623A6019A19479786FC
:10BC3000FE1F2397E6680567130707C89786FE1F50
:10BC40002395E6681787FE1F2301F76C8D4717873A
:10BC5000FE1F230A07641787FE1FA30407641787C4
:10BC6000FE1FA301F7641787FE1F2302F76419461E
:10BC700081451785FE1F130525631753FE1F6700B7
:10BC800023CA930705D04111C20722C406C6C18347
:10BC90005D472E84636BF71017B700001307C7A327
:10BCA0008A07BA979C43BA9782879787FE1F83C7F4
:10BCB000E7632300F40035A041469785FE1F938576
:10BCC000E56022859750FE1FE78060BE19A84146B7
:10BCD0009785FE1F93858560EDB79387C19A9C4336
:10BCE0009CC18147B24022443E8541018280194671
:10BCF0009785FE1F93850561E9B79787FE1F83C768
:10BD0000275A45BF2E85EFD00EEFE1BF2E85EFD02D
:10BD1000EEF0C1BF9787FE1F83C7A75859BF97870B
:10BD2000FE1F83C7675A71B719469785FE1F938513
:10BD3000A55741BF9787FE1F83C797569DBF97871B
:10BD4000FE1F83C7E75BB5B79787FE1F93878757AB
:10BD50009C4385B79787FE1F83C7E75499BF978792
:10BD6000FE1F83D7E7552310F400A5BF9787FE1F5A
:10BD700083D7A755CDBF9787FE1F83C7B75215BF7F
:10BD80009787FE1F83C7A7522DB72E85EFD04EECA5
:10BD900089BF9787FE1F83C7E75093F7F70711BF47
:10BDA0009787FE1F83C7775629B713070004894773
:10BDB000E36AA7F2EFB0AE832310A4001DB7930788
:10BDC000F5CFC207AE86C183D9452A8763EAF52E2F
:10BDD00017B80000130848968A07C2979C43411180
:10BDE00006C6C297B285368582874147E147639E82
:10BDF000E60241461785FE1F1305454D9750FE1F6D
:10BE0000E780E0AA15A04147E1476390E60241467A
:10BE10001785FE1F1305854CD5B71147E14763967B
:10BE2000E6001C4223A6F19A8147B2403E854101BB
:10BE300082800547E147E39AE6FE034706009787BD
:10BE4000FE1F83C7E7459786FE1F238BE64495C7F1
:10BE5000814761FF1787FE1F1307C74618438946AE
:10BE60003D8B6305D7009546E311D7FC1785FE1F70
:10BE70000345D547EFD0AE8D45BF81475DD71787C6
:10BE8000FE1F1307274418436306A7003D8B751751
:10BE9000E36DE5F885451785FE1F03453545EF80C1
:10BEA0001EE459B79307C01C63E8D7206306062039
:10BEB000B24041016FD08EA79307C01C63EED71E1E
:10BEC000630C061EB24041016FD06EB60547E147D4
:10BED000E39DE6F403470600A946E3E8E6F4978706
:10BEE000FE1F2380E73C89B70547E147E39FE6F261
:10BEF000034706008D46E3EAE6F29787FE1F238597
:10BF0000E73C1DB71947E147E391E6F2194617856B
:10BF1000FE1F13056539DDB50547E147E397E6F0F8
:10BF2000034706009D46E3E2E6F09787FE1FA389DC
:10BF3000E736DDBD0547E147E399E6EE0347060036
:10BF40008D46E3E4E6EE9787FE1F238BE73AE9BDD3
:10BF50000547E147E39BE6EC834706001787FE1F92
:10BF60002303F734D1B50947E147E390E6EC0356E4
:10BF7000060005671307A7C79306A6FFC206C1827E
:10BF8000E365D7EA9787FE1F239CC73271BD094737
:10BF9000E147E39CE6E80356060005671307A7C7D9
:10BFA0009306A6FFC206C182E361D7E89787FE1F0A
:10BFB000239DC73095BD834506001786FE1F0346A7
:10BFC000062F9787FE1FA38FB72C0145EF60BF9DFB
:10BFD000A1BD034606009785FE1F83C5B52C978734
:10BFE000FE1F2386C72CD5B79307C01C63E6D70C6A
:10BFF00061C6B24041016FD0AEB30547E147E39659
:10C00000E6E2834706001787FE1F0347A729058B33
:10C010009786FE1F2388F62893F6170011C7E3952D
:10C0200006E0EFD04E8D09B5E38006E01787FE1FCE
:10C030001307472918438945398BE31E07E493E723
:10C0400007F81787FE1F230FF724F9BB0547E147C1
:10C05000E39DE6DC834706001787FE1F0347F72AA8
:10C060009786FE1FA383F62A11C7E39F07DAEFD056
:10C070002E8B5DBBE38A07DA1787FE1F1307872421
:10C0800018431377070F19C3914531B593E707F8A4
:10C090001787FE1FA30BF72641BB9307000463EF2E
:10C0A000E70089458947E392B6D8B2408355060038
:10C0B0003A8541016FB02EA8E14785BB8947B5B3EA
:10C0C0009307000463E9A700894589476396B60092
:10C0D00083550600C5B789473E858280011106CE8B
:10C0E0002AC6EF208FD509C9B245F24003450500A5
:10C0F0004D4605616FB04E9BF24049450561828017
:10C100006F60BF8A411106C6EF80A00F1715FFFFB1
:10C110001305C502EF906EC3EF003FEC17B5FEFFAD
:10C120001305852EEF906EC2EFB0AEA717E5FEFFA8
:10C130001305E541EF906EC1EFE08EBE1745FFFF9E
:10C140001305C598EF906EC0EF30FFAD17F5FFFFF8
:10C150001305E515EF906EBFEFE04FF21705FFFFF7
:10C160001305C551EF906EBEEF00CFCDB240410137
:10C170006FF0BF979787FE1F9387C7191787FE1F1A
:10C180001307C7189C43184301456313F7008280C7
:10C1900083D6670081E683D6470036959C43F5B782
:10C1A0009787FE1F938747E88C431787FE1F035727
:10C1B000E7E74111138605229787FE1F23ACC714BA
:10C1C000938785FFBA9705659786FE1F23A0F6140F
:10C1D00006C61D05935637006374E50093060020DC
:10C1E0003307D6001785FE1F2324E51223A0E5227E
:10C1F000E1162312D600231306001CC3998FE11702
:10C200002312F70023130700EFF0DFF6B240978701
:10C21000FE1F2392A7DC410182809787FE1F938730
:10C22000670F1787FE1F1307670E9C4314430145D2
:10C230006393F600828003D7670011E703D74700B6
:10C240006373E5003A859C43E5B79787FE1F9387A4
:10C25000670C9786FE1F9386660B9C4390422A8745
:10C26000B305B5406314F6003A8529A89386870084
:10C270009C43E369D7FEE377F7FE2E85E3E4D5FE22
:10C28000E3F2F5FE828083C705002300F50083D723
:10C290002500A300F50083D72500A1832301F50025
:10C2A00083C74500A301F5001145828023AA019AA6
:10C2B00023A8019A828029C1411126C206C622C440
:10C2C000AA8401458DC52E842285414697A500008C
:10C2D0009385454C9740FE1FE780605D83C704004F
:10C2E00005452306F40083C71400A306F400B240FA
:10C2F000224492444101828001458280011122CC76
:10C3000026CA06CE0947AA8432846383E5044146DF
:10C310008147639BC500638FE6006397B6001DA845
:10C3200041478147638FE600F2406244D2443E8534
:10C33000056182808A852285EFF0FFF741468A8574
:10C3400021A88A85EFF03FF741468A85228531A0F2
:10C35000E398B6FC2E86A28526859740FE1FE780CF
:10C360004062AA87D1B723AAA19A8280011122CC68
:10C370000354650006CE26CA4AC84EC641C083296A
:10C380008500AE842A8803C90900814713178901F3
:10C39000618763550702B147054563FA8704511465
:10C3A000420403552800418033878900A2864E86C7
:10C3B0008545EF306FDCB337A00085077D1413553A
:10C3C0006900420405891379F90341802380F40050
:10C3D000A380A4002381240123928400014719C073
:10C3E0001387190098C409476383E7000145F240A9
:10C3F0006244D2444249B249056182800545C5BFC5
:10C40000C167F917630AF502D94763F7B70201114B
:10C4100022CC2EC606CE2A84EF001FA9B24563683F
:10C42000B50022856244F24005616F206FC7F2407B
:10C43000624405450561828005458280C167F91720
:10C440006314F5006F005FA6411106C6EF200FB41C
:10C4500011E15D45B2404101828039714ED656D21C
:10C460005AD006DE22DC26DA4AD852D4AA8A2E8B8B
:10C47000B28949EF36C6EFF07FFC9145EF005FB31C
:10C48000AA844D492DC9B246054A2380340105448A
:10C49000630A0B00B68513851400029B050513146F
:10C4A00005014180E20993D9894163D30902C1455D
:10C4B0005685EF20EFBB654905E933868400A285E8
:10C4C0002685EF308F9C2A8905E1310442044180A2
:10C4D00091472C085685231CF10026CE231D810090
:10C4E000EF10BFC12A8901C963070A00268597504A
:10C4F000FE1FE780A0FEF25062544A85D254425992
:10C50000B259225A925A025B21618280BA84014A4E
:10C51000ADBF011122CC26CA4AC84EC606CE2A8912
:10C520003284B689EFF07FF3AA8405E19387419BBB
:10C530009C4381CF05476317E40003C40900050449
:10C540001374F40FA2854A858297F24062442685CF
:10C550004249D244B24905618280AE860147054610
:10C5600097050000938565D26FF0BFFA83D7050069
:10C570002300F50083D70500A183A300F50009453A
:10C58000828083C7250005472300F50003D50500F9
:10C590006397E7000A050505420541818280C94786
:10C5A0003305F502CDBF03D505000A0542054181DB
:10C5B000828083D725002300F50003D5050083D7AB
:10C5C00025003305F502050542054181828003D52A
:10C5D0000500828003D50500828003D50500828096
:10C5E00083D725002300F50003D5050083D7250058
:10C5F0003305F502050542054181828083D7050098
:10C600002300F50083D70500A183A300F50083D79D
:10C6100025002301F50083D72500A183A301F500A0
:10C6200003D54500110542054181828083D705006D
:10C630002300F50083D70500A183A300F50003D5EF
:10C640002500090542054181828089471145639B88
:10C65000F60083471600834606000145A207D58FE2
:10C660002310F700828003D70500D947AE8663FA0E
:10C67000E70001470D4697050000938565EF6FF0D1
:10C680005FE90945828011456393A602834716003E
:10C69000834606000145A207D58F2310F700834784
:10C6A000360083462600A207D58F2311F70082802B
:10C6B00083C725000547FD1793F7F70F6361F7045C
:10C6C00083D705008DCF011122CC2A84C84106CE24
:10C6D00015C12EC68945EFF05FB72A8722856244CF
:10C6E000B246F2401546970500009385C5E90561FD
:10C6F0006FF03FE2F24062440945056182800945DE
:10C7000082809547114563F9D706411122C426C29C
:10C710004AC006C683471600BA8403470600A2072C
:10C720003284D98F2390F4008347360003472600D4
:10C7300093054400A207D98F2391F40089472382EF
:10C74000F40009461385540036899740FE1FE780A0
:10C7500000169307A9FF2394F4009947631BF9007F
:10C7600023A60400B24022449244024901454101FB
:10C7700082801904C0C4FDB7828083D705008DCFA5
:10C78000011122CC2A84C84106CE15C12EC685458A
:10C79000EFF0BFAB2A8722856244B246F2401D46C5
:10C7A00097050000938565E005616FF09FD6F24024
:10C7B00062440945056182800945828099476395F5
:10C7C000F6048947411106C62302F7008347160085
:10C7D00083460600B285A207D58F2310F700834752
:10C7E00036008346260003464700A207D58F13056F
:10C7F00057002311F70091059740FE1FE780200B9B
:10C80000B240014541018280D14711456394F60051
:10C81000C1474DBF828083D705008DCF011122CC47
:10C820002A84C84106CE15C12EC68945EFF0FFA166
:10C830002A8722856244B246F240254697050000C9
:10C84000938565D705616FF0DFCCF24062440945FE
:10C85000056182800945828089471145639BF60006
:10C8600083471600834606000145A207D58F231093
:10C87000F7008280011122CC2A84C84106CEAE8600
:10C88000014719C52EC68545EFF03F9CB2462A8761
:10C8900022856244F2402D4697050000938565D3BA
:10C8A00005616FF01FC711456393A6028347160009
:10C8B000834606000145A207D58F2310F700834762
:10C8C000360083462600A207D58F2311F700828009
:10C8D000011122CC2A84C84106CEAE8611C52EC6CF
:10C8E0008545EFF09F96B2462A8722856244F24042
:10C8F000354697050000938525CE05616FF07FC111
:10C9000093F71600114589EB89476387F600858206
:10C910002312D70010C301458280011122CC2A8442
:10C92000C84106CE15C12EC68545EFF01F922A8755
:10C9300022856244B246F2403D4697050000938549
:10C9400005CA05616FF0FFBCF2406244094505610C
:10C95000828083D705008DCF011122CC2A84C84163
:10C9600006CE15C12EC68945EFF03F8E2A87228557
:10C970006244B246F240454697050000938585C65D
:10C9800005616FF01FB9F24062440945056182807C
:10C9900009458280854763FCD7022304A700A304CE
:10C9A000B7008347160083450600A207CD8F2310EA
:10C9B000F7009387E6FF2311F70089476386F600A7
:10C9C000090650C30145828023220700E5BF1145B7
:10C9D0008280014781464D4681456FF09FB38D4768
:10C9E000114563FBD7028347160083450600A20763
:10C9F000CD8F2310F7008347360083452600A2071A
:10CA0000CD8F2311F7009387C6FF2312F7006386AB
:10CA1000A600110610C70145828023240700E5BF48
:10CA2000011122CC2A84884506CEAE8611C52EC6B9
:10CA30009545EFF09F81B2462A8722856244F240F5
:10CA40005D46970500009385A5BB05616FF07FAC3F
:10CA5000854711456397F60083470600014523008B
:10CA6000F700828001478146654681456FF07FAAC5
:10CA7000011122CC2A84C84106CEAE86014719C5D1
:10CA80002EC68D45EFF06FFCB2462A8722856244A0
:10CA9000F2406D4697050000938585B905616FF0FA
:10CAA000DF9B011122CC2A84C84106CEAE86014705
:10CAB00019C52EC68D45EFF04FF9B2462A8722855B
:10CAC0006244F240754697050000938565B605619E
:10CAD0006FF0BF98814717A800001308A8CC130671
:10CAE000F00F3307F80083460700139706014183D0
:10CAF0006364E5006393C600828083D605006365A6
:10CB0000D7002390E5008280850793F7F70FD1BF08
:10CB100041119397050122C406C626C2C1872E84FF
:10CB200063D50702EF70DED9AA8409CD83470500DB
:10CB3000054793C707086364F700EF50F057268551
:10CB4000EF70FECB2165218D29A893F7150099CFB1
:10CB50009777FE1F9387877CFC5791C38297134575
:10CB60001400B240224492444101828093F7250090
:10CB700099CB9777FE1F9387677ABC5B91C38297A7
:10CB800013452400F9BF93F7850081CF9777FE1FE7
:10CB90009387C778FC5FBC5B91C382971345840081
:10CBA000C9B793F7450081CF9777FE1F9387077723
:10CBB000FC5FFC5791C38297134544005DB793F720
:10CBC000050291CF9777FE1F9387477583A70709C3
:10CBD00083A7070991C382971345040259B793F7B6
:10CBE000050191CF9777FE1F9387477383A70709A6
:10CBF00083A7C70891C38297134504019DB79397F4
:10CC000025010145E3DF07F49776FE1F83C67671A1
:10CC10001776FE1F0346E6709775FE1F83C5557095
:10CC20001775FE1F0345C56FEFA07FEF096521BF94
:10CC3000411113068012814522C42A841775FE1FF4
:10CC40001305C56D06C69777FE1F23AF076297775A
:10CC5000FE1F23AB077E9740FE1FE78060CC014597
:10CC6000EF3000150145EF30E01C3707D7073107DB
:10CC70009776FE1F23AEE66A37C70C0C130707141E
:10CC80009776FE1F23A8E66A37C7D707130707144E
:10CC90009776FE1F23A2E66A71771307071497762B
:10CCA000FE1F239DE6689777FE1FA3848732977740
:10CCB000FE1F9387A7667D46814603A7070D23A223
:10CCC000D70E23A0C70E83A7470DB7762D049386F2
:10CCD000F61F558F93E7E7099776FE1F23A8E670A6
:10CCE0009776FE1F23A8E6709776FE1F23A2F670A4
:10CCF0001777FE1F2322F7709777FE1F83C7A7338E
:10CD00001777FE1FA30AF76C1777FE1FA30AF76CAD
:10CD1000F977FD171777FE1F2315F7701777FE1F9A
:10CD20002312F770FD471777FE1F230EF76E9777D4
:10CD3000FE1FA3810762930730301777FE1F231C65
:10CD4000F7601777FE1F2319F760EF80BEA697776D
:10CD5000FE1FA386A75C9307C01C1777FE1F231C2A
:10CD6000F7629777FE1F83D7672CA9831777FE1F7B
:10CD7000A308F7629777FE1F9387072B83D70701D6
:10CD80001307B00F6374F7009307B00F13960701F2
:10CD900041821777FE1F2318F75A1777FE1F2316B5
:10CDA000F75A9306E60013973600420741839775BA
:10CDB000FE1F239BE5589775FE1F2399E558ED4507
:10CDC0006373B600ED471776FE1F231AF656130657
:10CDD0008014BA876374C700930780141777FE1F07
:10CDE0002310F7561777FE1F231EF7548547177732
:10CDF000FE1FA304F756B70703009387C71C1777D6
:10CE0000FE1F232DF7549777FE1F23AB0754B71748
:10CE10000706938707441777FE1F2325F754B707A4
:10CE200016008E06938707901777FE1F231BD75097
:10CE30001777FE1F232EF750EF80DFD5EF40706984
:10CE4000EF705FFE2244B24041016F60600041110B
:10CE500006C622C426C21777FE1F034707509777DE
:10CE6000FE1F83C7974F6369F70001442285B240D4
:10CE70002244924441018280AA8493051020130524
:10CE8000800B9740FE1FE78040562A8479DD130609
:10CE9000800B81459740FE1FE78080A881E4C15741
:10CEA0002304F4009777FE1F93874747B84F2DEF71
:10CEB0001777FE1F232E874A1777FE1F232C874ADA
:10CEC0001777FE1F232A874A2320040005479776F9
:10CED000FE1F2384E6480547A304E400130700F976
:10CEE000A305E4001777FE1F1307C73114535853E7
:10CEF0001775FE1F0345851474C438C87D57230B6E
:10CF0000E40083C7A704A30EE4062304A4062306B3
:10CF1000F40AEF80AFAF83476406A30AA40093E747
:10CF200037002303F40699B7F84F00C31777FE1FA5
:10CF3000232487442320040003C7E703050741BFD8
:10CF4000011152C4177AFE1F130A4A2E83270A00C2
:10CF500006CE22CC26CA4EC656C2130780074AC840
:10CF60002A84F8D30945EF804FE39779FE1F938910
:10CF7000292983A70900977AFE1F938A6A3037060A
:10CF80003300D857930530020545719B136717008E
:10CF9000D8D798431377F7CF98C398431377F7CF31
:10CFA0001367072098C303A70A001447D18E0326EE
:10CFB0000A0014C7B70603009386862534CA54575F
:10CFC000F59A54D70347E4079376F7079843137706
:10CFD00007F8558F98C3EF805E8264449D4723080D
:10CFE000F400230FA4062380F4008547A3810400E6
:10CFF0002381F4007C4893F707209DCB9147A381C0
:10D00000F4008347E40A8346D40A78449A07D58F0C
:10D010002302F70083C72400814685072381F4009B
:10D020000346040B8345D40A0345E40AEF80EFBEB0
:10D030007C4893F70740B1C303C734007C4483C6E0
:10D04000240013678700A381E4000357A408B69760
:10D05000A381E70083C7240078448346F4073E9702
:10D060008357A4089206A183BD8BD58F2302F700B6
:10D0700083C7240089072381F40003C624000357D3
:10D0800044089307D00F918F9776FE1F9386062949
:10D0900063D1E724834504080547930780426385ED
:10D0A000E50085679387878479479387371AB3C7E5
:10D0B000E70283C6860793E606019775FE1F238B5A
:10D0C000D52C83260A00C1658CC63387E702060784
:10D0D000B8D283C6340093E60601A381D400784415
:10D0E0008346E4073297A301D70083C6240078441F
:10D0F00036972302F70003C724007C44BA970347FE
:10D1000004081607A382E70083C724008D07238144
:10D11000F4008347040693F7070485C703C7340068
:10D120007C4483C6240013670704A381E4000347FB
:10D130005401B697A381E70083C7240085072381A4
:10D14000F4008347C4070547C11793F7F70F6366D9
:10D15000F70603C9240015469775FE1F9385652CB5
:10D16000930739000329C4043E99A1472300F9001D
:10D1700093078002A300F900130529009730FE1FD2
:10D18000E780E0720347C407C147631DF714835764
:10D190008408A1072311F408C547230EF40683472A
:10D1A0002408A303F90083572408A1832304F9006A
:10D1B00083C72400A5072381F400035644080149CE
:10D1C00031C203C7240068448325840A93073700CB
:10D1D0003E9583C73400C18B6380071279593309A8
:10D1E000E9401379F90F4A869730FE1FE780206CDB
:10D1F0008327840ACA973CDC83574408B3872741B6
:10D200002319F40603C724009377F70385073E9993
:10D210001379F90FA30824012381E4007C44A3803F
:10D22000270183260A00930770F9A305F400DC4266
:10D23000F99BDCC29777FE1F938707059C43E1C7E4
:10D240000347A40003A5090037060082BA9783C7E5
:10D25000070058557D169395870193F7F703E185ED
:10D26000E607718FD98F5CD51307A00383A70A0047
:10D270006359B70AF84F37060007518FF8CF83A7D5
:10D2800009000327C4088145172500001305A52EB2
:10D2900098C703270409D8C39777FE1FA38507F60D
:10D2A0009777FE1F238207F67C44BCDEEF802E9327
:10D2B00003461401834504086244F240D2444249C3
:10D2C000B249224A924A014505611743FE1F670091
:10D2D00023F683C7860793F7F70E1777FE1F230BF6
:10D2E000F70A05BD0357840883572408998F094717
:10D2F000E347F7EAC94755B59730FE1FE780205B43
:10D300000349440801B78305840603A509003706CD
:10D31000008293F7F503139797015C557D16F18F03
:10D3200091B713072002635AB700F84F370600F988
:10D330007D16718F3706000589B7370700F9130688
:10D34000F7FFF84F6945718F37060003E347B5F2E1
:10D35000370600011DB79776FE1F938626ED8C4297
:10D36000411122C426C206C64AC093078007FCD1D9
:10D370009777FE1F9387C7E89C432A8437053300BD
:10D38000D857719B13671700D8D798431377F7CFF7
:10D3900098C398431377F7CF1367072098C317777D
:10D3A000FE1F1307E7ED18431047498E10C73706D5
:10D3B000030013068625B0C95057759A50D7034706
:10D3C000E4071376F7079843137707F8518F98C34C
:10D3D00064449D472308F4002380F4008547A3811B
:10D3E00004002381F4007C4893F7074085CFA147D0
:10D3F000A381F4007C440357A4082382E70083C779
:10D40000240078440346F4073E978357A408120685
:10D41000A183BD8BD18F2302F70083C72400890726
:10D420002381F40083C52400035724079307E00FEA
:10D430008D8F63D2E70803460408054793078042AF
:10D440006305E60085679387878479479387371A52
:10D45000B3C7E7021776FE1F0346C6F3944213666E
:10D4600006011775FE1F2307C5F2416690C6338774
:10D47000E7020607B8D283C6340093E60601A3810B
:10D48000D40078448346E4072E97A301D70083C6CF
:10D490002400784436972302F70003C724007C4415
:10D4A000BA97034704081607A382E70083C724003E
:10D4B0008D072381F4000356240701491DCE03C7BD
:10D4C000240068442C5C930737003E9583C73400E2
:10D4D000C18BADCF79593309E9401379F90F4A86E9
:10D4E0009730FE1FE780A03C3C5CCA973CDC83572A
:10D4F0002407B38727412319F40603C724000145F5
:10D500009377F70385073E991379F90FA308240150
:10D510002381E4007C44A3802701930770F9A305CD
:10D52000F400034614018345040822449777FE1F44
:10D53000A38B07CCB240924402499777FE1F238504
:10D5400007CC41011743FE1F670083CE9730FE1FB3
:10D55000E780E035034924072319040679BF411108
:10D5600022C406C62A8426C24AC0EF40C077835729
:10D5700084080347C40785072314F4088D47631EF6
:10D58000F70C9147230EF4067C481777FE1F13070C
:10D59000E7D893E787007CC883479707898BEDDF3F
:10D5A0008347970793F7C70F1777FE1FA304F7DE8C
:10D5B0009777FE1F938787A69C438297035764083B
:10D5C0009777FE1F83D787AB3307F70293070032A5
:10D5D000130707193357F7029777FE1F938787A919
:10D5E000DC43B306E500368663E4A60063E4F60098
:10D5F0003386F640232CC4089776FE1F83C636A4D4
:10D60000636AD604158E9306D407A2851705000019
:10D610001305E517EF70AEDA2285EFF07F9297746D
:10D62000FE1F9384A4CFEF701FEF83C78407C18BC5
:10D63000CDC383C7840793F70702E5DF83C7840759
:10D64000228593F7F70C1777FE1F2305F7D4EFF029
:10D650009FD0E1BF958F3E967DB71779FE1F1309C6
:10D66000E99B832709008297AA8483270900829770
:10D67000E38DA4FE8327090083248409829763E055
:10D68000A4063385A4409777FE1F83C7579B9774E2
:10D69000FE1F83D4A49E63E3A70029E9835764088F
:10D6A000130700321776FE1F1306C69CB387970236
:10D6B000504293870719B3D7E702032784093E979F
:10D6C000BA866364F7006364C700B306C740232CBF
:10D6D000D408B240224492440249410182809777A3
:10D6E000FE1F93872799DC43BE9461BF9777FE1F87
:10D6F00083C757CA93E717001777FE1FA30CF7C815
:10D7000037470F0013070724B335E5029777FE1F4D
:10D710009387C7B103A90700B7070800268623240B
:10D72000F90081463305E502EF7020110605232636
:10D73000A9061777FE1F130767BE83479707898BD4
:10D74000EDDF834797071776FE1F1306A692504218
:10D7500093F7C70F1777FE1FA30EF7C2835764080E
:10D7600013070032B387970293870719B3D7E702ED
:10D77000032784093E97BA866364F7006364C70091
:10D78000B306C740232CD40841BD8347C507B1CB9E
:10D79000411122C406C626C249472A84639CE70277
:10D7A00003572508835785086316F7029304050A73
:10D7B00015469775FE1F9385C5C626859730FE1FB3
:10D7C000E780E00E2685EF4020789147A300A4086B
:10D7D000230EF40622852244B240924441016FF0A8
:10D7E0001FD882808347E501411122C406C69907EC
:10D7F000A308F5007C4511472308E5002380E700D6
:10D800007C45034715012A84A380E700834755031D
:10D81000858B91E70347450389476319F7007844EF
:10D820008347070093E707042300F7006844930544
:10D830006403194609059730FE1FE78040076844D6
:10D840000356E4014C5421059730FE1FE780200663
:10D85000930730F9A305F400B240224441018280CD
:10D8600041114AC01779FE1F130949AB8327490BA1
:10D8700006C622C426C299E3054505AAAA84EF700C
:10D880009FC98327490B8297EF40201D2A846DD5BD
:10D89000DC50AC482324F50803C7B4009307A00963
:10D8A000631BF71085472300F51483C73406230351
:10D8B000F514A303F51483C7F50003C70501014858
:10D8C000A2074207BA9703C7E5001546F905BA97BC
:10D8D00003C735FF130584136207BA97232CF40896
:10D8E00083C755FF03C765FFA2074207BA9703C75F
:10D8F00045FFBA97232EF40883C775FFA30BF402E4
:10D9000083C795FF03C785FFA207D98F231CF402A5
:10D9100083C7B5FF03C7A5FFA207D98F231DF40254
:10D9200083C7D5FF03C7C5FFA207D98F231EF40203
:10D9300083C7F5FF03C7E5FF232E0413A207D98F82
:10D94000231FF4028147232CF4129730FE1FE78037
:10D9500000F6B84883473702FD8BA30AF402034759
:10D960003702ED1793F7F70F15832308E4022D47CD
:10D970006368F7028357A40305679306A7C7E917EF
:10D98000C207C18363EEF6008356C4039307301FBA
:10D9900063E8D7008357E403130707C8637EF702E1
:10D9A00003558400EF40E0290145B24022449244EF
:10D9B0000249410182808327890D13971701E35C97
:10D9C00007EEFC4403C7070083C70500F98F958362
:10D9D000858B2300F514C5B58327890B2285829793
:10D9E0008327090E03558400294693F7072091E306
:10D9F000054693050008EF50C0058327890D13974E
:10DA00001701635907000355840051469305000828
:10DA1000EF50200483274905FC4B13974700E35D33
:10DA200007E403C58400A38B04004946930500085E
:10DA3000EF50200291B5411122C406C626C24AC049
:10DA40009777FE1F83C7978D2A848DEB03470401C8
:10DA500085476316F70E8347D40303475404858B29
:10DA6000631DF70C1946930564041305E40397300E
:10DA7000FE1FE78000F1B334A00091A8834755044E
:10DA8000CDC78347B5041307000493F7070C639EC3
:10DA9000E708085921C513096404CA851305A502BE
:10DAA000EF50400D8547AA84631AF502085889474C
:10DAB0002302F404834735001946CA8593E72700FB
:10DAC000A302F40451059730FE1FE78040DEB24008
:10DAD0002244268502499244410182800347040181
:10DAE00085476304F70483470406918B9DEF8347C2
:10DAF000C40385EF130544049740FE1FE7804048A8
:10DB000008D805C589472302F40483473500194620
:10DB10009305640493E72700A302F40451059730AA
:10DB2000FE1FE780C0D885445DB78347C403898B57
:10DB300091DF1C5883C7170091FB814449BF83477D
:10DB40000406918B89FB8347D40013F717000DC39C
:10DB5000834634010D47639DE60068402C4422440F
:10DB6000B2409244024941011733FE1F6700C32BA4
:10DB7000898BD5DB034734019547E316F7FAF1BFEC
:10DB800041119777FE1F2387078022C4930710F95E
:10DB900006C6A305F5009777FE1F9387A78A8043E3
:10DBA0000DC085451765FE1F0345B542EF70CEECED
:10DBB000930710273305F50222832244B240410126
:10DBC0000283B2402244410182808347A50199C764
:10DBD0000347A5006314F7006FF09FFA0347950110
:10DBE00011CF8346A5006382E6022305E50089453F
:10DBF0001765FE1F0345F53D6F706E8EF1DF03471D
:10DC0000A50079FB2305F500DDB7F9D7E5BF2C4961
:10DC1000314783C7150093F7F7032309F50063869F
:10DC2000E700930700083E85828083C705000D4703
:10DC3000BD8BA309F500E396E7FE41114AC0130925
:10DC4000650322C419462A84A1054A8506C626C250
:10DC50009730FE1FE780E0D291470DC52C48130591
:10DC60006404194683C7050089059987858BA3023B
:10DC7000F4049730FE1FE78080C32285EFF0BFDBFE
:10DC800009E9A147B2402244924402493E8541013C
:10DC900082801305000483044401EF904E956205D1
:10DCA0006185E3C0A4FE64449D472308F4002380FB
:10DCB000F40085472381F400A381F400CA85194646
:10DCC000138544009730FE1FE78060BE83C72400A1
:10DCD00003C734000149990793F7F70F13678700CB
:10DCE0002381F400A381E4007844BA970357C40663
:10DCF000A381E70083C724007844834614063E9737
:10DD00008357C4069206A183BD8BD58F2302F700EB
:10DD100003C7240009071377F70F2381E400835614
:10DD2000E401D5CE83470406795993F7070491C3DC
:10DD300075593309E9401379F90F6372D90A03461B
:10DD40003406751985461379F90F930780426305E8
:10DD5000D600856793878784F9469387371AB3C7B8
:10DD6000D7021766FE1F0346E66213660601976533
:10DD7000FE1F2381C5621766FE1F1306264B104245
:10DD8000C1650CC6B386D702860634D283C634007A
:10DD900093E60601A381D400744403462406369713
:10DDA000A301C70083C62400784436972302F700F6
:10DDB00003C724007C44BA97034734061607A3829E
:10DDC000E70083C724008D072381F4005C54CA97C1
:10DDD0003CDC8357E401B38727412319F4068347CA
:10DDE000040693F7070485C703C734007C4483C641
:10DDF000240013670704A381E40003475401B69786
:10DE0000A381E70083C7240085072381F40003C5AD
:10DE100024000356E4014C549307350068443E95B2
:10DE20002DCE636CC9069730FE1FE78040A80349DA
:10DE3000E40103C724009377F70385073E99A308FD
:10DE400024012381E40083475403858B91E7034732
:10DE5000440389476319F70078448347070093E731
:10DE600007042300F7007C4483451401A380B70016
:10DE700003453406930790F9A305F400EF70AFC68D
:10DE800003461401834534060D459730FE1FE78095
:10DE9000203AEF704FE88147F5B34A869730FE1F6E
:10DEA000E780E0A079B72C491307200283C715004B
:10DEB00093F7F7032309F500639CE714411122C48B
:10DEC00006C626C283C7050015472A84BD8BA30951
:10DED000F500639CE7021946A10513056503973019
:10DEE000FE1FE78000AA9147630E05102C481946D3
:10DEF0001305640483C7050089059987858BA302F0
:10DF0000F4049730FE1FE780809A2285EFF0BFB2BD
:10DF1000A1476DC99764FE1F9384C4159C408297E6
:10DF20009307E5013E87D44063E4A70063E4D7008C
:10DF30003387D7406444A1472308F40058D0238096
:10DF4000F40085472381F400A381F400194693056A
:10DF50006403138544009730FE1FE780409583C714
:10DF6000240099072381F40083C7340093E7270036
:10DF7000A381F4008347540481CB7844834707008E
:10DF800093E707F82300F700194693056404138507
:10DF9000A4009730FE1FE780809183C72400990773
:10DFA00093F7F70F13F7F7030507A308E40023819E
:10DFB000F40083475403858B91E703474403894763
:10DFC0006319F70078448347070093E707042300A9
:10DFD000F7007C4483451401A380B7000345340651
:10DFE0009307A0F9A305F400EF70EFAF0346140107
:10DFF000834534060D459730FE1FE7806023EF70A0
:10E000008FD18147B240224492443E8541018280B3
:10E01000930700083E85828041114AC01769FE1FA0
:10E020001309C9208327090022C41307800706C6E5
:10E0300026C2F8D32A840945EF702FD69767FE1FB2
:10E040009387071C9C439765FE1F93856523D857CC
:10E05000719B13671700D8D703260900584213672E
:10E06000170058C21767FE1F130707221843630AD9
:10E0700007188346A400370500827D1536970347AD
:10E080000700D457131887011377F70313588841F3
:10E090006607E98E558FD8D79306A003984163DEB3
:10E0A0000617744F37050007C98E74CF984313774E
:10E0B000F7CF98C398431377F7CF1367072098C318
:10E0C0009841B70533001447CD8E14C7B706030037
:10E0D0009386862534CA5457F59A54D703472406A5
:10E0E0009376F7079843137707F8558F98C337C788
:10E0F000898E130767ED98C7375755006444130797
:10E100005755D8C39D472308F4002380F400854762
:10E110002381F400A147A381F4007C440357C40683
:10E120002382E70083C724007844834614063E9781
:10E130008357C4069206A183BD8BD58F2302F700B7
:10E1400003C524009307E00F09051375F50F23811C
:10E15000A40003562407898F63CFC7047C442C5C3A
:10E160000D053E959720FE1FE780607403C72400CD
:10E17000834724079376F7038507B697A308F4002F
:10E180002381E40083475403858B91E703474403CD
:10E1900089476319F70078448347070093E707042A
:10E1A0002300F7007C4403471401A380E700930792
:10E1B00080F9A305F400832709007844B8DF976746
:10E1C000FE1F83C7E7EB81EB8145171500001305A0
:10E1D000853AEF70CEA003461401834534062244ED
:10E1E0009767FE1FA3810702B240924402499767D6
:10E1F000FE1F238B0700014541011733FE1F6700F7
:10E20000230303088406370500827D151377F8037E
:10E2100093169701D857698FB5BD9306200263DA2C
:10E220000601744F370500F97D15E98E37050005A5
:10E23000A5BDB70600F91385F6FF744FE948E98ECE
:10E2400037050003E3C208E737050001B1BD3971A6
:10E2500052D4176AFE1F130A6AFD03260A0022DC45
:10E2600026DA06DE4AD84ED6930780077CD2976717
:10E27000FE1F9387E7F89C43B70533002A84D857DD
:10E28000719B13671700D8D798431377F7CF98C3BC
:10E2900098431377F7CF1367072098C31767FE1FBC
:10E2A000130707FE18431447CD8E14C7B7060300A3
:10E2B0009386862534CA5457F59A54D703472506C2
:10E2C0009376F7079843137707F8558F98C36445FB
:10E2D0009D472308F50085462380F400A3810400B0
:10E2E0002381D4008347F5050D476385E70019476F
:10E2F000639BE74C8547A381F400194693056403AB
:10E30000138544009720FE1FE780605A83C72400CE
:10E3100099072381F4000347F40599476316F7042E
:10E3200083C734001385A40093E72700A381F4007A
:10E3300083475403898B6382071E0C5883C72501CA
:10E34000638D071C1946D1059720FE1FE7802056D4
:10E3500078448347070093E707F82300F70083C753
:10E36000240099072381F40083C7340003C72400E5
:10E3700093E78700A381F4007C44BA970357C4064F
:10E38000A381E70083C724007844834614063E97A0
:10E390008357C4069206A183BD8BD58F2302F70055
:10E3A00083C72400890793F7F70F2381F40083566E
:10E3B000C4016386061803470406795913770704D6
:10E3C00011C3755978483309F9401379F90F118B46
:10E3D00001C739191379F90F8149637FD908834639
:10E3E0003406751905471379F90F9309804263853F
:10E3F000E60085699389898479479389391AB3C975
:10E40000E9029766FE1F83C6E6F893E606011766E3
:10E41000FE1F2301D6F883260A00416690C6338783
:10E42000E9020607B8D203C7340013670701A381C6
:10E43000E400784483462406BA97A381D70003C733
:10E4400024007C44BA972382370103C724007C440C
:10E45000BA97034734061607A382E70083C7240050
:10E460008D072381F4001C54CA973CDC8357C401F8
:10E47000B38727412319F4067C48914613F7C70058
:10E48000630BD700B1466318D720834614060347B1
:10E49000F4076392E620A18BCDCB9767FE1F93878D
:10E4A000E7B79C438329840982971767FE1F1307E8
:10E4B00067BC63E9A908B7470F003385A940938774
:10E4C0000724B335F5020356870081463305F5026C
:10E4D000EF60A036AA89B7074B00138749ED9387F1
:10E4E000B7C763EAE71A4946814568009720FE1FCF
:10E4F000E7800043B7C70300938737FC63CD370D30
:10E50000BD09F947B3C9F902B2477977F98FCE0946
:10E5100093D93901B3E93701FDA08347D40381CBF7
:10E5200078448347070093E707F82300F70019466C
:10E530009305E4039720FE1FE78060370DB58149FE
:10E5400001491DBF5C43BE99BDB783C734008346F4
:10E550003406C18B9DC3F9470547B389F902835738
:10E5600024076399E600938787078587BE99938977
:10E57000492995B793870707D5BF83C72400035759
:10E58000C40105463E979307070F6395C60093079E
:10E59000870F85871767FE1F0347D7DF13671700AD
:10E5A0001766FE1FA308E6DE03270A0037060800E9
:10E5B0009389875210C7938757547946B3C7C702C8
:10E5C000B387C70286077CD7834714062300D40885
:10E5D000A30FF40609B7B7872500138737ED634605
:10E5E00037031307C01293896909B3C9E902B24717
:10E5F00089661387F6FFD58F33F7E900F979B3F908
:10E600003701B3E9E9004EC619A863C83717835725
:10E61000C1006977F98F1167D98F2316F1008357ED
:10E62000640868446C00139707018357C100D98FB1
:10E630003EC68327040A0327C4083EC88327440A2A
:10E6400013168700618393F6F7019767FE1F83C750
:10E6500017CD9D8B9607D58FD18F3ECA832704098E
:10E660004946A2075D8F835784083ACC231EF100E8
:10E6700083C724008D073E959720FE1FE780202347
:10E6800083C7340093E70702A381F40083C7240003
:10E69000C9072381F4008347040693F7070485C75D
:10E6A00003C734007C4483C6240013670704A38196
:10E6B000E40003475401B697A381E70083C7240011
:10E6C00085072381F4000356C40161EA014983C62A
:10E6D00024008347E40513F7F60305073A999A07E0
:10E6E000D58FA30824012381F40083475403858B2D
:10E6F00091E70347440389476319F7007844834748
:10E70000070093E707042300F7007C440347140144
:10E71000A380E700930760F9A305F40078448327FA
:10E720000A00B8DF9767FE1F83C7879581EB814595
:10E7300017150000130525E4EF607ECA03270A00C1
:10E740009767FE1FA38107AC9767FE1F238E07AA5A
:10E750005C43014593E717005CC3034614018345FE
:10E7600034069730FE1FE780A0ACF2506254D254BA
:10E770004259B259225A21618280B787DAFF9387C2
:10E780006709BE998347D10093F7F7F993E7070626
:10E79000A306F1009307C012B5B303C524000C54BF
:10E7A0009307350068443E956369C9009720FE1FB2
:10E7B000E780E00F0349C40119BF4A869720FE1F76
:10E7C000E780E00E29B71387E7FF1377D70F6310B1
:10E7D000071CA381D40093056503194613854400E3
:10E7E0009720FE1FE780A00C83C7240003C73400D6
:10E7F0009769FE1F938989B2990793F7F70F1367FB
:10E8000087002381F400A381E40078440149BA978A
:10E810000357C406A381E70083C7240078448346D6
:10E8200014063E978357C4069206A183BD8BD58FED
:10E830002302F70083C624009147890693F6F60F5A
:10E840002381D4000347F405631CF70A83470406B9
:10E85000795993F7070491C375598357C401330954
:10E86000D9401379F90F637DF90803463406751909
:10E8700005471379F90F930780426305E600856722
:10E880009387878479479387371AB3C7E70203C60C
:10E890008907136606019765FE1F238DC5AE032603
:10E8A0000A00C1650CC63387E702060738D203C7E2
:10E8B000340013670701A381E4007844034624066B
:10E8C000BA96A381C60083C62400784436972302F3
:10E8D000F70003C724007C44BA97034734061607A1
:10E8E000A382E70083C724008D072381F4001C5412
:10E8F000CA973CDC8357C401B38727412319F40628
:10E900008347040693F7070485C783C7340003C70A
:10E91000240093E70704A381F4007C44BA970347DB
:10E920005401A381E70083C7240085072381F400F5
:10E930000347F4059147631AF7040356C40131C62F
:10E9400003C524000C549307350068443E95636862
:10E95000C9029720FE1FE78080F50349C4010347E1
:10E96000F4059147631CF72483C7890793F7070FC2
:10E9700093E757001767FE1F230EF7A089BB4A864F
:10E980009720FE1FE780A0F2D9BF0149C9BF93F7C6
:10E99000B70F0547E39CE7D2A381F4009305650315
:10E9A0001946138544009720FE1FE78040F083C777
:10E9B000240099072381F40083C7340093E72700DC
:10E9C000A381F4008347D40381CB784483470700B5
:10E9D00093E707F82300F700834754031385A40047
:10E9E000898B6383071A0C5883C72501638E071828
:10E9F0001946D1059720FE1FE78060EB78448347D6
:10EA0000070093E707F82300F70083C7240003C734
:10EA100034009769FE1F93896990990793F7F70F60
:10EA2000136787002381F400A381E400784401493F
:10EA3000BA970357C406A381E70083C7240078442C
:10EA4000834614063E978357C4069206A183BD8B66
:10EA5000D58F2302F70083C624008547890693F6E5
:10EA6000F60F2381D4000347F405631CF70A83479C
:10EA70000406795993F7070491C375598357C40164
:10EA80003309D9401379F90F637DF9080346340639
:10EA9000751905471379F90F930780426305E6005E
:10EAA00085679387878479479387371AB3C7E702C7
:10EAB00003C68907136606019765FE1F238CC58C64
:10EAC00003260A00C1650CC63387E702060738D261
:10EAD00003C7340013670701A381E40078440346A9
:10EAE0002406BA96A381C60083C6240078443697CC
:10EAF0002302F70003C724007C44BA970347340677
:10EB00001607A382E70083C724008D072381F40042
:10EB10001C54CA973CDC8357C401B387274123198F
:10EB2000F4068347040693F7070485C783C73400B8
:10EB300003C7240093E70704A381F4007C44BA9739
:10EB400003475401A381E70083C72400850723817D
:10EB5000F4000347F40585476310F7060356C40124
:10EB600021CE03C524000C549307350068443E951C
:10EB7000636EC9029720FE1FE78060D30349C4017A
:10EB80000347F4058547F9BB8347D40381CB784419
:10EB90008347070093E707F82300F700194693051A
:10EBA000E4039720FE1FE78080D085B54A86972032
:10EBB000FE1FE780C0CFE9B70149D9B783C78907EE
:10EBC00093F7070F93E7670075B301115AC0175BFE
:10EBD000FE1F130BAB7483274B0A06CE22CC26CA2A
:10EBE0004AC84EC652C456C26393075A2A8409457E
:10EBF000EF60BF9A1759FE1F1309496303260900E6
:10EC0000930780079759FE1F9389895F7CD283A75A
:10EC10000900175AFE1F130AAA66B7053300D85712
:10EC2000DA8A719B13671700D8D798431377F7CF09
:10EC300098C398431377F7CF1367072098C3032728
:10EC40000A001447CD8E14C7B706030093868625A5
:10EC500034CA5457F59A54D78346A40013F6F607DE
:10EC6000944393F606F8D18E94C35C4393F7F7EF81
:10EC70005CC30100010003270A005C4393E707100F
:10EC80005CC38347E4007844BD8B2308F400230071
:10EC9000F7001D476444639BE73E8547A38104005A
:10ECA0002381F4000347F4058D466313D728835767
:10ECB000C401639407187C481147B18B638FE71632
:10ECC00031476398E700034714068347F407630658
:10ECD000F7168547A381F40019469305640313854D
:10ECE00044009720FE1FE78080BC83C7240099075B
:10ECF00093F7F70F2381F400034704061377070403
:10ED000015C303C7340013670704A381E4007844E4
:10ED1000BA9703475401A381E70083C724008507FE
:10ED20002381F4009757FE1F2386076683C62400BD
:10ED30008347E40513F7F60305079A07D58FA30861
:10ED4000E4002381F400930740F9A305F40083470E
:10ED50005403858B91E70347440389476319F70000
:10ED600078448347070093E707042300F7007C44B7
:10ED700003471401A380E70083260900DC4293E7E0
:10ED80001700DCC29757FE1F938707509C43638888
:10ED9000073A0347A40003A5090037060082BA9783
:10EDA00083C7070058557D169395870193F7F7039E
:10EDB000E185E607718FD98F5CD51307A003832700
:10EDC0000A00635CB738F84F37060007518FF8CF59
:10EDD00003A70900B7C7898E938767ED1CC7B7578C
:10EDE0005500938757555CC389471757FE1FA30EDD
:10EDF000F7409757FE1FA38807409757FE1F2385AC
:10EE000007407C44834444068145170500001305F0
:10EE10008576BCDEEF60AEDC034614016244F2404E
:10EE20004249B249224A924A024BA685D244014540
:10EE300005611723FE1F6700A33FA147A381F400CC
:10EE40008357C4062382F4008357C406034714067D
:10EE50007444A1831207BD8BD98FA382F60003C629
:10EE60002400054709061376F60F2381C40083C7E3
:10EE70008A0783260900631AF7080347840193076A
:10EE8000E6008E07231AF4069387C708B387E702C4
:10EE9000F94509451758FE1F230EA84E416588C63F
:10EEA000938707FBC207C18393877716B3C7B7025F
:10EEB00013970701B387B70241838607BCD283C784
:10EEC000340093E70701A381F4007C443E96834716
:10EED000240693E70704A301F60083C624007C44BC
:10EEE000B6972382E70083C624007C4421837D8B70
:10EEF000B697834634069606558FA382E70083C7EC
:10EF000024008D072381F40015B5B852F947058315
:10EF10003357F702BC52EC528583FD8BAE97FCD27F
:10EF20008D479756FE1F2387F6464207418341BF10
:10EF300019466318C70A0357C40145E7A381F400C3
:10EF400013854400930564039720FE1FE7802096F5
:10EF500083C724001385A40099072381F40083C785
:10EF6000340093E72700A381F40083475403898B7F
:10EF7000B9C70C5883C72501B9C31946D1059720D5
:10EF8000FE1FE780C09278448347070093E707F8A5
:10EF90002300F70083C72400990793F7F70F238115
:10EFA000F4000347040613770704E30D07D683C66E
:10EFB0003400784493E60604A381D40091BB8347D0
:10EFC000D40381CB78448347070093E707F82300F5
:10EFD000F70019469305E4039720FE1FE780208D74
:10EFE00055BFA147A381F4008357C4062382F400D0
:10EFF0008357C406034714067044A1831207BD8BD0
:10F00000D98FA302F60003C624000547090613762C
:10F01000F60F2381C40083478B07832509006315FE
:10F02000F704034784019307F6008E07231AF406BA
:10F030009387C708B387E702F94609451758FE1FAB
:10F04000230AA834416588C5938707FBC207C1839B
:10F0500093877716B3C7D70213970701B387D702F1
:10F0600041838607BCD1A1BDB851F9470583335709
:10F07000F702BC51E8518583FD8BAA97FCD19757C5
:10F08000FE1F2389D7304207418315BD0547639C86
:10F09000E708B147A308F40083475403898BADC345
:10F0A0000C5883C72501A9CF1946D10513858400C3
:10F0B0009710FE1FE780A07F78448347070093E7FF
:10F0C00007F82300F700684419469305640309050F
:10F0D0009710FE1FE780A07D83A78A0D1397170165
:10F0E000635D07008347E400B98B81EB7844834775
:10F0F000070093E707022300F700930720F9B1B157
:10F100008347D40399C783C7040093E707F8238094
:10F11000F400684419469305E40321059710FE1F87
:10F12000E780E0784DB70356C4010C541385840082
:10F130009307660093F7F703A308F400C5B78305A8
:10F14000840603A509003706008293F7F503139799
:10F1500097015C557D16F18FB9B913072002635AE8
:10F16000B700F84F370600F97D16718F3706000596
:10F17000B1B9370700F91306F7FFF84F6945718FEA
:10F1800037060003E344B5C43706000181B1F240FD
:10F190006244D2444249B249224A924A024B056132
:10F1A000828041119757FE1F9387471722C4A053AF
:10F1B00006C605478346C4006390E60283C78707F7
:10F1C00011476315F7002285EFE09F9B22852244BB
:10F1D000B24041016FF07F9FB240224441018280E2
:10F1E0009757FE1F93878713BC4F99E33E85828014
:10F1F00003C78700E30CA7FE9C43C5BF011106CEE1
:10F2000022CC26CA4AC84EC6EFF09FFD11E901493B
:10F21000F24062444A85D2444249B2490561828043
:10F22000834755032A8489EF19469755FE1F938516
:10F23000651D130564039710FE1FE7804067B5A89E
:10F240000547639EE7009757FE1F83C7470D49494F
:10F25000E1D319469755FE1F9385251BD9BF1C592D
:10F26000A1EB8347C503230A050291EB034754032F
:10F270008547230AF4028947E317F7FC75B713059E
:10F28000C5039730FE1FE78060CA08D815C1EF306C
:10F2900030150C5883C7A50081CF8947230AF40293
:10F2A0001946B105130564039710FE1FE78020601F
:10F2B000034744038947E31BF7FA9757FE1F83C7A9
:10F2C000F7059DCB8347C40385CB834734041307DD
:10F2D00000041305C40393F7070C6394E70E9730FB
:10F2E000FE1FE780E0C908D81C5899C783C72701CB
:10F2F00081C78947230EF4020349C400E31909F0CA
:10F3000085478349E4002306F400A304F4009757DB
:10F31000FE1F238507009757FE1F83C757D293947C
:10F320000701231BF40613F7F9009947C18063F620
:10F33000E7040357C4011755FE1F034545ED374643
:10F340000F0093173700AA971305A00F3357A70292
:10F350009387970E1755FE1F035545D213060624B3
:10F36000814691042607BA97B3A5A7023305F50293
:10F37000EF50A04CAA94231B94068357E40623184D
:10F380000406A9C7034564019307F00F6307F5005E
:10F39000EF507EE6FD57230BF4000356E406930678
:10F3A00064011206A2851715000013052597EF507A
:10F3B0007EC985451755FE1F0345B5C1EF503E92E6
:10F3C00081BD9730FE1FE78060B631BF8547E3926D
:10F3D000F9FE034564019307F00F6307F500EF5052
:10F3E0009EE1FD57230BF4000566930664011306A6
:10F3F00006804DBF411122C42A84094506C6EF602C
:10F40000CF99EF604F91228523060400A3050400E5
:10F41000A3040400EFE0CFF685451755FE1F034512
:10F4200055BBEF501ED689451755FE1F034575BACB
:10F43000EF503ED5034564019307F00F6307F500D5
:10F44000EF507EDBFD57230BF400B2402244410114
:10F4500082802C49411106C622C426C24AC083C7F5
:10F4600015007D4793F7F7032309F500E91793F794
:10F47000F70F637BF70093040008B240224426850F
:10F48000024992444101828083C70500BD8BA309D4
:10F49000F500F51793F7D70FF9FF2A841946A10550
:10F4A000130565039710FE1FE780A04D914471D5A9
:10F4B0002C4885472302F40483C7050019468905B3
:10F4C0009987858BA302F404130564049710FE1F2B
:10F4D000E780E03D2285EFE00FD685472A89E31CCF
:10F4E000F5F8034734019547631FF702EF00B06852
:10F4F0009757FE1F83C707B76377F5028347040159
:10F50000E36BF9F69757FE1F938747B19C438144FD
:10F51000829748D02285EFE0AFB4E31025F722852B
:10F52000EFF05FED99BF8347040181C71947E3946A
:10F53000E7F41305000483044401EF705E8B620559
:10F540006185E3CAA4F22285EFE0CFA983451401C7
:10F55000034544068144EF501FD9034614018345F7
:10F5600044060D459720FE1FE78080CCEF50BFFA80
:10F5700029B7397126DA9754FE1F938424DA22DCE6
:10F58000A0504AD84ED652D456D25AD05ECE62CC73
:10F5900066CA06DE314B977A0000938A2A22914B85
:10F5A0001759FE1F130909C69759FE1F938909C8E9
:10F5B0000D4C930C7009130A44018347B4009387E0
:10F5C000E70693F7F70F6366FB188A07D6979C4305
:10F5D000D69782870146930550020145EF505FDBC5
:10F5E00013065002814505459720FE1FE78040C461
:10F5F00083473900858BD1C328488146528681458F
:10F600009757FE1FA38107C09720FE1FE78020B9F0
:10F6100001E52285EFF0FFE30347B40093073009CB
:10F62000E30DF7F8EF503FEF2285EFE00FDAF250ED
:10F630006254D2544259B259225A925A025BF24B46
:10F64000624CD24C2161828083472900858B95C30F
:10F650009757FE1F238907BA83470401054763753F
:10F66000F7001947E390E7FC9307B0F9A305F4000E
:10F67000A9B783A70900FC53A9F39757FE1F238559
:10F6800007B84DB783472900858B6388073C975798
:10F69000FE1F238A07B69384819BEF50DFE79C40CF
:10F6A0009DCBDC438DCB89472302F1008347540473
:10F6B000130561001946A302F10083474401930535
:10F6C00064042306F1009710FE1FE780401E9C4053
:10F6D0004800DC4382978347740689CF83455404EE
:10F6E0000345840013066404EF90BFEF834774065C
:10F6F000898B9DFB2285EFE0AFC815BF034534061B
:10F70000014693055002EF50BFC8834534061306E7
:10F71000500205459720FE1FE78080B183473900DE
:10F72000858B6381073428488146528681459757E7
:10F73000FE1FA38A07AC9720FE1FE78040A601E5C5
:10F740002285EFE04FF60347B4009307A009E306D4
:10F75000F7E6EF505FDC79BF0345340601469305B9
:10F760005002EF50FFC28345340613065002054590
:10F770009720FE1FE780C0AB83473900858B6383EA
:10F78000072E28488146528681459757FE1FA38C35
:10F7900007A69720FE1FE78080A001E52285EFE005
:10F7A0000FC70347B4009307900955B78347290053
:10F7B000858B6384072A9757FE1F238607A4EF5083
:10F7C0009FD583C7840709476307F70083C784076A
:10F7D0000D476315F70283A6090003574407BC527F
:10F7E0001307C712858363FBE700930750F9A3054E
:10F7F000F400BC528583E39207DCEDBD034794011E
:10F800008347A4011DCF8346A4006305D7286387DF
:10F81000F6002305E4002285EFF02FBB8347790033
:10F8200093F7F70FE39B07D883C78407094763075C
:10F83000F70083C784070D47E31EF7EA930750F9E3
:10F8400035B5E9DF0347A40071FB2305F400E1B7F8
:10F8500083C78407E39EFBFE2285EFE05F9FB1BB79
:10F8600083472900858B638A071E9757FE1F238CC9
:10F87000079883C78407C18B85C7EF50DFC983C74B
:10F88000840793F70702E5DF83C78407228593F790
:10F89000F70C1757FE1F230FF7AEEFE0EFF731BB62
:10F8A00083C79407858B91C7EF50FFC69307E0F994
:10F8B00075BB83C784071547BD8B639DE700EF00C9
:10F8C000902B9747FE1F83C7E779E374F5E893070A
:10F8D000D0F969BB83C784071947BD8BE39BE7E673
:10F8E0009307C0F961B383472900858BE38707CC71
:10F8F0009757FE1F2389079083C78407C18B89CB45
:10F90000EF507FC183C7840793F70702E5DFADBFE0
:10F9100083C79407858BC9FB83C784071547BD8BB5
:10F92000E387E7FA83C784071947BD8BE38AE7FAC1
:10F93000EF507FBEEDB9230E84072285EFD03FC282
:10F940008347B400E38B97C7DDB183473900858BCC
:10F9500085CBEF505FBC9757FE1F9387678A98430C
:10F960003C57ED9B3CD79757FE1F2382078A3717DA
:10F97000004083578701C607C583231CF7009DBB42
:10F9800083A70900FC53E39A07C2EF50DFB89757EB
:10F99000FE1F9387E78698433C57ED9B3CD79757CC
:10F9A000FE1F238607863717004083578701C60747
:10F9B000C583231CF7009757FE1F238707841DBBB1
:10F9C00083472900858BD1CB9757FE1F238D078254
:10F9D00083C78407C18B9DC383C7840793F707023E
:10F9E000E5DF2285EFE04FE383C7840793F7F70C49
:10F9F0001757FE1F2300F79AEF50FFB12285EFE063
:10FA00002F989384819B9C409DCBDC438DCB894771
:10FA10002302F10083475404130561001946A30231
:10FA2000F10083474401930564042306F100971015
:10FA3000FE1FE780C0E79C404800DC438297834775
:10FA40007406858BE38507BE834554040345840013
:10FA500013066404EF90FFB8D9BE83A70900FC53D6
:10FA6000E39D07B49747FE1F2380077ADDB19747D0
:10FA7000FE1F83C74779858BF5D79747FE1F2384E1
:10FA80000778EF505FA92285EFD09FDD2285EFF048
:10FA90007F9671BEE38407D84DBB41119757FE1F77
:10FAA0009387C78722C4E04B06C626C2630A042494
:10FAB0008346C40005476395E6249746FE1F83C628
:10FAC000D6741547638BE6001747FE1F130787732D
:10FAD000034777008D46639DE6002244B24092447E
:10FAE0001745FE1F0345F54E854541016F502E9F7A
:10FAF00083C70700835604021757FE1F23208788F9
:10FB0000850793F7F70F1757FE1F2309F780130791
:10FB100000643347D70263C8E700EF509ED497478D
:10FB2000FE1F238D077E0347E4009D476317F704FC
:10FB30008347940685CF8356040763E6F602834520
:10FB4000840093073004A30BF4001305300493F6EC
:10FB5000F60F0146EF90BFA822852244B24092449E
:10FB600041016FF03F8985062318D40693053002C2
:10FB70000545EF509EC82301A40685471757FE1F71
:10FB8000230AF780034784018D476319F70AEF4082
:10FB90003EF60D8901ED930770022305F4009307EB
:10FBA0005002A30CF4009307600231A8854763104C
:10FBB000F508930760022305F40093075002A30C95
:10FBC000F40093077002230DF4000347E400854717
:10FBD0009744FE1F83C4F43F6318F70E03560402D4
:10FBE00085452685EF506EAF83475403898BEDC75B
:10FBF0008347C403F5C30C58E5C183C7A500E9CF0B
:10FC00008947230AF4021946B105130564039710C6
:10FC1000FE1FE780C0C90347C407894763E2E70CBA
:10FC200022852244B240924441016FE01FFA9307BB
:10FC300050022305F40093077002A5B78946834755
:10FC4000F4006319D70213F7170011CF13075002FE
:10FC50002305E400898B81CF93076002A30CF40095
:10FC6000230D04009DB7930760022305F40093075A
:10FC70007002EDB79DC313F7170001CB9307500235
:10FC80002305F400A30C0400E1BF898B81C793070F
:10FC90006002FDB793077002E5B78347940113072D
:10FCA00040026365F7009307500201A8850793F7A8
:10FCB000F70F13077002E368F7FEA30CF400834705
:10FCC00094012305F40069BFB9450545EF50FEB224
:10FCD000035604022A9629B78547230AF40225BF52
:10FCE0009747FE1F938787339C4383248409829719
:10FCF00063EDA400835764073385A440E372F5F2F3
:10FD0000B24022449244410182809747FE1F93876C
:10FD10006736DC43BE94F9BF011122CCFD5706CEF5
:10FD2000230BF5008357E5062A8485C7834605071C
:10FD3000834585009307C003A30BF5000146130517
:10FD4000C003EF90DF8922856244F24005616FF0C5
:10FD50006FEA8347E5000547BD8B6386E70083476D
:10FD60000506918BEDD39747FE1F9387275B83A7EB
:10FD7000070E93F7072085C302C402C202C0814860
:10FD80000148814701478146054681451305C00367
:10FD9000EF909F824DBF02C08148014881470147D3
:10FDA0008146054681451305C003EF90CFFE61BF34
:10FDB0009747FE1F23A8A7688280411106C6974770
:10FDC000FE1F83C7172189EB17D5FFFF130585D4C5
:10FDD000EF50AEF7EFC0DFE597D7FFFF93876707D8
:10FDE0001747FE1F232EF75897F7FFFF93874741CA
:10FDF0001747FE1F2328F758B24097070000938744
:10FE000007CA1747FE1F2321F75897F7FFFF93876D
:10FE100087391747FE1F232BF7564101828011C9EE
:10FE20008327050A93E707082320F50AFD572303D4
:10FE3000F50282809747FE1F23AAA760828097471A
:10FE4000FE1F9387A74DBC4B9C5799E33E8582804C
:10FE500003D78701E30CA7FE93878705FDB7011140
:10FE600022CC06CE2A84034565029307F00F2E8626
:10FE70006309F5002EC6EF500EB83246FD57230336
:10FE8000F4028347A402035784049306640293E7B1
:10FE900007062305F40283570404A285F240BA97AB
:10FEA0002313F404624417050000130585F7056168
:10FEB0006F504E99011122CC06CE2A84034575025B
:10FEC0009307F00F2E866309F5002EC6EF50AEB2F1
:10FED0003246FD57A303F40293067402A2856244DE
:10FEE000F240171500001305C5E505616F508E95AA
:10FEF000011122CC06CE2A84034585029307F00F18
:10FF00002E866309F5002EC6EF50EEAE3246FD5741
:10FF10002304F40293068402A2856244F24017157A
:10FF200000001305A5E405616F50CE91B7074801A5
:10FF3000ED079745FE1F83D585401746FE1F0356E4
:10FF4000C6401747FE1F035767409746FE1F83D6DC
:10FF5000463F232EF51A2320F51C231CB51A231A1D
:10FF6000C51A231BE51A231DD51A6D48AE87637386
:10FF7000B800ED47939507012314F51C6D48C18126
:10FF8000B2876373C800ED472312F51C1306801473
:10FF9000B6876374D600930780142315F51C930667
:10FFA0008014BA8763F4E600930780142313F51CCA
:10FFB0002307B50482800347651489468357A51C2F
:10FFC000631ED70283568514938787E899C6B3C703
:10FFD000E702938757FD214731A02147B3C7E702C6
:10FFE000938757FDB3C7E7020357851CC207C18338
:10FFF00063F3E7003E872307E504828085466316A6
:020000022000DC
:10000000D7009387C7FB1147F1BF938707FBE1B781
:100010008357451B0357051C411106C663F3E700D0
:100020003E87931807018357251C0357651B93D8F8
:1000300008016373F700BA87139807018356C51B3D
:100040008357851B1358080163F3D700BE860357F7
:10005000A51B8357E51B1393060113530301637319
:10006000F700BA8783467514C2070947C183639AAC
:10007000E6000566130606A942876370C802328748
:1000800029A8032705109316470163CC06000566CF
:10009000130686844287E36406FF1318070113588A
:1000A0000801834665140947639EE6060357A503C6
:1000B0009306204E3307D70293F6F80F9A0613865D
:1000C000F63C9386C64F634406019306C812158F0B
:1000D00063D3E7003E87420705664183130606A9FE
:1000E000BA876373C700B287C207C1830356451C32
:1000F00013F7F80F9376F30F6316E6040356651CA7
:10010000631206050356851C631ED6020356A51C02
:10011000631AF602230E0506EFF0FFE90945B24027
:10012000410182800327051093164701E3C006FCB6
:10013000056613068684BE856373F600B2859397C1
:10014000050165B70546230EC5062312E51C2313DA
:10015000051D2314D51C2315F51CEFF0DFE5014523
:100160007DBF0357A51B8357E51B411106C663736B
:10017000F700BA8703466514139707018946418340
:10018000631BD6068566938606A96373D700B68778
:100190001397070141838357A51C6387E7008547B1
:1001A0002315E51C230EF5060357651B8357251CF5
:1001B0006373F700BA8703467514139707018946DE
:1001C00041836317D6048566938606A96373D700B7
:1001D000B6871397070141838357651C6387E70040
:1001E00085472313E51C230EF506EFF0DFDCB24054
:1001F000014541018280856713868784E37DE6F8A7
:100200008326051093870780F58FD1F7328761B772
:10021000856713868784E371E6FC83260510938740
:100220000780F58FD5FB328745BF0357A504954757
:100230000356E503B307F7028356A50393D537406A
:100240006355B600118F93173700B3C7D702C207A3
:10025000C1832314F5048280832745110D4693063C
:10026000F00F03C707000D8BA306E5006314C7005A
:1002700083C62700A30BD50003C70700418B2309C2
:10028000E50083C71700230BF50082808347C50074
:10029000CD9B2306F5008280832745110347C500C7
:1002A00083C70700935637408987B58F858B99C7D9
:1002B000134787002306E5000145828005458280BB
:1002C000832745110347C50083C70700935627407E
:1002D0008D87B58F858B99E7134747002306E50087
:1002E00001458280054582808327450E85072322AC
:1002F000F50E91E78327850E85072324F50E8327C6
:10030000850E93F7070891C785472322F50E23240E
:10031000050E8347A50293F7070491CF8357050481
:1003200003578504BA972313F5048327450A93F7E7
:10033000F7BF2322F50A82808327C50E850723266F
:10034000F50E91E78327050F85072328F50E8327F0
:10035000050F93F7070891C785472326F50E232835
:10036000050E8347A50213F7070409C793E70702A1
:100370002305F50282809747FE1F938727FA83A7FC
:1003800087090145054791E3828083C6B7006393DF
:10039000E60005059C43C5BF411122C491452A844E
:1003A000014506C6EF506EC5231BA4041747FE1F68
:1003B0000357C701854763F1E7060355A41C83571C
:1003C000641C37460F0013060624AA9793878757A5
:1003D0001745FE1F035585CAB3A5A70281463305FD
:1003E000F502EF408045835704040357E405835525
:1003F000840505461D8F3307B7028327040913833D
:10040000F5FF130E80023E979747FE1F938707F173
:1004100083A8870963666600B24022444101828056
:100420003308C603C687FD563A9881E7231BC404E8
:10043000E5B76314F4001C40F5DB83AEC70863988E
:10044000BE0083A60709B306D840B3F6B60263E43C
:10045000A6009C43D9BF090675BF1747FE1F035767
:10046000E7F6854763F1E70A411122C48357651C0B
:100470002A840355A51C37460F0013060624AA97A5
:10048000938787571745FE1F035545BFB3A5A7029E
:10049000814606C63305F502EF40203A034654056F
:1004A0009747FE1F938787E783A887097D168546B0
:1004B0001303800263E6C600B240224441018280F9
:1004C0003387660283270409FD553E97C68781E777
:1004D000231BD404D5B76314F4001C40F5DB03AE32
:1004E000C7080328C408631A0E0103A80709B30547
:1004F000E84063640701B305074163E4A5009C433A
:10050000F9B7850645BF82801747FE1F035707ECE2
:10051000854763F5E70E41119747FE1F938707E074
:1005200022C403A4870906C626C2A28789EB09EC68
:10053000230E0500B240224492444101828003C749
:10054000D7016DFB9C43DDB76314A40000406DD060
:100550008347B400D5E30327C4088327C508630D88
:10056000F7080347C50193070008AA84631DF70431
:100570008357A403194693050008231AF506231B85
:10058000F5068357C403231DF5048357E403231E94
:10059000F50403558500EF20C04B8547A38EF4007A
:1005A00083C7C40193F7F707238EF400130584066D
:1005B0002244B240924431469305F00F41011703A3
:1005C000FE1F6700E3358357A5031946930500080E
:1005D000231AF406231BF4068357C503231DF404D2
:1005E0008357E50303558400231EF404EF2060467F
:1005F0008947A30EF4005DBF004015BF230E050020
:100600008280411126C206C622C41747FE1F035727
:10061000E7DB8547AA8463F8E71A83278510898B6F
:100620006383071A9747FE1F938747CF83A78709DE
:10063000BE85ADED03D6841C01447D581306260209
:1006400005862D067D55A5EB630E04108347B40087
:100650000357A403D5EB8947231CE404A30AF4043D
:1006600003570406835704042285BA97C1071D8BDC
:10067000998F231FF4048357C403231DF404835765
:10068000E403231EF404EFF03FD18327440A93E7E9
:1006900017002322F40A8547230AF4008D47A30E8E
:1006A000F400B240224492444101828003C7D50144
:1006B0006DFB8C41BDBF98436394970051D7BA87B7
:1006C00083A6070903A7040963E2E6023387E6402D
:1006D00083A6C40863F4E6003377D7026376A700E5
:1006E0003A856373C700BE859C43B1BF158F83A64F
:1006F000C70863F4E6003377D702E37707FF3A8849
:10070000E374C7FE3E84CDB783D7A403B3F7E702F3
:10071000C9FB9D46994763F5E600935717008D077F
:100720000567231AF406130707C88A076353F700FF
:10073000BA87231BF4068357C403035584001306AA
:100740005002231DF4048357E40393050008231E7D
:10075000F404C947A30EF4002244B240924441017C
:100760006F20202FADC103D7A40383D7A503B3F710
:10077000E702B1EB8387C40163D707049D4699471D
:1007800063F5E600935717008D070567239AF40673
:10079000130707C88A076353F700BA87239BF40639
:1007A00083D7C40303D5840013065002239DF404A9
:1007B00083D7E40393050008239EF404CD47A38E5A
:1007C000F400EF200029238E0400E1BD9747FE1FAF
:1007D00023A007C89747FE1F23A207BE83576508BB
:1007E0001746FE1F0356868903270509B387C702EC
:1007F00037460F009306F62313060624AA85B697FC
:10080000B3D7C7021746FE1F034676833E96636E34
:10081000C7003306C74003A7C5089386950217157E
:10082000FE1F1305253A6F408EB99747FE1F938729
:100830006784DC433E97F1BF9747FE1F938707C14C
:100840009843011126CA06CE22CC4AC84EC6AA84B5
:1008500041CB3E891747FE1F035747B785476311B2
:10086000F70803D464089747FE1F83D72781032521
:1008700005093304F402B7470F001387F723938762
:1008800007249739FE1F9389E97E3A943354F40282
:10089000636C85069737FE1F938747789C43330424
:1008A000854082976366A406098C63530400014463
:1008B0001735FE1F0345B578058103290900637DBF
:1008C0008504098C37450F0013050524B335A402B0
:1008D00003D6890081463305A402EF3010760299D1
:1008E000930700FB2387F40083C794026244854585
:1008F000F240D2444249B249B395F500C205C181E4
:10090000014505616F40AEBD83A749003E9559B7CB
:1009100083A749003E9449BF0145D1B7411106C69E
:10092000EF10A01319C983278511014581E7B24053
:10093000410182809C430505D5BF7D55CDBF9747BA
:10094000FE1F9387A79D83A7470A411122C426C291
:1009500006C62A84AE846396A7009747FE1F23A18C
:1009600007A68327041281CB035584000146930513
:100970000008EF20000E8357440481CB0355840008
:100980004D4693051008EF20C00C03558400154612
:1009900093051008EF20E00BB240230A94042305CE
:1009A000040023080400224492440145410182804E
:1009B0008347A5006383073883570508411122C484
:1009C00006C626C285072310F5088347F500230CC9
:1009D00005002A8413F7270005E703570504954708
:1009E00063E4E700014501A89305E003EFF03FF55C
:1009F000A305A4020945B2402244924441018280E9
:100A000013F7070239CF93F7F7FDA307F500832704
:100A1000050A0347B500A305050293E74700232015
:100A2000F50A8547631FF7028357A5031306204E77
:100A300003274509B387C7029736FE1F83C6266082
:100A400093860605B3D7E702034775033307C7024A
:100A5000B697C207C1832312F5088607BA972311F8
:100A6000F50883471401858BF5CB8357E4050357BD
:100A70000404639FE7288357C4038355C4050345D3
:100A800084022310F40683475405231FB402920501
:100A9000A30BF40283576405F915231CF402835752
:100AA000A405231EF402EF400EAD8346B4002310CC
:100AB0000408835784031737FE1F0357275C639886
:100AC000061EB387E702130700321736FE1F130610
:100AD000665A504293870719B3D7E70203270409E0
:100AE000D1073E97BA866364F7006364C700B30614
:100AF000C740835784052328D408231DF402834765
:100B0000D40181C72285EFF05F958357A40317377F
:100B1000FE1F0357A75693060032B387E70223113F
:100B2000040233D6D702B3F7D7029306204E23260A
:100B3000C408B387D702B3C7E7022310F402835770
:100B400004042312F4028347F40093E70702A30787
:100B5000F40083471401F99BA308F40083471401B0
:100B6000898BB9C70357E41283570404B306F740CF
:100B7000139606016343061A631CF7028147014876
:100B800093048413232CF412232E04131546930587
:100B9000841226859700FE1FE78060D12685EF101E
:100BA000A03A83471401A306A412F59BA308F400FE
:100BB0008347140113F7070135C78356C41403573D
:100BC00004043386E6409315060163C80514639B4D
:100BD000E604BD9BA308F4008347A41499C7898B3E
:100BE0006387071485472303F4148347B41499C714
:100BF000898B638107148547A303F4142285EFF0E2
:100C00004FD68347C40799C78327040A93E7071081
:100C10002320F40A8327040AA305040293E707208C
:100C20002320F40A8347140113F7070221C317375F
:100C3000FE1F1307A76E384B130680058346470037
:100C40001857B386C60236978356C7010357040464
:100C50003387E64013160701634A06000357C4149E
:100C60006316D70093F7F7FDA308F4008347A402A7
:100C700093F70704E38807D60357640483570404F3
:100C8000E312F7D6034704019307A0046315F700A6
:100C900085472308F40083278410C18BE38407D49D
:100CA0008327440A93E707402322F40A25BB83469F
:100CB000441783558405A18A99CE035604048356AC
:100CC00064170355A403918EB386A602B3C6B60279
:100CD000B296231BD41695CBB307F7021307003245
:100CE0001736FE1F13060639504293870719B3D7EC
:100CF000E702032704093E97BA866364F70063643A
:100D0000C700B306C7402328D408231DB402F5BB8F
:100D1000998F13970701E35307E493058002228517
:100D2000EFF0FFC1A305A40213058002E9B123037C
:100D3000041465BDA3030414D1B50545828005C51F
:100D400041119305200222C406C62A84EFF03FBF5A
:100D5000FD57A305A40223080400A303F402B24034
:100D600022444101828082800DC9411122C406C6FD
:100D70008347F5002A849305E003898B91C3A1453D
:100D8000EFF0FFBBFD57A305A402230804002304D2
:100D9000F402B24022444101828082808327050A06
:100DA000797122D406D626D24AD04ECE52CC56CA1B
:100DB0002A84638B073613F7270019CBF59B232072
:100DC000F50A03558500194693050008EF10704891
:100DD0008327040A13F747004DC7ED9B2320F40A2D
:100DE0008347A40293F7070491CF83278410C18B14
:100DF00099C78327440A93E707402322F40A2285F0
:100E0000EFF0AFC20347B400854703464401835661
:100E10002406631AF76C8357A4031307204EB38785
:100E2000E70203274409B3D7E7021737FE1F03473A
:100E3000072113070705BA97C207C1830347B40206
:100E40002312F40886072311F4089307000819C336
:100E500093070004230EF40019E68347A40293E7E6
:100E600017002305F40281EA035584000D4693051B
:100E70000008EF10103E23110406230A0400A30EFD
:100E800004008327040A13F787000DC30355840069
:100E9000DD9B2320F40A154693050008EF10703BF4
:100EA0008347A40293E747002305F4028327040A3B
:100EB00013F7070139C7BD9B2320F40A8347D404E5
:100EC00003558400214689C7A306040413060003C2
:100ED00093051008EF10F0378347C40489CF8327A8
:100EE0008410C18B89CB8355A40422859205C20549
:100EF000C181EFE0DFF68347A40293E717002305E3
:100F0000F4028327040A13F7070415CB0347F404FC
:100F100093F7F7FB2320F40AA14763FBE70083471D
:100F2000B40099E78327440A93E707012322F40AD0
:100F300003558400314693051008EF109031832744
:100F4000040A13F7070245CB8346B40093F7F7FD75
:100F50002320F40A0327C4108327841099EA137707
:100F6000070801CB0327440A37064000518F23228C
:100F7000E40A93F707026383075AADE28357641BC1
:100F80000357641C6304F702834674140947639192
:100F9000E6580567130707A9637AF7008327440A11
:100FA000056713070780D98F2322F40A8357A41BF0
:100FB0000357A41C6304F702834664140947639C27
:100FC000E6540567130707A9637AF7008327440AE5
:100FD000056713070780D98F2322F40A035584007D
:100FE000114693050008EF10D0268347A40293E72B
:100FF00017002305F4028327040A13F7071005C717
:101000000355840093F7F7EF2320F40A230E040618
:101010001D4693050008EF10D0238347A40293E7F1
:1010200017002305F4028327040A13F7070809CFE2
:101030000355840093F7F7F72320F40A130670058D
:1010400093051008EF10F0208327040A13F70720F8
:1010500031C393F7F7DF2320F40A83476414230F87
:101060000400A29703856716A301A414EF40AFA163
:101070002301A4142285EFE01FF4035584003146B8
:1010800093050008EF10F01C8347A40293E71700B4
:101090002305F4028327040A1397270163570700E7
:1010A00079777D17F98F2320F40A8327040A139791
:1010B0000701635A0704834504031735FE1F0345E0
:1010C0001526EF402EEB8357A4031307204E232A47
:1010D000A408B387E70261777D17B3D7A702173556
:1010E000FE1F0345C5F513050505AA972312F4084D
:1010F0008347A40293E717002305F4028327040A19
:10110000F98F2320F40A8327040A858B91CF834724
:10111000A40283454405228593E717002305F402C2
:10112000EFF0FF81A305A4028307141685C7030708
:10113000440399463306F74063D9C63E8327440AE1
:10114000B7061000D58F2322F40AF557A302F41630
:10115000A300E4168347A41613F7270045C38306AC
:1011600044030307241663DCE6000327440A37061A
:101170001000518F2322E40A1147A302E41603074B
:101180003416635CD7000327440A37061000518FDA
:101190002322E40A7157A302E41603070416130678
:1011A000F007630CC7020346D4160345E416158FF7
:1011B00062076187B306A6406355D73893F60701E7
:1011C0006391063893F7F7F893E707012305F416C0
:1011D0008357041785072319F4168357241799CFCB
:1011E000FD17C207C1832319F41689EB0355840048
:1011F0001306000293050008EF10B0058347A40012
:10120000B9C38327041299CF8347A40181EF035503
:101210008400014693050008EF10B00301E58547FF
:10122000230DF4008357440499CF8347140381EFBF
:10123000035584004D4693051008EF10900101E519
:101240008547A308F4028347441713F7070179C7BA
:10125000BD9B230AF4168327440A898BE1E30347E5
:101260000401D547630CF70A83471401898BDDE736
:101270008144814901498D4A130A50021397840120
:10128000618793773700098722970347D717860727
:10129000B397FA007D8F638BE7002686054581456D
:1012A000EF306019B3E9A9003369B9008504E39709
:1012B00044FD032584138325C413337535012AC4E3
:1012C000B3F5250128002EC6EF00104883475413BC
:1012D00063EEA700034544037D5785475915620512
:1012E0002C0061853AC43EC6EF408FBC03278413AF
:1012F000A2476317F7000327C413B2476300F7023E
:1013000015462C001305841297F0FD1FE780205A24
:101310008327440A93E727002322F40A83464417CD
:10132000A54713F796006316F70403570404835781
:1013300064176360F704B307F74013960701634A25
:101340000602834754171306000A0507B387C7022E
:101350000356A403DD9A230AD416B3C7C702BA976B
:10136000231BF4168327440A37078000D98F2322D2
:10137000F40A8347A402E1CB918B91CF0346040189
:10138000C165938505A02285EFE0DFB28347A40203
:10139000ED9B2305F4028347A402858B8DC303458F
:1013A00074029307F00F6307F500EF30DEE4FD579A
:1013B000A303F4028347A402F99B2305F4028347A5
:1013C000A402898B91CF8355E403034584029205DF
:1013D000F915EF305E9A8347A402F59B2305F402CA
:1013E0008347A402A18B85C38355E4030D46228560
:1013F0009205F915C205C181EFE0DFAB8347A40276
:10140000DD9B2305F4028347A40213F7070101CFF4
:101410000345640293F7F7F82305F402EF30BEDDCD
:10142000FD572303F4028347A40213F7070201CFF9
:101430008355A4040345640293F7F7FD2305F402E2
:101440009205EF305E938347C40193F7070C89CB75
:101450000347B400854722856315F712EFF06F9AB2
:1014600083570404A5CB13074006B3F7E702BDE397
:101470009737FE1F938747FD9C43898BA1C79734FD
:10148000FE1F938464BA985815CF9737FE1F83D7F1
:10149000E7E9C2079735FE1F83D565E9DD8D254550
:1014A00002979C589735FE1F83D525E829458297DA
:1014B0009C58831524032D4582979C58830544032B
:1014C000314582979737FE1F239107E69737FE1F16
:1014D00023AE07E4B250225492540259F249624AB0
:1014E000D24A4561828093070004230EF40019E676
:1014F0008347A40293E717002305F402E39F0696AF
:10150000035584000D4693050008EF108054B5B2D2
:101510001307801451B4130780147DB48327440A41
:101520007D771307F77FF98F45BC998FE3D4F6C217
:101530008327440AB7061000D58F2322F40A8D476B
:1015400031B18346B4168345C4163388B600635B55
:10155000E80013F807046317080093F7F7F893E718
:101560000704ADB12A96E34AC7C68D8EE3C7E6C627
:1015700013F70702E31307C693F7F7F893E7070299
:10158000B1B1EFE07FF8E9BD01119737FE1F9387F6
:10159000E7D822CC03A4070A26CA9737FE1F83D7B1
:1015A000E7AD83546408032504094AC8B384F402F0
:1015B000B7470F001387F7239387072406CE4EC63D
:1015C00052C456C21739FE1F1309C9AABA94B3D41C
:1015D000F402636195049739FE1F938929A483A7B8
:1015E0000900B3049540829763EAA402898C63CB17
:1015F000040283570404A30F040085072310F40496
:10160000834704146395071222859700FE1FE78025
:10161000E0601DA2832749003E9575BF83274900DE
:10162000BE94E9B783A70900829703278408636AF9
:10163000E50A198D8357E4031737FE1F035707A4E4
:101640008E07B387E7021307003293870719B3D7D2
:10165000E70263EDA708374A0F00930AFA23130A3B
:101660000A248357040485072310F40483470414D1
:1016700091E722859700FE1FE780405A2285EFF010
:101680002FB363110526832604098327C408032783
:101690004900B6973E8563E4D70063E4E7003385ED
:1016A000E7408347F401835464082328A40885078E
:1016B000A30FF4009737FE1F83D7479CB384F4022F
:1016C000D694B3D44403636C9504B304954083A7C4
:1016D0000900829763E9A4043385A440E34305F835
:1016E00009BF83274900998F3E95A9B7A145228557
:1016F000EFF0EFA4A305A4029737FE1F9387C792CC
:1017000003A307036300031E6244F240D24442492C
:10171000B249224A924A8945154505610283B304BC
:101720009740AA946DB783274900BE9475B7228568
:101730009700FE1FE780E0582285EFF06FA7631344
:10174000051A835764081735FE1F03552593B746BE
:101750000F00B387A7021386F62393860624032778
:101760000409230B0402032A4900B297B3D7D70216
:101770006363F718B307F7408326C4082324F408EB
:10178000814AB387E600BE8463E4D70063E447017F
:10179000B38447418357040223289408B1CB83566E
:1017A00004040357440237460F002312D402338740
:1017B000E640B387E7020357240213060624814656
:1017C0008145BA97C207C1833385A7022311F4026A
:1017D000EF30A00611CD2695B3349500AE94AA87BC
:1017E00063949A0063644501B30745412328F408D4
:1017F00083A709008297AA8483A709008297E30D33
:1018000095FE83A7090083248408829763EAA40EC7
:101810003385A44063040510835764089739FE1F7D
:1018200083D9C985B7440F00B38737031387F423DF
:1018300093840424BA97B3D797021737FE1F034740
:101840001780BA9763ECA70CB335950203592402AD
:101850004E86814633059502EF20307E330AA9007B
:101860003305390337460F001306062481468145A8
:10187000EF20B07C05C1B33795024E868146B38513
:10188000B4023385A402BE95EF20307B3305A94016
:101890002311A4023545EF305FD09737FE1F23AFE9
:1018A00087B00347B40085476310F706930700FD30
:1018B0002307F40081459737FE1F9387E7B98843D4
:1018C000060AEF30DEB195471737FE1FA30FF792D8
:1018D0009737FE1F938787959C433707100098C75B
:1018E00023A84707F2406244D2444249B249224AFF
:1018F000924A05618280B3064701B387F640ADBDC9
:1019000083274900BE9429B7930710FC2307F400EE
:1019100081459737FE1F9387278E55B79737FE1F50
:1019200023AE07A88347940285456244F240D2441F
:101930004249B249224A924AB395F500C205C18193
:10194000014505616F30AEB9411122C406C62A8433
:1019500083278411DDEF83270412F1EF032504119F
:1019600009C59700FE1FE78060B70345740293071F
:10197000F00F6304F500EF301E88034564029307FF
:10198000F00F6304F500EF301E87034584029307D0
:10199000F00F6304F500EF301E86034594029307B1
:1019A000F00F6307F500EF301E85FD57A304F40226
:1019B0000355840079249737FE1F83D727A1B1E709
:1019C0009737FE1F23A607A89727FE1F9387876ACE
:1019D000DC431737FE1F2329F79E9727FE1F9387A7
:1019E000A7649C479DC39727FE1F9387675E885314
:1019F00009CD9700FE1FE78060AE9727FE1F23A941
:101A0000075E9727FE1F23A7075EB24022444101CD
:101A10008280C84309C59700FE1FE78020AC83275A
:101A2000841103D7A700136707F02395E7009C43B1
:101A3000232CF41031BFC84309C59700FE1FE7806F
:101A4000E0A98327041203D7A700136707F02395A3
:101A5000E7009C432320F412FDBD9737FE1F9387B8
:101A6000E78B83A7870999E33E85828003D78700A8
:101A7000E30CA7FE9C43C5BF9737FE1F9387078AD9
:101A800083A7870AC1669725FE1F83C5D55A0147DC
:101A9000FD1603D6A7006309A6006307D600050755
:101AA000C107E3D8E5FE81473E8582809737FE1F58
:101AB0009387C78683A7870AC9E31735FE1F035597
:101AC000C588130515029727FE1F83C7D7561585AE
:101AD0008507160592073E95420541114181930500
:101AE000B02006C69700FE1FE780209005C5972608
:101AF000FE1F83C65654138716009737FE1F23A375
:101B0000A78C12072A978147130640F5930520F505
:101B100063D5F600B2404101828099EB2315B500F0
:101B200058C18507C207A3040500C1834105CDB78D
:101B30002315C50023220500EDB7828041119305CE
:101B400030261305001D06C622C426C29700FE1FBC
:101B5000E780A0891306001D81452A8497F0FD1FA8
:101B6000E78000DC014515C89724FE1F9384047BA1
:101B700083A6840995CA3687854703568700630E76
:101B8000F60618437DFB2314F400A9EB2285970089
:101B9000FE1FE780A09403558400B2402244924483
:101BA000410182803687D1BF85472314F40017375F
:101BB000FE1F232187801727FE1F232F877E1737BD
:101BC000FE1F2315F780EFF07FEE83A7C40923A043
:101BD0000700230504002307040075BF83A7C40979
:101BE00080C39727FE1F23A9877C83D7040B850713
:101BF0001727FE1F231CF77CC9BF138717009317F5
:101C0000070113160701C183E35E06F88147A5BFEC
:101C10009727FE1F9387877003A5870A11CD41116F
:101C200006C69700FE1FE780608BB2409727FE1F15
:101C300023AA0778410182809727FE1F23A40778F3
:101C40008280411122C41724FE1F1304246D8326B1
:101C5000840906C60147B687A5C703D68700631760
:101C6000A60615EF98429726FE1F23A5E6743E852B
:101C70009700FE1FE78080868327C40923A0070002
:101C80009727FE1F83D787749DE7EFF07FF897278C
:101C9000FE1F23A10772B2402244410182808326A5
:101CA000C4096397F6009726FE1F23A7E670C1B705
:101CB000944314C36DBFFD171727FE1F2318F77039
:101CC0009727FE1F83D78770F9F7C1B73E879C43DC
:101CD00061B7714681451725FE1F1305A56D17F3E2
:101CE000FD1F6700E3C38327C50803568508797184
:101CF00093D60701BD8EC206C182358E135776403A
:101D000093575640898B058B5D8F93573640918B47
:101D10005D8F93571640A18B5D8F93171600C18B73
:101D20005D8F9317360093F707025D8F9317560068
:101D30009355860093F707041E065D8F1376F60F02
:101D4000518F93D7554013D63540118A898BD18F47
:101D500013D67540D18F13D61540218AD18F139693
:101D60001500418AD18F1396350013760602D18F64
:101D700013965500137606049E05D18F93F5F50F43
:101D8000CD8FA20745465D8F3307C70222D42A8430
:101D900026D252CC56CA032A040A832A440A5AC8B5
:101DA00006D63697420741839357774013555740DD
:101DB0000989858BC98F135537401189C98F1355F0
:101DC00017402189C98F131517004189C98F131531
:101DD000370013750502C98F1315570093558700F7
:101DE000137505041E07C98F1377F70FD98F13D505
:101DF000354013D755401189098B498F13D575404C
:101E0000498F13D515402189498F139515004189B4
:101E1000498F1395350013750502498F13955500A9
:101E2000137505049E05498F93F5F50F4D8F220715
:101E3000D98FB387C7024AD04ECE5EC662C4B6976A
:101E4000C207C18313D7774013D557400989058B43
:101E5000498F13D537401189498F13D517402189F0
:101E6000498F139517004189498F139537001375D2
:101E70000502498F1395570093D587001375050404
:101E80009E07498F93F7F70FD98F13D5354013D796
:101E900055401189098B498F13D57540498F13D54A
:101EA00015402189498F139515004189498F139554
:101EB000350013750502498F1395550013750504F8
:101EC0009E05498F93F5F50F4D8F2207D98FB38764
:101ED000C702130650025285D685B697BD8E9394DD
:101EE0000601C18033F6C402137BF60FEF20E051E8
:101EF00005891DE98347140801498149B384970284
:101F0000130C5002C1804A865285D685EF20E04FDF
:101F10000589937BF90F11C563863403850993F90D
:101F2000F90F0509E31189FF230F6407B25022540A
:101F300092540259F249624AD24A424BB24B224C65
:101F4000456182805E8BCDB783471500034725002E
:101F500083464500A2074207BA9703470500FD8A5A
:101F60000548BA970347350093050002014562070B
:101F7000BA9701473316E8007D8E01C60505137533
:101F8000F50F0507E318B7FE8147214633D7F64022
:101F9000058B01C705051375F50F8507E398C7FE87
:101FA0008280011152C656C4032A8513832AC513A1
:101FB00022CC26CA4AC806CE2A84A30B0512A30641
:101FC000051281441309500226865285D685EF20DA
:101FD000C043058911C58347D4128507A306F412AF
:101FE0008504E39324FFF2406244D2444249324ADA
:101FF000A24A056182801727FE1F034717219547D4
:10200000630BF7009727FE1F9387C71F83C77700CF
:102010000D47631FF7009727FE1F83C7371F63977E
:102020000714930770101727FE1F2311F71E8280D5
:1020300001119727FE1F9387672E0D4526CA4AC8B0
:1020400006CE03A9070922CC4EC69724FE1F93840F
:10205000241BEF308FD49840B7C7898E938767EDE4
:102060001CC7B7575500938757555CC30347A9034F
:102070009307F00F6305F700FD57230DF902972929
:10208000FE1F9389A91A03A709008547A30CF9022B
:102090005C430145014693E717005CC3930720FBAF
:1020A0002303F9009D471727FE1FA300F716972764
:1020B000FE1F23890714930550029727FE1F2385CF
:1020C00007141724FE1F1304A41BEF306FAC184035
:1020D00001455C57F59B5CD783475900944013F743
:1020E000F7079C4293F707F8D98F9CC29727FE1FEA
:1020F00083C707F991C79727FE1F9387A7358843A2
:10210000EF304EAF9840B70633001C4393F7F7CF3C
:102110001CC31C4393F7F7CF93E707201CC31C4055
:102120009847558F83A6090098C737070300130700
:102130008715B8CA1727FE1FA308070C1727FE1F0D
:10214000A302070C054798C2D8431377F7EFD8C30B
:102150000100010018405C4393E707105CC3F240A4
:102160006244D2444249B249056182808280411171
:1021700026C29724FE1F9384A4E522C42A8403C5A3
:102180003400C14506C6EF20DEFF03C534009305C9
:102190000002EF201EFF9727FE1FA38807062302D9
:1021A000040023130400B24022449244410182807F
:1021B00041119727FE1F9387671622C406C617276B
:1021C000FE1F0347B70403A407099727FE1F938741
:1021D000670301CF9726FE1F83C646030D4763960C
:1021E000E6001727FE1FA303070203C77700A146D7
:1021F0006387E60003C777009946639DE60083C7BF
:1022000077001727FE1F2303F70085471727FE1FB8
:10221000A30EF7FEEF302FB02285EFF05FF5130627
:102220003002930500080145EF00B00203450404A5
:102230009307F00F6307F500EF20FEFBFD57230027
:10224000F404B24022444101828001458280411160
:1022500006C6EFF09F80B240133515000605410118
:1022600082806FF0DFFE411106C6EFF00FFF0DC157
:102270000357C5058356A5050356650783554507CE
:1022800003558500EF70CFB20145B2404101828015
:102290000945E5BF011106CE22CCEFF00FFC59C174
:1022A0000346B50005472A849727FE1F9387070733
:1022B0006316E604B853094515CF03460403834665
:1022C00057048358E4030358C4038357A403835576
:1022D00084000345B4021307670432C00546EF705B
:1022E0008FAB8347F400A3050402014593E7170071
:1022F000A307F400F24062440561828003A7070946
:1023000009456DDB834657078358E4030358C4032C
:102310008357A403835584000345B402130767075A
:1023200002C075BF0945F9B7011122CC06CE2A8437
:10233000EFF0AFF22DCD8347B5020347A515231368
:102340008100A302F10083479515A304E100230453
:10235000F100A9E38347D5150307F5152306F1001E
:10236000830735142305F100631DF7008947A30592
:10237000F1004800EF708FA70145F240624405610B
:1023800082800307E5156314F7008547CDB7A305E1
:102390000100C5B7834705162305F1008347B5152E
:1023A000A305F100834755162306F100D9B7094567
:1023B000E9B7011122CC06CE2A84EFF00FEA29CD2D
:1023C00083070516A30481002180230581001307DC
:1023D000F007638FE70203474503998FA305F100D8
:1023E0008347A51613F7070101C72306010039A08B
:1023F00093F7070281CF85472306F1002800EF708D
:10240000CF9E0145F2406244056182808947EDB765
:10241000FD57A305F100D1BF0945EDB7411106C62F
:10242000EFF0AFE319C98345051403558500EF703C
:102430008F9B0145B240410182800945E5BF9375FC
:10244000F50F01112E8506CE22CC2EC6EFC05FD926
:102450000DC12A8483460507B2450345750105462B
:10246000EF70EF970145A30B0400F2406244056151
:1024700082800945DDBF411106C6EF700F96B2405C
:1024800001454101828041119727FE1F938707E98B
:1024900022C4E05F06C6094511C80355240CEF703D
:1024A0008F939307F00F2311F40C0145B24022449F
:1024B000410182809727FE1F938747E6FC5F99CBF7
:1024C00041111385070C06C6EF70AF90B24001456D
:1024D0004101828009458280411106C622C4EFF085
:1024E000CFD70DC983467514034665142A848355D6
:1024F00085000345B5028506050693F6F60F1376AB
:10250000F60FEF70CF8C0145A3050402B2402244C0
:10251000410182800945DDBF397106DE22DC26DA01
:102520004AD8EFF08FD3630A05168346B5000547F6
:102530002A849727FE1F938767DE6391E60CA453D6
:102540000945D9C483C744041946898BC1CB8C582B
:1025500083C7A500C1C7B105280897E0FD1FE78024
:10256000003583C75404138964041946898BB5CF99
:10257000CA85081097E0FD1FE78060338C58194624
:102580009105281097E0FD1FE78060328347040320
:102590008358A40383C654040346B40083558400BF
:1025A0000345B4023EC48357E40313080102381004
:1025B0003EC28357C4033EC03C08EF60FFFF834721
:1025C000F400A3050402014593E71700A307F400F4
:1025D000F2506254D25442592161828081452808C8
:1025E00097E0FD1FE780C033ADBF8145081097E03D
:1025F000FD1FE780E0321946CA8561B783A4070949
:102600000945F9D483C744061946898BB5C3938518
:102610006406280897E0FD1FE780602983C7440708
:10262000138964071946898BB9CBCA85081097E0CE
:10263000FD1FE780C02783A544081946281091058F
:1026400097E0FD1FE780A02683A7440883C73700D3
:1026500093E72700A38AF4068358A40383C654078C
:102660000346B400835584000345B40202C425BF69
:102670008145280897E0FD1FE780802A45B70810AC
:10268000814597E0FD1FE780A0291946CA852810DB
:1026900097E0FD1FE780A021C1B7094515BF411193
:1026A00006C6EFF08FBB0DC10357651C8356451C52
:1026B0000356A51C8355851C03558500EF609FEFCD
:1026C0000145B240410182800945E5BF411106C67E
:1026D00022C4EFF08FB80DC92A840357C50583566D
:1026E000A505035665078355450703558500EF602B
:1026F000FFEB83471401014593E74700A308F4006B
:10270000B2402244410182800945DDBF411106C625
:10271000EFF0AFB40DC183478519034675199305D2
:10272000F51803558500A2075D8EEF60FFE70145B0
:10273000B240410182800945E5BF411106C622C46D
:10274000EFF0AFB10DC12A84130605108355850043
:102750000345B502EF601FE50145A3050402B24041
:102760002244410182800945DDBF411106C622C4D1
:10277000EFF0AFAE05CD0347B50285472A84631459
:10278000F700A30505020345B4020357C4058356A9
:10279000A4050356840583558400EF607FE001455E
:1027A000A3050402B2402244410182800945DDBFF5
:1027B00001111375F50F06CEEFC09FA239C99727F7
:1027C000FE1F9387A7B583A7070E93F707209DC326
:1027D00002C402C202C081480148814701478146C4
:1027E000054681451305C003EF601FDD0145F2403A
:1027F000056182808346D5031307E50302C0814843
:1028000001488147054681451305C003EF60BFD8E5
:10281000F1BF0945E9BF9727FE1F938727B003A79C
:102820000709094529CB83A7070E011106CE93F7A7
:1028300007208DC302C402C202C0814801488147FB
:102840000147814601468145EF601FD7F2400145AF
:1028500005618280835807020358A7018357070543
:1028600083465707014602C013076707814509459C
:10287000EF607FD2E1BF8280014582800145828086
:102880000145828001458280014582800145828028
:102890000145828001458280014582800145828018
:1028A0000145828001458280014582800145828008
:1028B0000145828001458280411106C622C403473A
:1028C0000500930700086315F702034715009306F8
:1028D0005002854763E4E60697470000938747F177
:1028E0000A073E971C430355250082978147B9A0EC
:1028F0009306100885476313D70403471500CD4698
:102900006308D70E63E3E602A146630DD708B1461C
:10291000630DD70A95466313D70203552500EFF0E0
:10292000CF932A8415E9894711A893060003630F02
:10293000D70E63EAE600E946630FD70CB2402244A3
:102940003E854101828093077005630FF70E930760
:1029500017F0B337F000DDB78327851195C703560D
:1029600045040506420641829C43130716004207B0
:1029700041839DE72312C40401CA835584000545A1
:10298000EF605FC0231204040345B402034644050C
:1029900083558400EF60DFBD2285EFE0FFFAB9B711
:1029A0003A86D9B703552500EFF02F8B2A8425DD11
:1029B0000346C504835585000345B5023336C00080
:1029C000EF605FBBA305040215B703552500EFF0C8
:1029D000CF882A8429D90357250583560505034640
:1029E000F504835585000345B502EF60FFB8D9BFF4
:1029F00003552500EFF06F862A8415D5035645044C
:102A000001CA835585000545EF60DFB72312040432
:102A1000A3080402E1BD03552500EFF00F84E30491
:102A200005F00345B502EF603FB6C9B50355250073
:102A3000EFF0AF822A84E30805EE83558500034555
:102A4000B502EF60BFB4BDBF03552500EF605FB4B2
:102A500071BD011122CC37E400E026CA04404AC807
:102A600006CEB70720002EC632C42A89FD8C23204B
:102A7000F4180F1000001145EF109EDD1DC5B24582
:102A80002246231125012300B500A300C500232001
:102A900094106244F240D2444249AA851715FE1FA1
:102AA0000345355305616F101EEA23209410F24050
:102AB0006244D244424911450561828041114AC0B5
:102AC00037E900E026C28324090006C622C4B707FE
:102AD0002000FD8C2320F9180F100000EFE0FFF715
:102AE00011E9232099100945B24022449244024939
:102AF0004101828083270512230D05002A84A5C782
:102B00000347F500058B19EF035584000146930533
:102B10000008EFF01FF439C9B7E700E023A09710D1
:102B20000145D9B7D44303C6C70083C58700035501
:102B300085008906EF60FFA505E58327041203D70A
:102B4000A700A3840700136707F02395E7009C43C1
:102B50002320F4128357240481C7FD172311F404A2
:102B600083270412D5F3231104047DB78547230D71
:102B7000F4005DB7797122D406D683C735002E8460
:102B800023160100A307F10083C74500100802C007
:102B90002307F10083C755008A8502C2A306F1000E
:102BA00002C402C802CA02CC02CEEF20CFA803475B
:102BB000F1018347040001456310F7020347E10177
:102BC0008347140001456319F7000345D10183478A
:102BD00024001D8D13351500B250225445618280AA
:102BE0009717FE1F9387877383A7870C91E38280D3
:102BF0006384A700DC5FDDBF411122C406C68347A2
:102C0000A5002A8491C79305C5006905EF104063AC
:102C10008347240191CB930544011305A402224468
:102C2000B24041016F10C061B24022444101828034
:102C3000AA862E86AA85170500001305C5006F20F9
:102C40006EC09717FE1F9387676D03A7870C41110E
:102C500026C206C622C4BE8411E7B2402244924472
:102C6000410182806304A700585FFDB78347A50038
:102C70002A8491C79305C5006905EF10605C8347FE
:102C8000240199C7930544011305A402EF10405B8A
:102C900022852244CC58B240924441016FF05FF942
:102CA00001114AC81719FE1F1309496722CC0324D2
:102CB000890C26CA4EC652C456C206CEAA84014A00
:102CC00093094500854A631D040E930520251305CD
:102CD000000497E0FD1FE78040712A841D4561C80C
:102CE00083C7340019469385440013054400A301AB
:102CF000F40097E0FD1FE78080BB938AA401414662
:102D00008145568597E0FD1FE78000D079ED930956
:102D1000A401D68541464E8597E0FD1FE78040CB54
:102D200085472305F400834734009305C4004E858E
:102D300093E72700A305F400EF1080509384A402CA
:102D400041468145268597E0FD1FE780E0CB4DE1B8
:102D50009307A402A6853E854146BE8497E0FD1FE9
:102D6000E78000C785472309F400834734009305B3
:102D70004401268593E72700A309F400EF10404C97
:102D8000A3000400832549032285EFF07FEA631442
:102D90000A069717FE1F23A78764232E0402834782
:102DA000490C014585071717FE1F230BF762F240F8
:102DB0006244D2444249B249224A924A0561828021
:102DC0000347340083C734006305F700228A405C60
:102DD000DDBD4146CE851305440097E0FD1FE78029
:102DE00040BAE31555FF4945D9B723050400B9B7E3
:102DF0002309040071B7232E8A0245B741119717A2
:102E0000FE1F9387A75122C403A4870C26C206C6BF
:102E10004AC0FD5419ECB24022449717FE1F23A369
:102E2000075C9717FE1F238D075A92440249410100
:102E3000828003450400EF200EBC0329C403230055
:102E40009400228597E0FD1FE78040694A84D9B746
:102E50009717FE1F9387874C2382070C23A4070C28
:102E60006F10C047411126C206C622C4EFE01FCD35
:102E7000AA843DC5EFE07FBE2A846306051293074E
:102E800010112315F500930700FB2307F500854774
:102E90002308F5009717FE1F83D7071AA5073E855D
:102EA000C207C183130740106374F7001305401075
:102EB000131705014183930700046374F70013059A
:102EC0000004420593053025418197E0FD1FE7800E
:102ED000C0512328A41019E903558400EFE07FD6E0
:102EE000B240224426859244410182809717FE1FFA
:102EF00093874731DC53228523130414232AF410CB
:102F00009717FE1F9387874103A6870D83A6C70DDA
:102F100003D7A70383C7A704232CC40E232ED40EE4
:102F2000A307F414FD572310F4042313F40223140D
:102F3000F4028347E4022324C4102326D41093E729
:102F400007FC2307F4028567938787BB2315F404E6
:102F50002312E414EFD08FB31715FE1F0345050E9F
:102F60002301A414EF208FAAD147A306F4169307D8
:102F70008002A305F4169307006F231FF414930730
:102F8000F0072300F416F5779387A7EB2311F416C7
:102F9000A301A4142303A416A303A4169717FE1FCA
:102FA0002392073835BF854425BF411122C42A84A6
:102FB000834504031715FE1F03457536A307A402B6
:102FC00006C626C2EF200EFB8357A4031718FE1F68
:102FD0000358C80A930600323307F8029714FE1FFD
:102FE00083C4E405232AA4083356D7023377D702D3
:102FF0009306204E2326C40837460F0013060624E6
:10300000B387D702B3D7A7023307D702BE9483573B
:1030100084039384C417C2048507C18023129408D3
:1030200033470703B387D7022310E4028146858F15
:10303000B3B5070333850703EF10300083278408F7
:103040009716FE1F93860603D442AA9733B5A700AE
:103050002E9501E53E8763E4D7003387D740834749
:1030600074032328E4081307204EB387E70286047D
:103070002285BE9423119408EFC05FEB2285EFD028
:10308000CF9A8355E40322859205F915C205C181C3
:10309000EFC01FE62285EFE0DFF09717FE1F23A1A8
:1030A00087329717FE1F9387273A9C43898B85C3E6
:1030B0009714FE1F938444F79C5891CB8325840971
:1030C000354582979C588325C409394582972285C6
:1030D0002244B24092449717FE1F23980724971763
:1030E000FE1F23A5072441016FD04FEE03570508AB
:1030F00089468357450863F3E6000947B397E7001D
:103100002313F5086F20EEF5011122CC26CA4AC818
:1031100006CE4EC652C483476503034735012A8451
:103120008507230BF5021719FE1F13092910834782
:10313000C5009714FE1F9384A40C631A075A130743
:103140000004A309E50003471501BD9B93E7370081
:103150002306F50093178701A30D0500E18763D9C6
:1031600007001377F707A308E500EF10BF9539A80C
:103170008327850A93F62700BDC6F59B2324F50A0D
:1031800083270510918BA9CFEFF07EB70347B401D9
:1031900085476310F706832784110347C400DC4387
:1031A0002380E7008327841103475401DC43A38075
:1031B000E70003278411832709005843B8DF9C40A8
:1031C000B70680009843558F98C3D857719BD8D7BE
:1031D000F2406244D2444249B249224A05618280A7
:1031E000EFF09EAF65B793F617008DC6F99B2324C9
:1031F000F50A832704110347C4002380E7008327CF
:10320000041103475401A380E70083270900032723
:1032100004116DB783490501054A6398491DF9C733
:1032200013F7070119C7BD9B2324F50AEFF0FEF33E
:10323000B1BF13F7070201CB93F7F7FD2324F50A7B
:10324000EF006F87A1B713F7070401CB93F7F7FBE4
:103250002324F50AEFF03EB015BF13F7070809CB9A
:1032600093F7F7F72324F50A2285EF00DFFE39BF35
:1032700013F7072009CB93F7F7DF2324F50A2285FC
:10328000EFF09EC021B713F7074001CB93F7F7BFCC
:103290002324F50AEF00AF9ED5BD13974701635C69
:1032A00007007D771307F77FF98F2324F50A22851E
:1032B000EFF0FECDE1BD13973701635A07007D772C
:1032C0007D17F98F2324F50AEFF05ECFC1B5139770
:1032D0002701635A070079777D17F98F2324F50AB0
:1032E000EFF09EDC65B52324050A21B78327450A44
:1032F000638E071A93F6070481CA93F7F7FB23221C
:10330000F50AEFF01E9559B593F6071081CA93F7A9
:10331000F7EF2322F50AEFF05EEA8DBD93F6072062
:1033200099CA4D8B631F070E93F7F7DF2322F50A27
:10333000EFF0BEEDA1BD93F6074081CA93F7F7BF4A
:103340002322F50AEFF05E9E91B59396470163DB69
:1033500006007D771307F77FF98F2322F50AEFF038
:103360003EA12DB59396370163DC06004D8B55EBDE
:103370007D777D17F98F2322F50AEFF05EA839B526
:1033800013971701635A070071777D17F98F23226E
:10339000F50AEFF09EB8DDBB1397E700635A07000C
:1033A00001777D17F98F2322F50AEFF09EBBF9BB59
:1033B0001397B700635B07003707F0FF7D17F98F9E
:1033C0002322F50AEFF0DEC7D1B313978700635BC2
:1033D0000700370780FF7D17F98F2322F50AEFF0EA
:1033E0009EF76DB32322050A29B5638C0902930663
:1033F000600463EF36071307500463F9E9141307F9
:10340000A002638AE91C6367370393071002638095
:10341000F91A63EA3701ED476387F914F547638AC0
:10342000F914228599B393075002638FF91C93070F
:103430007002F5B7130760036389E914636B370102
:103440009307E0026384F91E93071003E380F9DE1B
:10345000C9BF13070004638CE9089307100463874E
:10346000F90A93078003E39EF9FAEF10AFE519AA72
:103470009307A0056387F91E63E13705930750059D
:103480006385F90263EB37019307B0046388F91C85
:1034900093071005E38AF9DC69B793076005E380B9
:1034A000F9DE93078005E39EF9F6228597E0FD1F7C
:1034B000E7804013E30C05CCADB79307B00663ED8E
:1034C00037019307A00663FBF92093076006E39A90
:1034D000F9F4EFF0DEFA99A093076007E389F9DCCD
:1034E00093076008E39FF9F2EFF01EBC05A813975D
:1034F0004701E35807F27D771307F77FF98F2324FD
:10350000F50AEFF0DEA82308340149B18347B5027C
:103510008DC705476398E700EFF0FED9854723087C
:10352000F400ADB183270510918BD5C3BD472306A9
:10353000F4022285EFF0AEFCD5B7EF10AFD88327A9
:10354000040A93E727002320F40AC9BFEF108FD79E
:103550008327040A230844012311040693E7470044
:103560002320F40A25B1EFF0EEE2D947230AF40450
:1035700031B92285EF100FD58327040A93E717008E
:103580002320F40A2308040011B197E0FD1FE7800F
:103590006005E30D05BE8547A306F4042285EFF020
:1035A0002EE98347C404F99B2306F404C5B6832798
:1035B0008510858B81C7EFF0DEB5C9BEE947A3054D
:1035C000F50283270510918B99C38D478DB722850E
:1035D000EFF08EF0A1B7EFF00EDF8347D40491CB6C
:1035E00041469305C40A1305C40C97D0FD1FE7801C
:1035F000002C8347C4042326040E2328040E93E7DB
:1036000017002306F40459B683270510918B81CF48
:103610008D472306F502EFF08EEE83471401DD9B04
:10362000A308F400E5BDEFF02EEBC5BF8347C5044A
:103630002322050E2324050E93E727002306F50415
:10364000EFF08EDA83471401A3050402DD9BA30883
:10365000F4008327040A93E70701F5B5EFF0AEEF16
:1036600075BD8347A51499CB83466514331ADA00D8
:103670006306FA0013670701A308E5000347B414C3
:1036800011CF834674148547B397D7006388E7004A
:103690008347140193E70701A308F4008347E4017B
:1036A00099CF83471401C18B99EB8327040A93E7D1
:1036B00007202320F40A2285EF10CFC085B58307A9
:1036C0001416F5DB83274410898BF5D78327440A2A
:1036D00037071000D98F2322F40AF1BFEF108FBEF5
:1036E0008327040A056713070780D98FA9BD171719
:1036F000FE1F0357A7C305079716FE1F2398E6C2B0
:1037000003278511E30407A893E707012306F500C3
:10371000B5BC83474517858B6380071083476513C6
:1037200093D63700AA9683C5061313F7770033D6CE
:10373000E540058A79CA397122DC06DE26DA4AD8E4
:103740004ED652D456D25AD05ECE62CC66CA2A84A5
:10375000034545037D57FD47591562052C006185DA
:103760003AC43EC6EF10DFF40326841322478326B3
:10377000C413B247718FF58F6314E6006387F606B2
:103780002800EFE06FFC894763F1A70629468145D1
:103790001305D41797D0FD1FE7808018224AB24A3C
:1037A00081490D4C854C930B500293948901E1841F
:1037B0004E865285D68513DB2440EF0010458D8858
:1037C000229B058986040309DB170DCDB3949C0069
:1037D000B3649900A30E9B168509E39879FD83478E
:1037E000441793E78700230AF416F2506254D25428
:1037F0004259B259225A925A025BF24B624CD24C55
:1038000021618280B3149C00E1B78547B397E7003C
:10381000CD8F2388F612828082805D71A6C29714B4
:10382000FE1F9384A4AFA2C403A4040ACAC04EDE40
:1038300052DC5ED60179B7090300216AB74B0F004D
:1038400056DA5AD862D486C666D26AD06ECE814A1B
:103850007D19138B89157D1A138CFB238347E40094
:103860001307000D639CE722971CFE1F938C0C9C92
:1038700083A70C0098430D8B0DC71707FE1F230E5F
:103880000778B84B1377F78FB8CB98431367870047
:1038900098C39C438D83858B89C70100010001007B
:1038A000010097E0FD1FE780A0018347C404858BDA
:1038B00089C7A2850545EF10CFFE971DFE1F938D8A
:1038C0002D9403A70D00171DFE1F130D6D9B5C5754
:1038D000F19B93E717005CD79717FE1F9387C79A52
:1038E000944383270D006389061403466413B2963C
:1038F00083C60600505737050082939586017D15D3
:1039000093F6F603E606698ED18E54D7E1859306C9
:10391000A00363D6B612F44F37060007D18EF4CF5A
:10392000832784091CC78327C4095CC303A70C0031
:103930005C4393E717005CC38355441C95470356CB
:10394000641C9105034574141717FE1FA30FF78A13
:10395000C205930710FD2307F400C181930700FC03
:103960001717FE1F2300F78AEF109FA20346741457
:1039700085468357240803576408631CD60E938733
:1039800057030607BA9703A70C00544733F62601DE
:1039900050C70F10000003A70C003706020086076F
:1039A00010C7130600F89715FE1F238FC5847CD31C
:1039B00054C79717FE1FA389078403A60C00971707
:1039C000FE1FA381078485471CC28346C40483A7C6
:1039D0000D0003270D00858AC5C29443B705330047
:1039E00093F6F6CF94C3944393F6F6CF93E606206E
:1039F00094C31447CD8E14C79386891734CA54577D
:103A0000F59A54D78346641313F6F607944393F656
:103A100006F8D18E94C35C4393F7F7EF5CC30100C3
:103A2000010003270D005C4393E707105CC397D0A8
:103A3000FD1FE780E0721DB58346241465BD930623
:103A4000200263DAB600F44F370600F97D16F18ED6
:103A500037060005E1B5B70600F91386F6FFF44F07
:103A60006945F18E37060003E34AB5EA37060001DF
:103A700075B59387970431B79443B705330093F630
:103A8000F6CF94C3944393F6F6CF93E6062094C3FF
:103A90001447CD8E14C72328660595B71307100D5C
:103AA0006394E75E9707FE1F83C7C775858B970CE6
:103AB000FE1F938C2C75638D074E83C70C00E207A5
:103AC000E18763D9070C8347F400170DFE1F034DF0
:103AD0000D5793F7070285C38357A4031307204E9E
:103AE000B387E70203274409B3D7E70213070D059D
:103AF000BA972312F408035544081708FE1F035809
:103B0000E85737460F0013059504B3250503814692
:103B10001306062442C683ADCC013305A802EF008C
:103B2000D0518327C40832483385A7403307B501F5
:103B30009707FE1F93870754BA85D4436364A70091
:103B40006364D700B305D740032704096360B71641
:103B500003566408835724080D8F13151600AA977F
:103B6000B387070313850B24E297B3D7A7026366D5
:103B7000F700B387F64063F4E7002328B408420D4A
:103B800093571600135D0D0163E4A7132313F40884
:103B9000231004088345C404032544119306240319
:103BA00013064403858997D0FD1FE780405F970780
:103BB000FE1F238CA7648347440303C76404998FC3
:103BC000230AF40283C76C00858B6395072C834717
:103BD000A40293E727002305F40283C70C00E20741
:103BE000E18763D307028347641313D7370093F643
:103BF000770022978547B397D7008346071393C76B
:103C0000F7FFF58F2308F7128347F400898BE9C388
:103C10002285EFC06FE84DED8347F400A30904004F
:103C200093E74700A307F400832784118DCF034750
:103C3000B40115CB03C79700058B15E703D7A70081
:103C4000C843136707F02395E70097E0FD1FE7805F
:103C5000E0888357440485072312F40483278411E2
:103C60009C43232CF4108347540181CB8347C40425
:103C7000898B81C72285EFC02FE783470401130793
:103C80002002639AE7028327040AA305040293E74C
:103C900087002320F40A8347140193E78700A308D1
:103CA000F400930740022308F4001DA036974DB599
:103CB0002313A409F1BD130700066393E70C85479E
:103CC0002308F4008347A40293E717002305F402B6
:103CD00083C76C00898B638F070E8347C404858B71
:103CE000638A070E834794018507A30CF40083477A
:103CF000F40013F7270029E793E72700A307F40050
:103D0000930700F8230EF4008357A4031307204EF3
:103D1000B387E70203274409B3D7E7021707FE1F5B
:103D20000347E73113070705BA97C207C183231278
:103D3000F40886072311F4089707FE1F23A20768DB
:103D400022859707FE1F238F074AEFF0EFBB8345BD
:103D50005401034564149105EF10EFD883475401D3
:103D6000638707208347C404898B63820720A28569
:103D70000145EF100FAB630C0512EF10CFF9E5A46E
:103D800013077006639EE7029707FE1F9387474756
:103D900098433C57ED9B3CD79707FE1F2389074666
:103DA0003717004083578701B377FA00231CF700C9
:103DB0008347C40093F7F7FD2306F4008547E5B574
:103DC0007147E397E7F08327040A93E7170023205E
:103DD000F40AFDBD2285EFC0AFCE11F9A30C04009B
:103DE0002285EFC06FC783471401A18B85CF83471E
:103DF00064018DCB83477401094793F7B70F638341
:103E0000E7029307D003230AF40493077002230800
:103E1000F4008347C404858BE38B07EC2285EFC055
:103E2000AFD1F1B58347D4000D476397E7048347CB
:103E30007401130780026373F702834774011D47FF
:103E40006388E702A306F4028327840A228593E7A6
:103E500017002324F40AEFE05EDB19A88A0717276E
:103E600000001307675DBA979C432285829771F51E
:103E700083476401D9FFA5BD99CB83476401E388DB
:103E800007E6228597E0FD1FE780E088AA8AE39095
:103E90000AE6F9BF834784018507230CF40083D722
:103EA000E40085071707FE1F2311F74889B5970718
:103EB000FE1F9387E7349843B70633001C4393F7FC
:103EC000F7CF1CC31C4393F7F7CF93E707201CC31E
:103ED0009707FE1F9387C73A98431C47D58F1CC787
:103EE0009707FE1F938787349C4313878927B8CB96
:103EF0009707FE1F9387C7309C43B70680009843FF
:103F0000558F98C3D857719BD8D7930720FD2307A7
:103F1000F4009707FE1F83C7A716E39A07B083270D
:103F20000412E38607B00347F400058BE30107B0F2
:103F3000D44303C6C70083C58700035584008906A0
:103F4000EF502FE5E31505AE8327041203D7A70032
:103F5000136707F02395E7009C432320F41283574F
:103F60002404E38607ACFD172311F404C9B49707B2
:103F7000FE1F9387E7289843B70633001C4393F747
:103F8000F7CF1CC31C4393F7F7CF93E707201CC35D
:103F90009707FE1F9387C72E98431C47D58F1CC7D2
:103FA0009707FE1F938787289C431387892581B72E
:103FB0009707FE1F938787279C43FC53E390078A4C
:103FC0009707FE1F23820724EF10EFD483C70C004E
:103FD0002285E207E18763D40720EFF02F9183D792
:103FE0002401228585071707FE1F2312F734EFF0FF
:103FF0004FF283570404A5CB13074006B3F7E7023B
:10400000BDE39707FE1F938727449C43898BA1C775
:104010009704FE1F93844401985815CF9707FE1FFD
:1040200083D7C730C2079705FE1F83D54530DD8D86
:10403000254502979C589705FE1F83D5052F2945D6
:1040400082979C58831524032D4582979C5883059D
:104050004403314582979707FE1F2398072C970743
:10406000FE1F23A5072C22852644B6409644064908
:10407000F259625AD25A425BB25B225C925C025D98
:10408000F24D61616FC04FFB1307200DE397E7CE40
:104090009707FE1F83C71717858B6385071497073C
:1040A000FE1FA38107168327040A13972701634E77
:1040B000070E228597D0FD1FE780E07385476316C2
:1040C000F50E8355441C0356641C03457414910576
:1040D000C205C181EF10CFAB8347C404970CFE1F0C
:1040E000938CCC14170DFE1F130D8D11858B970D1E
:1040F000FE1F938DED18BDCFA2850545EF007FFA19
:1041000003270D00B70633001C4393F7F7CF1CC3FA
:104110001C4393F7F7CF93E707201CC303A70D00B9
:104120001C47D58F1CC783A70C0013878917B8CBF2
:10413000930710FD2307F40083A70C00D44733F73F
:104140002601D8C70F10000003A70C00B707020014
:104150001CC7930700F81706FE1F2307F60A8327DC
:104160000D009C439D83858B95CF930760197CD36D
:1041700054C775B803270D00B70633001C4393F7E7
:10418000F7CF1CC31C4393F7F7CF93E707201CC35B
:1041900003A70D001C47D58F1CC783A70C0023A8BD
:1041A000670579B79307E01BD9B7EF10CFB6834700
:1041B00094018DC793F7070F81CB9305D003228518
:1041C000EFC0EFF7A305A4029707FE1F9387C7E58B
:1041D0009C5B89C795451305500882972285EFC0DF
:1041E000FFBB51B59707FE1F938747049C43FC53C1
:1041F000639607E69707FE1F23880700EF10AFB10D
:10420000F1BF411106C6EFB05FBB9707FE1F938752
:10421000E71017F7FFFF130727C523AAE70AB240E5
:1042200017F7FFFF1307A7D823ACE70A97F7FFFF9D
:104230009387E75E1707FE1F2320F7224101828044
:10424000397122DC3704400026DA4ED6AE84AA89C2
:104250009305E4FF054506DE4AD8EF108EDE498C53
:104260001317040141832183931784001359040118
:10427000D98F231601001379F90F10088A854E850E
:104280002317F100A306210102C002C202C402C822
:1042900002CA02CC02CEEF007FD58347E10103477B
:1042A000D101A3818400A2074207BA970347F10115
:1042B000218023828400BA97F25062542380F40054
:1042C00013D78700C183A3822401A380E400238144
:1042D000F4004259D254B259216182800111194629
:1042E0009705FE1F9385C5D51705FE1F130585117C
:1042F00006CE22CC26CA4AC891644EC697C0FD1F7E
:10430000E780E05A9385F4FF0145EF104ED12A84EF
:10431000FD550145EF10EED2A287FD147D5933F70C
:104320009700B366E500F9C6631425016304970C92
:104330001707FE1F2300F70EA18393E707FC91697F
:1043400041641707FE1F2325A70C1707FE1FA303B1
:10435000F70CFD191709FE1F130949FC7D14CE85C2
:104360000145EF10CECBAA84FD550145EF106ECD6F
:10437000B3679500EDD7FD576314F500E38134FF73
:104380009707FE1F2399A708935705011707FE1FDC
:104390002304F708935785011707FE1FA30EF7069E
:1043A0009707FE1F238B9706A18093F4F4039707CA
:1043B000FE1FA38497068317890E42054185618DF0
:1043C000E18F6312F5020317C90F8317A90E618FDE
:1043D000E18F631AF7000317E90F8317C90E618F86
:1043E000E18FE30EF7F6F2406244D2444249B2490B
:1043F00005618280A6850145EF106EC22A84FD55B5
:104400000145EF100EC4A28719BF11CE9307000219
:10441000918F635BF0003355C500B397F50033D639
:10442000C5005D8DB2858280130506FE014633D539
:10443000A500B285CDBF11CE93070002918F635BBB
:10444000F000B395C500B357F5003316C500DD8DF8
:1044500032858280930506FE0146B315B50032858C
:10446000CDBF014863C6050E63DB06003306C040BE
:10447000B337C000B306D0401348F8FF9D8EB6870F
:104480003283AA8EAE886391061863FCC50C41671F
:104490006361E61EB70700016365F6369356860131
:1044A000E147172700001307273E36970347070009
:1044B000BA97130700021D8F19CBB395E500B357C8
:1044C000F5003313E600B3E8B700B31EE50013565A
:1044D0000301B3D7C80293160301C18213D70E019B
:1044E000B3F5C8023385F602C205B3E8E50063FA06
:1044F000A8009A981387F7FF63E4680063E9A8327D
:10450000BA87B388A840B3D5C802C20E93DE0E01A5
:10451000B3F8C802B386B602C208B3E8D80163FB99
:10452000D8009A981387F5FF63E56800F91563E3EF
:10453000D800BA85139507014D8D814563090800A0
:104540003305A040B337A000B305B0409D8D8280F5
:104550003305A040B337A000B305B0409D8D7D5812
:1045600021B701E605433353D3024167636AE30E83
:10457000B7070001636BF32893568301E1471727C0
:10458000000013076730369703470700BA971307F1
:1045900000021D8F65EB93180301B3866540135F1E
:1045A000030193D80801854513D70E01B3D7E6035D
:1045B000B3F6E60333861703C206558F637AC70046
:1045C0001A979386F7FF636467006365C726B6870B
:1045D000118FB356E703C20E93DE0E013377E70364
:1045E000B388160342073367D701637B17011A9715
:1045F0001386F6FF63656700F91663631701B286D9
:1046000013950701558D1DBF63E1D504C16763E1B3
:10461000F604B707000163E2F61E93D886016147EE
:104620009727000093874726C69703C30700930781
:1046300000023A93B3876740E9EB63ECB61C33356D
:10464000C500134515008145D5BD81450145FDB522
:104650009307F00F63F2D71C93D886002147C9B7A0
:104660001307F00F9A86E37C67F093568300A14707
:1046700039B71307F00FB286E375C7E29356860089
:10468000A14705B53313E30033D6F500135F0301EB
:10469000335EE603B396E500B357F500DD8E93185D
:1046A000030193D80801B31EE50093D50601B37743
:1046B000E6033387C803C207CD8F63FBE7009A97F1
:1046C0001306FEFF63E3671663F1E716791E9A97F8
:1046D000998F33D6E703139706014183B3F7E703B6
:1046E0003385C80293960701D98E63FBA6009A967C
:1046F0009307F6FF63E7661263F5A61279169A969A
:1047000093150E01898ED18D45B533576600B3964A
:10471000F600D98EB3D8650013DF0601B3DEE803D7
:10472000139E060133536500135E0E01B395F50029
:10473000B365B30013D705013316F600B3F8E803E9
:104740003303DE03C20833E7E800637B6700369774
:104750009388FEFF6369D70C6377670CF91E369761
:10476000330767403353E703C205C1813377E7035B
:10477000B3086E024207D98D63FB1501B695130786
:10478000F3FF63EED50863FC15097913B695C20EE5
:10479000416FB3EE6E001307FFFFB3F6EE0013D3C5
:1047A0000E01718F4182338EE602B3851541B386C7
:1047B000C60293580E013307E302BA96C696330633
:1047C000C30263F3E6007A9613D306011A9663E2F6
:1047D000C5026385C500768581458DB341677D1728
:1047E000F98EC206337EEE00B317F500F296E3F4BD
:1047F000D7FE1385FEFF814591B393D8060141474B
:1048000005B593560601C14769B993560301C147DF
:10481000BDB3814505451DB3B688014711B53A833F
:10482000BDB73E86F1BDC68E25BF328E55B5F91790
:104830009A98C1B9F9171A9761BBB687B2882A83CB
:104840002E88639D061463F9C50A4167636EE61AF4
:10485000B70700016363F63493568601E1471727D3
:10486000000013076702369703470700BA9713073C
:1048700000021D8F19CB3398E500B357F500B3182C
:10488000E60033E807013313E50013D6080133557A
:10489000C80293960801C182935703013377C80277
:1048A000B385A60242073368F700637AB8004698DA
:1048B0009307F5FF636418016367B8303E853308DA
:1048C000B8403357C8024203135303013378C80278
:1048D000B386E602420833686800637BD8004698D6
:1048E0009307F7FF6365180179176363D8003E8764
:1048F0004205598D8145828001E60547B358C702BC
:10490000416763EAE80EB707000163ECF82893D625
:104910008801E14717270000130707F736978346FA
:104920000700BE9693070002958FE5EB939E080162
:104930003387154113DF080193DE0E018545935738
:1049400003013355E7033377E703B306D503420783
:10495000D98F63FAD700C6971307F5FF63E41701F1
:1049600063E6D7263A85958F33D7E703420313537F
:104970000301B3F7E703B30ED703C207B3E767003A
:1049800063FBD701C6979306F7FF63E51701791715
:1049900063E3D70136874205598D828063E2D504EF
:1049A000C16763E2F604B707000163E4F61E13D79C
:1049B0008601614897270000938707EDBA9703C7E0
:1049C0000700130E00024297330EEE40631A0E0CDE
:1049D00063EDB61C3335C500134515008145828053
:1049E0008145014582809307F00F63F3D71C13D7ED
:1049F00086002148C1B71307F00FC686E37C17F184
:104A000093D68800A14739B71307F00FB286E37831
:104A1000C7E493568600A14799B5B398F80033D6FA
:104A2000D50013DF0801335EE6033397F500B35674
:104A3000D500558F939E080193DE0E013313F500C8
:104A400093550701B376E603B387CE03C206CD8E36
:104A500063FBF600C6961306FEFF63E4161763F2C7
:104A6000F616791EC6969D8E33D6E6039317070178
:104A7000C183B3F6E6033385CE02139706015D8F3B
:104A8000637BA70046979307F6FF63681713637667
:104A9000A7127916469793150E01098FD18D45B54A
:104AA000B357E600B396C601DD8E33D3E50013DFBE
:104AB0000601B357E303939E060193DE0E0133987C
:104AC000C5013357E50033680701935808013316D1
:104AD000C6013373E303B385FE024203B3681301D7
:104AE00063FBB800B6981387F7FF63EAD80C63F846
:104AF000B80CF917B698B388B84033D7E803420822
:104B000013580801B3F8E8033383EE02C208B3E593
:104B1000080163FB6500B6951308F7FF63EDD50840
:104B200063FB65087917B695C207416FD98F1307E4
:104B3000FFFFB3F6E70093D80701718F4182B38E70
:104B4000E602B3856540B386C60213D80E013387EB
:104B5000E802BA96C2963386C80263F3E6007A96F4
:104B600093D80601469663E2C5026385C5003E857B
:104B70008145828041677D17F98EC206B3FEEE0043
:104B80003315C501F696E374D5FE1385F7FF81450D
:104B9000828013D70601414831BD93560601C147B3
:104BA0007DB993D60801C147B5B3814505458280DB
:104BB0003687014801B5428785BF3E86E9BDBA8781
:104BC0001DBF328E4DB579154698D5B97915C69762
:104BD00059BBB3C7A5008D8B3307C50081E78D474F
:104BE00063EEC700AA876370E50A83C605008507E0
:104BF0008505A38FD7FEE3EAE7FE82809376350032
:104C0000AA8791CA83C6050085078505A38FD7FEAD
:104C100093F63700FDB79376C7FF138606FE63F061
:104C2000C70683A3050083A2450083AF850003AFB9
:104C3000C50083AE050103AE450103A3850183A82A
:104C4000C5019385450223A0770003A8C5FF23A2D1
:104C5000570023A4F70123A6E70123A8D70123AA1D
:104C6000C70123AC670023AE17019387470223AE29
:104C700007FF75B790419107910523AEC7FEE3EB9F
:104C8000D7FEE3E4E7F6828039713EDA2ED232D4E1
:104C900036D63AD842DC46DE9387018822CC804360
:104CA00026CA06CEAA8409C41C4C99E32285892B06
:104CB0000C4454102686228536C6EF00F01AF240C6
:104CC0006244D2442161828001119387018822CC01
:104CD000804306CEAA8519C41C4C89E72AC62285C2
:104CE0000523B245104422856244F24005616F00FD
:104CF000F07C011126CA4AC806CE22CC4EC652C448
:104D0000AA842E8901C51C4D91E3DD299C4C804469
:104D100099E32685F521972700009387E7C8631C50
:104D2000F402C0408357C400A18BB1C71C48A1C77F
:104D3000FD59294A1C4483450900FD17B1E91CC4EB
:104D400063DE07062286A94526857920FD5763087C
:104D5000F502294535A0972700009387E7C663141D
:104D6000F4008044C1B7972700009387E7C1E31B95
:104D7000F4FAC04445BFA2852685392A55D97D5508
:104D8000F2406244D2444249B249224A05618280DB
:104D90001CC4050963D70700184C63CBE70063897F
:104DA00045011C401387170018C02380B70059B76E
:104DB000228626851520E31F35F7D1B71C401387BF
:104DC000170018C029472380E70061B7938701883F
:104DD000AA8588436FF0FFF1011122CC26CA4AC888
:104DE00006CE4EC6AA842E89328401C51C4D91E39D
:104DF000012997270000938727BB6319F406C04059
:104E00001C4C1CC48357C400A18BC9C31C48BDCF14
:104E10001C4808409379F90F1379F90F1D8D5C48F0
:104E20006346F500A2852685652C2DE51C44050505
:104E3000FD171CC41C401387170018C023803701BE
:104E40005C486389A7008357C400858B81CBA94741
:104E50006316F900A285268561240DEDF2406244B7
:104E60004A85D2444249B2490561828097270000B1
:104E7000938787B56314F400804459B797270000DF
:104E8000938787B0E31EF4F6C0449DBFA2852685B4
:104E900021203DDD7D59D9B741119387018826C274
:104EA000844322C44AC006C62A892E8489C49C4CE5
:104EB00099E32685B126972700009387E7AE631C08
:104EC000F402C0400317C40093170701C18393F68F
:104ED0008700B5EE93F607019DEEA5472320F90064
:104EE000136707042316E4007D55B2402244924420
:104EF000024941018280972700009387E7AC631441
:104F0000F4008044C1B7972700009387E7A7E31B0D
:104F1000F4FAC04445BF918B8DC74C5889C993079B
:104F200044046384F5004A85892B232A04028357AD
:104F3000C4002322040093F7B7FD2316F4001C4895
:104F40001CC08357C40093E787002316F4001C4855
:104F500081EF8357C4001307002093F70728638568
:104F6000E700A2854A8595298357C40013F71700E7
:104F700005C75C4823240400B307F0401CCC1C4840
:104F80000145A5F78317C40013F7070839DF93E736
:104F900007042316F40089BF898B014791E3584821
:104FA00018C4F1BF83D7C500011122CC26CA06CE92
:104FB0004AC84EC613F78700AA842E8471EFD841E1
:104FC000634DE000B841634AE0000145F2406244AD
:104FD000D2444249B2490561828058547DD703A921
:104FE00004009396370123A0040063DD0606704891
:104FF0008357C400918B99C75C401D8E5C5899C340
:105000003C401D8E5C540C50814626858297FD578E
:105010000357C400631DF5009440F54763E8D706C5
:10502000B70740208507B3D7D700858BA5C31C4899
:10503000232204001CC09317370163D80700FD57D3
:105040006314F5009C4091E368C84C5823A02401E8
:10505000ADDD930744046384F50026853929232AAE
:105060000402A5B70C500146854626850297FD57D8
:105070002A86E31FF5F69C40A5DF75476385E700A8
:1050800059476394E70423A0240181B713670704F9
:105090002316E4007D551DBF83A90501E38709F2AE
:1050A00003A905008D8B23A0350133093941014740
:1050B00091E3D84918C4E35A20F11C540C50CA8615
:1050C0004E86268582976349A0008357C40093E7E4
:1050D00007042316F4007DBFAA993309A940E1BF54
:1050E0009C49A5C3011122CC06CE2A8411C51C4DB2
:1050F00081E72EC63122B245972700009387C78AE1
:10510000639CF5004C408397C5009DC7228562448F
:10511000F24005616FF01FE9972700009387C78A67
:105120006394F5000C44C5B7972700009387C785A3
:10513000E39BF5FC4C44C1BFF2406244014505616C
:10514000828001458280411122C406C62A8423162A
:10515000B5002317C50023200500232205002324C2
:1051600005002322050623280500232A0500232CF9
:105170000500214681451305C505EFC09DEF971732
:105180000000938767BF5CD0971700009387C7C163
:105190001CD497170000938707C65CD497170000AC
:1051A0009387C7C800D01CD8B240224441018280F6
:1051B00097050000938505F3B1AA411126C2130695
:1051C00080069384F5FFB384C4024AC02E8922C4AA
:1051D00006C693854407B1262A8401CD2320050005
:1051E00023222501310508C4138684068145EFC0BA
:1051F0005DE82285B2402244924402494101828006
:105200001C4DB5E7411106C622C4970700009387DD
:1052100067FA1CD5972700009387C78C9C432324EB
:10522000050423260504232805046314F500854797
:105230001CCD2A84352848C022851D2808C4228513
:10524000052848C4484001469145EFF0DFEF084487
:105250000546A545EFF03FEF48440946C945EFF044
:105260009FEE85471CCCB24022444101828082805F
:105270004111972700009387E78626C284434AC0DE
:1052800006C69C4C22C42A8981E72685EFF05FF789
:10529000938484048044DC40FD1763D607009C405F
:1052A000B9CF8440C5BF0317C40039E7C17785076C
:1052B00023220406232004002322040023240400C4
:1052C0005CC423280400232A0400232C0400214664
:1052D00081451305C405EFC0DDD9232A0402232C20
:1052E000040223240404232604042285B240224419
:1052F00092440249410182801304840671BF9145A2
:105300004A85EFF09FEB88C049FDB1472320F900A3
:105310000144E1BF797122D44AD052CC56CA5AC84E
:105320005EC606D626D24ECE2A8AAE8A13048504DD
:105330000149054BFD5B09ECB25022544A85925459
:105340000259F249624AD24A424BB24B45618280CD
:10535000044483294400FD1963D409000040E1BFDF
:1053600083D7C400637BFB008397E40063877701E6
:10537000A6855285829A3369A90093848406E1BF89
:105380001971A6DAAE848395E500A2DC86DE32844C
:1053900063DC050083D7C40023A0060093F7070849
:1053A00085E7930700401DA0300836C6EF00902E19
:1053B000B246E34105FE7247BD67F98F7977BA9728
:1053C00093B717009CC2F1BF930700041CC0F650AE
:1053D0006654D65401450961828083D7C500011106
:1053E00022CC06CE26CA4AC8898B2E8489CF930741
:1053F00074041CC01CC885475CC8F2406244D24497
:1054000042490561828074003000AA84EFF05FF7A2
:10541000A2452A892685312201ED8317C40013F79E
:10542000072061FFF19B93E727002316F400C1B723
:1054300097070000938707D89CD48357C40008C0FF
:1054400008C893E707082316F400A2475CC8B247D0
:1054500091CF8315E4002685EF00F02601C983571C
:10546000C400F19B93E717002316F4008357C40090
:105470003369F9002316240149B7DDC183A7C5FFAD
:10548000411122C406C626C21384C5FF63D3070098
:105490003E94AA84EF00102B9387C19B9C4381EF1D
:1054A0002322040023AE819A2244B24026859244EE
:1054B00041016F005029637EF40014403307D4008B
:1054C0006396E7009843DC43369718C05CC0D9BFA9
:1054D000BA87D84319C3E37DE4FE94433386D700EB
:1054E000631F86001040B29694C33386D700E31D35
:1054F000C7FA10435843B29694C3D8C375B76375BF
:10550000C400B1479CC04DB71040B306C400631639
:10551000D70014435843B29614C058C0C0C369B7EB
:105520008280011126CA93843500F19806CE22CCE0
:105530004AC84EC6A104B14763F5F404B14463E41C
:10554000B4042A89EF0010209387C19B98433A84C2
:1055500029E49387019C9C4399E781454A85EF00A4
:10556000407E23A0A19CA6854A85EF00807DFD5941
:1055700063193507B1472320F9004A85EF00B01CB5
:1055800029A0E3DE04FAB1471CC10145F2406244A0
:10559000D2444249B249056182801C40858F63CF65
:1055A0000702AD4663F6F6001CC03E9404C031A06D
:1055B0005C406313870223AEF19A4A85EF00B0186E
:1055C0001305B4009307440061993307F5405DDF8C
:1055D0003A94898F1CC05DBF5CC3C5B72287404029
:1055E00085BF130435007198E30285FCB305A44020
:1055F0004A85812FE31C35FBB5BF1C46FD171CC631
:1056000063DA0700184E63C5E700A9476394F50005
:105610006FF08FFC1C422E851387170018C2238061
:10562000B7008280011122CC26CA4AC84EC652C495
:1056300006CE2A89AE893284B304D6007D5A63141B
:105640009400014511A8834504004E864A85EFF079
:10565000DFFA0504E31545FFF2406244D2444249B3
:10566000B249224A05618280357122CD26CB4AC9D2
:105670004EC706CF52C556C35AC1DEDEE2DCE6DABB
:10568000AA89AE843289368409C51C4D99E3EFF0AE
:105690003FB79717000093872731639DF40C83A4CD
:1056A000490083D7C400A18BE5CB9C48F5C793077D
:1056B0000002A304F1029307000302D22305F102C2
:1056C00022C6930B5002971A0000938AEA31054CC8
:1056D000294B4A848347040099C36392770FB30C24
:1056E0002441638E0C00E6864A86A6854E85EFF03F
:1056F0007FF3FD576307F51E9256E69636D2834731
:1057000004006380071EFD571309140002C802CE6F
:105710003ECA02CCA309010482D483450900154680
:105720005685EF00900013041900C24759E913F79A
:10573000070109C713070002A309E10413F7870053
:1057400009C71307B002A309E10483460900130740
:10575000A0026380E608F2474A8481462546034753
:10576000040093051400130707FD6379E60AB5CA20
:105770003ECE85A897170000938707256395F40010
:1057800083A4890039BF971700009387E71FE39A26
:10579000F4F083A4C90031B7A6854E85EFF0CFEFB2
:1057A00019D57D55FA406A44DA444A49BA492A4A29
:1057B0009A4A0A4BF65B665CD65C0D6182800504F2
:1057C00011BF330555413315AC00C98F3EC822893E
:1057D000A9B7324793064700184336C66349070204
:1057E0003ACE034704009307E002631FF704034720
:1057F00014009307A002631BF702B2470904138742
:1058000047009C433AC663C107023ECA35A8330726
:10581000E04093E727003ACE3EC8E1B7B38767037D
:1058200085462E84BA9725BFFD57C5B7050402CA21
:10583000814681472546034704009305140013075A
:1058400007FD6376E606F1F2834504000D46171561
:1058500000001305E519D12D11CD9717000093878E
:1058600027191D8D93070004B397A700424505042F
:105870005D8D2AC8834504001946171500001305DD
:105880006517130914002304B10245253DC197A7EC
:10589000FDFF9387277795E74247B24713770710B5
:1058A00009CF91073EC69257D2973ED21DB5B38716
:1058B000670385462E84BA97BDBF9D07E19BA1076C
:1058C000D5B7780097060000938606D626860C0882
:1058D0004E8597000000E7000000FD572A8AE31478
:1058E000F5FC83D7C40093F70704E39C07EA12553D
:1058F00055BD780097060000938606D326860C08CF
:105900004E85012AD9BF797156CA9C49BA8A9845F1
:1059100022D426D24ECE52CC06D64AD05AC85EC623
:10592000AA892E84B284368A63D3E700BA879CC0E2
:105930000347340419C385079CC01C4093F7070232
:1059400081C79C4089079CC0032904001379690022
:10595000631A0900130B9401FD5B5C449840998F16
:10596000634CF9041C408346340493F70702B336B2
:10597000D000A5EB13063404D2854E85829AFD57DC
:105980006303F5041C4011469840998B54448144AC
:105990006397C700B384E64063D3040081441C448A
:1059A00018486354F700998FBE94014969047D5BE0
:1059B00063982405014509A885465A86D2854E85F7
:1059C000829A631E75017D55B25022549254025939
:1059D000F249624AD24A424BB24B45618280050984
:1059E000ADBF3307D40013060003A301C704034768
:1059F000540493871600A2978906A381E7049DBFEC
:105A000085462286D2854E85829AE30E65FB05097E
:105A100045B7797122D426D24AD04ECE06D652CC82
:105A200056CA5AC8B68983C685019307900632893B
:105A3000AA842E8413863504638DF60263E2D706AA
:105A4000930780056388F61863EDD700638106220B
:105A500093073004638EF60A930A24042301D404C6
:105A6000C9A0930730066385F60A93074006E395BD
:105A7000F6FE1C40084393F6070893054500C5C68B
:105A80001C410CC363D807001307D002B307F040D2
:105A9000A301E40497160000938646F629476DA8F3
:105AA000930700076384F61663E5D7029307E006C1
:105AB000638BF6189307F006E390F6FA0C401C434C
:105AC00013F80508138547006307080608C39C43BD
:105AD0008DA893075007E383F6FE93078007638B37
:105AE000F61293073007E399F6F61C43D04181453F
:105AF0009386470014C383AA070056853D2101C53C
:105B00003305554148C05C401CC8A301040471A87A
:105B10001C43930A2404938647009C4314C3230127
:105B2000F4048547D5B793F607041C410CC3B9DAD2
:105B3000C207C18781BF93F5050408C3C9D983D7BC
:105B400007001307F0066388E60E97160000938699
:105B5000E6EA2947A30104044C400CC463C50500D0
:105B600008406D9908C099E3B28A91CDB28AB3F525
:105B7000E702FD1AB69583C505002380BA00B3D5A8
:105B8000E70263F0E70CA147631EF7001C40858B1A
:105B900091CB58401C4863C7E70093070003A38FCD
:105BA000FAFEFD1A3306564110C84E87CA867000A9
:105BB000A2852685EFF03FD57D5A631E450B7D55A6
:105BC000B250225492540259F249624AD24A424B8C
:105BD00045618280A382D50497160000938606E271
:105BE0000C40084313F805081C411105630D080219
:105BF00008C313F7150001C793E505020CC0414720
:105C0000B1FB0C4093F5F5FD0CC0A9B79C4193E79F
:105C100007029CC193078007A302F40497160000B3
:105C2000938606DF75BF13F8050408C3E30308FC79
:105C3000C207C1837DBF97160000938626DC2147EB
:105C400011BFAE872DB794411C43CC4913F8060809
:105C5000138547006306080008C39C438CC301A852
:105C600008C393F606049C43F5DA2390B700232873
:105C70000400B28A1DBF14485686CA8526858299BB
:105C8000E30F45F31C40898B8DE7B2474844E35945
:105C9000F5F23E8535B785465686CA8526858299B2
:105CA000E30F65F1050A5C443247998FE345FAFE3C
:105CB000E9BF014A930A94017D5BF5B7011122CC3B
:105CC00006CE2A8409C91C4D99E732C62EC4EFF0CE
:105CD0002FD33246A245971700009387E7CC63166F
:105CE000F60250401C46FD171CC663D00704184E30
:105CF00063C7E70093F7F50F29476398E70222850A
:105D00006244F24005616FF02F8D97170000938772
:105D1000A7CB6314F6001044F1B7971700009387E0
:105D2000A7C6E311F6FC504475BF1C4213F5F50FEE
:105D30001387170018C22380B700F2406244056140
:105D40008280411122C42A842E8597E7FD1F23A754
:105D5000077006C6EFD06D8AFD576319F50097E707
:105D6000FD1F9387A76F9C4391C31CC0B240224480
:105D700041018280411122C42E848395E50006C62C
:105D8000E122634905007C48AA977CC8B2402244BE
:105D9000410182808357C4007D777D17F98F2316D8
:105DA000F400EDB783D7C500011122CC26CA4AC83A
:105DB0004EC606CE93F70710AA842E843289B68980
:105DC00091C78395E5008946014635228357C40073
:105DD0007D777D17F98F2316F4008315E400624464
:105DE000F240CE864A86B24942492685D2440561B0
:105DF0003DA8411122C42E848395E50006C6E528FE
:105E0000FD570357C400631BF500FD77FD17F98F9D
:105E10002316F400B2402244410182808567D98F65
:105E20002316F40068C8FDB78395E50025A8411145
:105E300022C42A842E85B285368697E7FD1F23AFBC
:105E4000076006C6EFC0FDF8FD576319F50097E738
:105E5000FD1F9387A7609C4391C31CC0B24022449E
:105E600041018280411122C42A842E8597E7FD1FBB
:105E700023A6075E06C61922FD576319F50097E7AA
:105E8000FD1F9387A75D9C4391C31CC0B240224471
:105E900041018280411122C42A842E85B28597E770
:105EA000FD1F23AD075A06C6D520FD576319F5001F
:105EB00097E7FD1F9387875A9C4391C31CC0B2404C
:105EC000224441018280411122C42A842E8597E711
:105ED000FD1F23A5075806C6D120FD576319F500FD
:105EE00097E7FD1F938787579C4391C31CC0B2401F
:105EF000224441018280411122C42A842E85B28528
:105F0000368697E7FD1F23AB075406C64520FD578D
:105F10006319F50097E7FD1F938747549C4391C38E
:105F20001CC0B24022444101828093F5F50F2A96AD
:105F30006314C5000145828083470500E38DB7FEE9
:105F40000505FDB782808280411122C42A842E85F6
:105F5000B285368697E7FD1F23A2075006C6B928EB
:105F6000FD576319F50097E7FD1F9387274F9C4363
:105F700091C31CC0B2402244410182809307800536
:105F800017E7FD1F232CF74C7D5582809307800572
:105F900017E7FD1F2324F74C7D558280930780056A
:105FA00017E7FD1F232CF74A0145828093078005E0
:105FB00017E7FD1F2324F74A7D558280930780054C
:105FC00017E7FD1F232CF7487D558280F401FA0066
:105FD000960064004B0032001E00140044CCFDFF0C
:105FE0006CCCFDFF94CCFDFFACCCFDFFC6CCFDFF1F
:105FF000D6CCFDFFFECCFDFF26CDFDFF3ECDFDFF47
:1060000058CDFDFFFE006578706572696D656E7430
:10601000616C00004669726D776172652052657629
:106020006973696F6E000000486172647761726520
:10603000205265766973696F6E0000004D616E7560
:106040006661637475726572204E616D6500000053
:106050004D6F64656C204E756D62657200000000C6
:1060600053657269616C204E756D62657200000047
:10607000536F667477617265205265766973696FD4
:106080006E00000072656376207363616E20526556
:106090007120616464722000253032782000000095
:1060A000506879207570646174652052783A25785B
:1060B0002054783A2578202E2E0A0000557064610D
:1060C0007465202564202D20496E74203078257851
:1060D000202D204C6174656E63792025640A0000D0
:1060E00005010906A101050719E029E715002501A9
:1060F0007501950881029501750881019505750165
:10610000050819012905910295017503910195066C
:106110007508150025650507190029658100C0006F
:1061200043483539785F424C455F4C49425F5631B0
:106130002E340000686561642066696C65206572B4
:10614000726F722E2E2E00004C494220696E6974C7
:10615000206572726F7220636F64653A2025782023
:106160002E2E2E0A000000002A20000000E1FDFF74
:1061700020E1FDFF9AE1FDFF52E1FDFF86E1FDFF19
:10618000F0E1FDFF53656E6420506879205570641E
:106190006174652025782E2E2E0A0000484944207F
:1061A0004B6579626F6172640000000000000000BE
:1061B00000000000496E697469616C697A65642E3B
:1061C0002E0000004164766572746973696E672EF3
:1061D0002E000000436F6E6E65637465642E2E00A2
:1061E000436F6E6E65637465642041647665727496
:1061F0006973696E672E2E0057616974696E672036
:10620000666F72206164766572746973696E672E59
:106210002E000000446973636F6E6E65637465647D
:106220002E2E20526561736F6E3A25780A000000A9
:106230004164766572746973696E672074696D650F
:106240006F75742E2E0000004572726F72202578D3
:10625000202E2E0A00000000410000000010000067
:10626000410000000020000042000000100000007B
:10627000420000008000000041000000100000000B
:106280004100000020000000410000000004000068
:106290004100000000080000843CFEFFF83CFEFFC7
:1062A0006C3DFEFF6C3DFEFF083DFEFF6C3DFEFFBA
:1062B000203DFEFF423DFEFF6C3DFEFF5C3DFEFFCC
:1062C000B03DFEFFD03DFEFF4C3EFEFFE23DFEFF37
:1062D0004C3EFEFF4C3EFEFF4C3EFEFF043EFEFFEA
:1062E0004C3EFEFF4C3EFEFF4C3EFEFF283EFEFFB6
:1062F0004AC601008AA6000086C601000CB4000050
:1063000002C70100D8B30000BCC70100A4B300005D
:1063100058C8010022BF0000A6C8010022BF00002B
:1063200000C9010074BE0000BCC7010044B30000F6
:1063300094C9010090B600000000000000000000B9
:10634000DEC901001CB7000050CA01000EA7000002
:10635000A690FEFFA690FEFFCC90FEFFE490FEFF0D
:10636000EC90FEFFF490FEFFFC90FEFF0491FEFF18
:106370000C91FEFF1491FEFF1C91FEFF5891FEFF51
:106380006091FEFF2491FEFF010102010201010262
:1063900001020404060104010101010104040201D7
:1063A00004000000010102010201010201010404D4
:1063B00006010401010101010401020101000000C4
:1063C0005E9EFEFF6A9EFEFFAC9EFEFFD69FFEFF16
:1063D000E09FFEFF24A0FEFF66A0FEFFA4A0FEFF3C
:1063E000DCA0FEFF749FFEFF10A1FEFF9EA1FEFF3A
:1063F000E0ADFEFFBCADFEFFE0B0FEFF3CB1FEFF36
:106400004CB4FEFF66B2FEFFACB2FEFFF0B2FEFF80
:1064100028B3FEFF6CB3FEFFBCADFEFFB0B3FEFFC2
:1064200026B4FEFF00000000000000000000000095
:10643000000000875E350100D246010034360100BD
:106440003447010058360100F836010026370100B4
:106450006A3701003E460100AE450100CA3801001E
:10646000F6380100683901000E3A01001E450100AE
:10647000304401003E430100762A0100C03A010089
:10648000143B01004E4A0100E6490100463B010071
:10649000EE3C0100423E0100CC3E0100F83E01000E
:1064A000A44A0100A84A01008E3F0100D03F01002C
:1064B000AC4A0100B04A0100B44A0100B84A0100E8
:1064C000A04801001A400100F8400100BC4A010048
:1064D000C04A0100A441010004430100434835398A
:1064E000785F424C455F4C49425F56312E342E3224
:1064F00000000000E83DFFFFF63DFFFFFE3DFFFF0F
:10650000043EFFFF0A3EFFFF2A3EFFFF323EFFFF31
:10651000383EFFFF423EFFFF483EFFFF4E3EFFFF7B
:10652000543EFFFF5A3EFFFF663EFFFF6C3EFFFFFB
:10653000723EFFFFB43EFFFF783EFFFF7E3EFFFF4F
:10654000843EFFFF8A3EFFFF963EFFFFB43EFFFF03
:10655000B43EFFFFB43EFFFFB43EFFFFB43EFFFF7B
:10656000B43EFFFFB43EFFFFB43EFFFFA03EFFFF7F
:10657000903EFFFFB43EFFFFA63EFFFFAE3EFFFF93
:10658000FA43FFFF2644FFFF4844FFFF5E44FFFF3E
:106590007244FFFF8E44FFFFAC44FFFFBC44FFFF8B
:1065A000D644FFFFEC44FFFF0E45FFFF2445FFFFED
:1065B0003845FFFF4C45FFFF6A45FFFF7A45FFFF67
:1065C0009445FFFF4247FFFF5647FFFF6C47FFFF21
:1065D0008A47FFFF0449FFFFD247FFFFB445FFFF93
:1065E000E847FFFFF847FFFF0E46FFFF0E46FFFF9D
:1065F000E646FFFFF046FFFF0048FFFFAC47FFFF06
:106600001048FFFF8248FFFFC848FFFF884CFFFF8C
:10661000EC48FFFFEC48FFFFD64BFFFF8049FFFF30
:10662000CE48FFFF7E4CFFFFEC48FFFF784BFFFF9B
:106630000E4CFFFFEC48FFFFEC48FFFFEC48FFFF6C
:10664000EC48FFFFEC48FFFFEC48FFFFEC48FFFF82
:10665000EC48FFFFEC48FFFFEC48FFFF4249FFFF1B
:10666000224EFFFF204FFFFFEA4EFFFF604FFFFF6C
:10667000604FFFFFF04FFFFF4450FFFF204FFFFF31
:10668000204FFFFF204FFFFF204FFFFF204FFFFF56
:10669000204FFFFF204FFFFF204FFFFF204FFFFF46
:1066A000204FFFFF204FFFFF204FFFFF6850FFFFED
:1066B0006850FFFF204FFFFF204FFFFF204FFFFFDD
:1066C000204FFFFF204FFFFF204FFFFFDA50FFFF5B
:1066D000DA50FFFFD655FFFFE455FFFFFA55FFFFE5
:1066E0000656FFFF1A56FFFF2656FFFF3056FFFFE4
:1066F0003856FFFF4056FFFF4A56FFFF5456FFFF34
:106700006056FFFF6A56FFFF7456FFFF8056FFFF7B
:10671000D656FFFFD656FFFF8A56FFFF9856FFFF5B
:10672000A256FFFFAC56FFFFB656FFFFBE56FFFF57
:10673000CC56FFFFB656FFFFD256FFFFE656FFFFCF
:106740006659FFFFFE56FFFF7057FFFF8457FFFF9C
:106750009857FFFFB457FFFFD057FFFFE457FFFFE5
:106760000058FFFF6659FFFF1C58FFFF6659FFFFE7
:106770006659FFFF3258FFFF5A58FFFF8258FFFF4C
:106780009E58FFFFB458FFFFC658FFFF1859FFFF80
:10679000FB349B5F800000800010000000000000C0
:1067A000070B0D1113171D1F25292B2F353B3D43BB
:1067B00047494F535961FF00908EFFFFCC8EFFFF7A
:1067C000F48FFFFF9890FFFFA890FFFF9291FFFFCB
:1067D0002E91FFFF0892FFFFB692FFFF1C8EFFFF76
:1067E000A08FFFFF448FFFFF7E91FFFFBC2A0200B6
:1067F000942202004A2202006A2702003A2702007D
:106800000C270200CC2602009E26020080280200EF
:10681000842802001825020088280200D8240200DB
:106820008C280200B4240200902802008624020072
:10683000762402003E240200942802001C24020058
:10684000982802009C280200A0280200A428020028
:106850004E22020062220200A8280200AC28020098
:10686000B0280200B428020078280200B2230200F7
:10687000282302007C28020016280200B02702000C
:10688000662202000001020203030303040404045D
:1068900004040404050505050505050505050505AC
:1068A000050505050606060606060606060606068C
:1068B0000606060606060606060606060606060678
:1068C000060606060707070707070707070707075C
:1068D0000707070707070707070707070707070748
:1068E0000707070707070707070707070707070738
:1068F0000707070707070707070707070707070728
:10690000070707070808080808080808080808080B
:1069100008080808080808080808080808080808F7
:1069200008080808080808080808080808080808E7
:1069300008080808080808080808080808080808D7
:1069400008080808080808080808080808080808C7
:1069500008080808080808080808080808080808B7
:1069600008080808080808080808080808080808A7
:106970000808080808080808080808080808080897
:1069800008080808000000000000000000000000E7
:1069900000000000000000000000000000000000F7
:1069A00000000000000000000000000000000000E7
:1069B00000000000000000000000000000000000D7
:1069C00000000000000000000000000000000000C7
:1069D00000000000000000000000000000000000B7
:1069E00000000000232D302B20000000686C4C00BC
:1069F00065666745464700003031323334353637F7
:106A000038394142434445460000000030313233BA
:106A100034353637383961626364656600000000DA
:106A2000192A00000F18000002000000246A02006A
:106A30002A2A0000262A0000272A0000292A00000E
:106A4000242A0000502A0000252A00000A1800000D
:106A5000020000004C6A0200282A0000232A0000DD
:106A6000222A0000322A00004C2A000011010001F5
:106A70004A2A00004E2A00004B2A00004D2A00003E
:106A80001218000002000000806A02004F2A000075
:106A9000312A00001318000002000000946A02006E
:106AA00002000000C06A0200012A0000A62A0000BD
:106AB0000328000002290000002A00000729000026
:106AC000001800000118000002280000042A00003D
:106AD000002800000829000001280000052A000005
:046AE000E02400208E
:106AE40002000000D06A020001000000286A0200CF
:106AF40002000000B06A02000100000045250020E9
:106B040002000000206A0200010000004425002069
:106B140002000000B46A0200030000000427002001
:106B240002000000D46A0200010000004C2500208D
:106B3400662F0000082F0000000000000200000083
:106B4400D06A020001000000506A02000200000046
:106B5400B06A0200010000005E250020020000006F
:106B64005C6A020001000000DC2500200200000035
:106B7400B06A02000100000052250020020000005B
:106B8400406A0200010000005060020002000000A0
:106B9400B06A0200010000005C2500200200000031
:106BA400486A020001000000606002000200000068
:106BB400B06A0200010000004F250020020000001E
:106BC400346A0200010000001460020002000000A8
:106BD400B06A0200010000005025002002000000FD
:106BE400386A020001000000286002000200000070
:106BF400B06A0200010000005D25002002000000D0
:106C0400586A0200010000007060020002000000E7
:106C1400B06A0200010000005125002002000000BB
:106C24003C6A0200010000003C6002000200000017
:106C3400B06A0200010000004E250020020000009E
:106C4400306A02000100000004600200020000003B
:106C5400B06A0200010000005B2500200200000071
:106C6400446A020001000000542500207C31000029
:106C74000000000000000000FA330000D2330000DE
:106C84000000000016350000000000005C33000026
:106C940002000000D06A020001000000846A0200C1
:106CA40002000000C86A020001000000042600205F
:106CB40002000000B06A020001000000622500200A
:106CC40002000000706A0200400000006C6A0200CA
:106CD40002000000B06A0200010000005F250020ED
:106CE40002000000686A020080000000FD25002008
:106CF40002000000B06A02000100000064250020C8
:106D040002000000746A0200C00000006325002035
:106D140002000000B06A0200010000006C2500209F
:106D240002000000786A020040000000E0600200F7
:106D340002000000BC6A020001000000602500207F
:106D440002000000B06A0200010000006825002073
:106D5400020000007C6A02004000000001260020BE
:106D640002000000B46A0200810000002427002011
:106D740002000000D46A0200010000007425002013
:106D840002000000B06A0200010000006925002032
:106D9400020000007C6A0200C000000002260020FD
:106DA40002000000D46A02000100000078250020DF
:106DB40002000000B06A0200010000006525002006
:106DC40002000000606A020040000000FE2500206E
:106DD40002000000B46A02008100000014270020B1
:106DE40002000000B06A02000100000066250020D5
:106DF40002000000646A0200C0000000FF250020B9
:106E040002000000B06A02000100000067250020B3
:106E1400020000007C6A0200C0000000002600207E
:106E240002000000D46A0200010000007025002066
:106E3400E0370000E4380000000000000200000019
:106E4400D06A020001000000986A020002000000FB
:106E5400B06A0200010000007A2500200200000050
:106E64008C6A020080000000082600200200000056
:106E7400B06A0200010000007B250020020000002F
:106E8400906A0200000000000C26002002000000AE
:106E9400B46A0200810000006C270020CE3B000091
:106EA400D23B000000000000704300004A42000092
:106EB400000000004C4200000D09484944204B6585
:106EC4007962726F616405120800080005021218E5
:106ED4000F18020A000000001E0001001F0001003C
:106EE4002000010021000100140001001A0001002B
:106EF4000800010015000100040001001600010053
:106F040007000100090001002A0001002C00010013
:106F1400280001000000010002000000D06A020005
:106F240001000000A06A020002000000B06A020032
:106F3400010000009B25002002000000B86A020046
:106F4400010000000000000002000000B06A02001E
:106F5400010000009825002002000000A86A020039
:106F6400010000007026002002000000B06A020048
:106F7400010000009C25002002000000CC6A0200F1
:106F840001000000A025002002000000B06A0200F9
:106F9400010000009A25002002000000AC6A0200F3
:106FA4000100000099250020E29A0000389C0000AE
:106FB4000000000002000000D06A0200010000008E
:106FC400AC25002002000000B06A020001000000AD
:106FD400B725002002000000DC6A02000000000067
:106FE4000000000002000000B46A02000300000078
:106FF40000000000000000009CA800000000000049
:1070040000000000A4690200C4690200846902004F
:10701400000000000000000000000000000000006C
:10702400000000000000000000000000000000005C
:10703400000000000000000000000000000000004C
:10704400000000000000000000000000000000003C
:10705400000000000000000000000000000000002C
:107064005C44002064129901110100000401020231
:107074000202020001D7070000100102020202040A
:10708400192A020106120E0A120E3F000200000025
:10709400000300000001000000020410FF000000D3
:1070A4000201050319C1030060EA000001000000A9
:1070B400FEFFFF00C3812F01020102020200000053
:1070C4005000A0000000E803FFFF000002000000E1
:1070D400C46A02000100FF20010502010110010140
:0870E400E02400200000000080
:00000001FF
